round,send_time,recv_time,rtt,status
3,1773967510.3939433,1773967512.3244765,1.9305331707000732,success
4,1773967517.664659,1773967519.5010614,1.836402416229248,success
5,1773967524.7968228,1773967526.658441,1.8616182804107666,success
6,1773967531.780936,1773967533.8441684,2.063232421875,success
7,1773967538.922918,1773967540.9970355,2.074117422103882,success
"sender: client73, message: > hello from client73"
8,1773967546.129429,1773967548.1682665,2.038837432861328,success
"sender: client73, message: > hello from client73"
9,1773967553.3264868,1773967555.339156,2.012669086456299,success
"sender: client73, message: > hello from client73"
10,1773967560.4958897,1773967562.5235958,2.0277061462402344,success
"sender: client73, message: > hello from client73"
11,1773967567.689432,1773967569.718398,2.028966188430786,success
"sender: client73, message: > hello from client73"
12,1773967574.8261614,1773967576.882413,2.0562515258789062,success
"sender: client73, message: > hello from client73"
13,1773967582.0375004,1773967584.0724287,2.034928321838379,success
"sender: client73, message: > hello from client73"
14,1773967589.2012405,1773967591.237998,2.036757469177246,success
"sender: client73, message: > hello from client73"
15,1773967596.4066403,1773967598.416988,2.010347604751587,success
16,1773967603.592357,1773967605.628498,2.0361411571502686,success
"sender: client73, message: > hello from client73"
17,1773967610.7354803,1773967612.7795975,2.0441172122955322,success
"sender: client73, message: > hello from client73"
18,1773967617.933489,1773967619.9594653,2.0259761810302734,success
"sender: client73, message: > hello from client73"
19,1773967625.1111217,1773967627.139004,2.0278823375701904,success
20,1773967632.28671,1773967634.3213844,2.0346744060516357,success
"sender: client73, message: > hello from client73"
