round,send_time,recv_time,rtt,status
4,1773967517.6418316,1773967519.5031075,1.8612759113311768,success
5,1773967524.7908354,1773967526.6601124,1.869277000427246,success
6,1773967531.93278,1773967533.8351302,1.9023501873016357,success
7,1773967538.9014597,1773967540.9979653,2.096505641937256,success
"sender: client188, message: > hello from client188"
8,1773967546.1090868,1773967548.1783748,2.0692880153656006,success
"sender: client188, message: > hello from client188"
9,1773967553.3031251,1773967555.34734,2.044214963912964,success
"sender: client188, message: > hello from client188"
10,1773967560.4808912,1773967562.5328286,2.0519373416900635,success
"sender: client188, message: > hello from client188"
11,1773967567.671644,1773967569.715355,2.043710947036743,success
"sender: client188, message: > hello from client188"
12,1773967574.8565478,1773967576.8801296,2.0235817432403564,success
"sender: client188, message: > hello from client188"
13,1773967582.0391245,1773967584.0566242,2.0174996852874756,success
"sender: client188, message: > hello from client188"
14,1773967589.2101147,1773967591.2421246,2.0320098400115967,success
"sender: client188, message: > hello from client188"
15,1773967596.3925822,1773967598.4212458,2.0286636352539062,success
16,1773967603.5834985,1773967605.62919,2.04569149017334,success
"sender: client188, message: > hello from client188"
17,1773967610.756876,1773967612.7759,2.019023895263672,success
"sender: client188, message: > hello from client188"
18,1773967617.9325256,1773967619.9537203,2.0211946964263916,success
"sender: client188, message: > hello from client188"
19,1773967625.1260006,1773967627.1445007,2.0185000896453857,success
"sender: client188, message: > hello from client188"
20,1773967632.282358,1773967634.337265,2.0549070835113525,success
"sender: client188, message: > hello from client188"
