round,send_time,recv_time,rtt,status
2,1773967503.1859715,1773967505.1794631,1.9934916496276855,success
3,1773967510.402992,1773967512.3303995,1.9274075031280518,success
4,1773967517.623204,1773967519.4960494,1.8728454113006592,success
5,1773967524.7422953,1773967526.657561,1.9152657985687256,success
6,1773967531.9356725,1773967533.8290153,1.8933427333831787,success
7,1773967539.0692623,1773967541.0085607,1.939298391342163,success
"sender: client59, message: > hello from client59"
8,1773967546.1483214,1773967548.1581793,2.0098578929901123,success
9,1773967553.326466,1773967555.339454,2.0129878520965576,success
"sender: client59, message: > hello from client59"
10,1773967560.5037088,1773967562.52235,2.018641233444214,success
11,1773967567.6765745,1773967569.7187407,2.042166233062744,success
"sender: client59, message: > hello from client59"
12,1773967574.8497736,1773967576.8879254,2.038151741027832,success
"sender: client59, message: > hello from client59"
13,1773967582.0354352,1773967584.060653,2.0252177715301514,success
"sender: client59, message: > hello from client59"
14,1773967589.2010102,1773967591.2421618,2.041151523590088,success
"sender: client59, message: > hello from client59"
15,1773967596.3791053,1773967598.4163306,2.0372252464294434,success
"sender: client59, message: > hello from client59"
16,1773967603.608061,1773967605.6083887,2.0003275871276855,success
"sender: client59, message: > hello from client59"
17,1773967610.7463865,1773967612.789122,2.0427355766296387,success
"sender: client59, message: > hello from client59"
18,1773967617.9314432,1773967619.9527497,2.0213065147399902,success
"sender: client59, message: > hello from client59"
19,1773967625.1471841,1773967627.1392848,1.992100715637207,success
"sender: client59, message: > hello from client59"
20,1773967632.2997568,1773967634.3134894,2.013732671737671,success
"sender: client59, message: > hello from client59"
