round,send_time,recv_time,rtt,status
2,1773967503.1997845,1773967505.1777668,1.9779822826385498,success
3,1773967510.3969333,1773967512.3297832,1.9328498840332031,success
4,1773967517.6589959,1773967519.492335,1.8333392143249512,success
5,1773967524.7793717,1773967526.655654,1.8762822151184082,success
6,1773967531.9090662,1773967533.829443,1.9203767776489258,success
7,1773967538.9970572,1773967540.9996433,2.0025861263275146,success
"sender: client29, message: > hello from client29"
8,1773967546.1263273,1773967548.1584957,2.032168388366699,success
"sender: client29, message: > hello from client29"
9,1773967553.3234189,1773967555.3384497,2.015030860900879,success
"sender: client29, message: > hello from client29"
10,1773967560.4958951,1773967562.5226018,2.0267066955566406,success
"sender: client29, message: > hello from client29"
11,1773967567.641404,1773967569.7181606,2.076756715774536,success
"sender: client29, message: > hello from client29"
12,1773967574.85944,1773967576.877921,2.0184810161590576,success
"sender: client29, message: > hello from client29"
13,1773967582.023274,1773967584.073109,2.049834966659546,success
"sender: client29, message: > hello from client29"
14,1773967589.2213461,1773967591.2374904,2.016144275665283,success
"sender: client29, message: > hello from client29"
15,1773967596.371964,1773967598.4164462,2.0444822311401367,success
"sender: client29, message: > hello from client29"
16,1773967603.6059175,1773967605.6062555,2.000338077545166,success
"sender: client29, message: > hello from client29"
17,1773967610.769188,1773967612.7706397,2.0014517307281494,success
"sender: client29, message: > hello from client29"
18,1773967617.9151125,1773967619.9480264,2.03291392326355,success
"sender: client29, message: > hello from client29"
19,1773967625.1392753,1773967627.1378572,1.998581886291504,success
"sender: client29, message: > hello from client29"
20,1773967632.2662473,1773967634.312663,2.0464158058166504,success
"sender: client29, message: > hello from client29"
