round,send_time,recv_time,rtt,status
5,1773967524.7828948,1773967526.6665013,1.8836064338684082,success
6,1773967531.7994852,1773967533.8431344,2.043649196624756,success
"sender: client198, message: > hello from client198"
7,1773967539.0724716,1773967540.9927413,1.9202697277069092,success
8,1773967546.1097095,1773967548.177309,2.0675995349884033,success
"sender: client198, message: > hello from client198"
9,1773967553.3208492,1773967555.344362,2.023512840270996,success
10,1773967560.497389,1773967562.5335512,2.0361621379852295,success
"sender: client198, message: > hello from client198"
11,1773967567.6729887,1773967569.7140968,2.0411081314086914,success
"sender: client198, message: > hello from client198"
12,1773967574.8288891,1773967576.8808665,2.0519773960113525,success
"sender: client198, message: > hello from client198"
13,1773967582.029653,1773967584.0752006,2.0455474853515625,success
14,1773967589.193737,1773967591.2504458,2.056708812713623,success
"sender: client198, message: > hello from client198"
15,1773967596.4071217,1773967598.4206557,2.0135340690612793,success
"sender: client198, message: > hello from client198"
16,1773967603.5801024,1773967605.634893,2.054790496826172,success
"sender: client198, message: > hello from client198"
17,1773967610.742916,1773967612.7849674,2.042051315307617,success
"sender: client198, message: > hello from client198"
18,1773967617.9355724,1773967619.9510863,2.0155138969421387,success
"sender: client198, message: > hello from client198"
19,1773967625.1493137,1773967627.1456647,1.9963510036468506,success
"sender: client198, message: > hello from client198"
20,1773967632.3016427,1773967634.317745,2.0161023139953613,success
"sender: client198, message: > hello from client198"
