round,send_time,recv_time,rtt,status
4,1773967517.664237,1773967519.5025978,1.8383607864379883,success
5,1773967524.80384,1773967526.662487,1.858647108078003,success
6,1773967531.8057482,1773967533.8418615,2.0361132621765137,success
7,1773967539.052588,1773967541.01506,1.9624719619750977,success
"sender: client153, message: > hello from client153"
8,1773967546.1275036,1773967548.1667757,2.0392720699310303,success
"sender: client153, message: > hello from client153"
9,1773967553.3159542,1773967555.3448188,2.028864622116089,success
"sender: client153, message: > hello from client153"
10,1773967560.5101683,1773967562.531028,2.020859718322754,success
"sender: client153, message: > hello from client153"
11,1773967567.686349,1773967569.7124078,2.0260589122772217,success
"sender: client153, message: > hello from client153"
12,1773967574.8605444,1773967576.8796437,2.019099235534668,success
"sender: client153, message: > hello from client153"
13,1773967582.0430174,1773967584.0742471,2.0312297344207764,success
"sender: client153, message: > hello from client153"
14,1773967589.2154484,1773967591.2511647,2.0357162952423096,success
"sender: client153, message: > hello from client153"
15,1773967596.3719542,1773967598.4215434,2.049589157104492,success
16,1773967603.607954,1773967605.634918,2.026963949203491,success
17,1773967610.7356217,1773967612.7771993,2.0415775775909424,success
"sender: client153, message: > hello from client153"
18,1773967617.9019172,1773967619.9553106,2.0533933639526367,success
"sender: client153, message: > hello from client153"
19,1773967625.1112154,1773967627.1453555,2.034140110015869,success
20,1773967632.4069421,1773967634.3274972,1.9205551147460938,success
"sender: client153, message: > hello from client153"
