round,send_time,recv_time,rtt,status
4,1773967517.634762,1773967519.5091624,1.8744003772735596,success
5,1773967524.74503,1773967526.6754668,1.9304368495941162,success
6,1773967531.777504,1773967533.8300133,2.052509307861328,success
7,1773967539.004351,1773967541.0162885,2.0119376182556152,success
"sender: client151, message: > hello from client151"
8,1773967546.140985,1773967548.172848,2.03186297416687,success
"sender: client151, message: > hello from client151"
9,1773967553.3246574,1773967555.3441246,2.0194671154022217,success
10,1773967560.477457,1773967562.5441027,2.066645622253418,success
"sender: client151, message: > hello from client151"
11,1773967567.6661625,1773967569.7194655,2.0533030033111572,success
12,1773967574.8241313,1773967576.8828557,2.0587244033813477,success
"sender: client151, message: > hello from client151"
13,1773967582.0277834,1773967584.0769372,2.0491538047790527,success
"sender: client151, message: > hello from client151"
14,1773967589.2199233,1773967591.249869,2.0299458503723145,success
"sender: client151, message: > hello from client151"
15,1773967596.399763,1773967598.4253833,2.025620222091675,success
"sender: client151, message: > hello from client151"
16,1773967603.5754547,1773967605.6298864,2.054431676864624,success
"sender: client151, message: > hello from client151"
17,1773967610.7664773,1773967612.7709627,2.0044853687286377,success
"sender: client151, message: > hello from client151"
18,1773967617.9252994,1773967619.961274,2.0359745025634766,success
"sender: client151, message: > hello from client151"
19,1773967625.147253,1773967627.14127,1.9940168857574463,success
"sender: client151, message: > hello from client151"
20,1773967632.2620037,1773967634.3243897,2.0623860359191895,success
"sender: client151, message: > hello from client151"
