round,send_time,recv_time,rtt,status
3,1773967510.3807213,1773967512.330746,1.9500246047973633,success
4,1773967517.6697965,1773967519.5025094,1.8327128887176514,success
5,1773967524.7712395,1773967526.6575737,1.8863341808319092,success
6,1773967531.7926185,1773967533.8446798,2.0520613193511963,success
"sender: client107, message: > hello from client107"
7,1773967539.0548966,1773967540.992479,1.9375824928283691,success
8,1773967546.1417577,1773967548.1620522,2.020294427871704,success
"sender: client107, message: > hello from client107"
9,1773967553.2873542,1773967555.3395634,2.0522091388702393,success
"sender: client107, message: > hello from client107"
10,1773967560.5089548,1773967562.5231853,2.014230489730835,success
"sender: client107, message: > hello from client107"
11,1773967567.6863077,1773967569.7191799,2.032872200012207,success
"sender: client107, message: > hello from client107"
12,1773967574.8503783,1773967576.8784935,2.0281152725219727,success
"sender: client107, message: > hello from client107"
13,1773967582.022269,1773967584.0762784,2.054009437561035,success
"sender: client107, message: > hello from client107"
14,1773967589.2139363,1773967591.2426522,2.0287158489227295,success
"sender: client107, message: > hello from client107"
15,1773967596.3871405,1773967598.4197488,2.0326082706451416,success
"sender: client107, message: > hello from client107"
16,1773967603.5839932,1773967605.627288,2.043294906616211,success
"sender: client107, message: > hello from client107"
17,1773967610.7387557,1773967612.7764337,2.0376780033111572,success
"sender: client107, message: > hello from client107"
18,1773967617.9065502,1773967619.9491923,2.042642116546631,success
"sender: client107, message: > hello from client107"
19,1773967625.137145,1773967627.1401672,2.0030221939086914,success
"sender: client107, message: > hello from client107"
20,1773967632.235637,1773967634.336983,2.101346015930176,success
"sender: client107, message: > hello from client107"
