round,send_time,recv_time,rtt,status
3,1773960717.017018,1773960718.8542163,1.837198257446289,success
4,1773960724.1481607,1773960725.9425066,1.7943458557128906,success
5,1773960731.0636098,1773960733.0562675,1.9926576614379883,success
6,1773960738.1996536,1773960740.1259284,1.9262747764587402,success
"sender: client153, message: > hello from client153"
7,1773960745.2624955,1773960747.2146432,1.9521477222442627,success
"sender: client153, message: > hello from client153"
8,1773960752.3370633,1773960754.3092399,1.9721765518188477,success
"sender: client153, message: > hello from client153"
9,1773960759.4677992,1773960761.3994534,1.9316542148590088,success
10,1773960766.5451512,1773960768.4998088,1.9546575546264648,success
"sender: client153, message: > hello from client153"
11,1773960773.6379337,1773960775.5736678,1.9357340335845947,success
"sender: client153, message: > hello from client153"
12,1773960780.8798802,1773960782.6662903,1.7864100933074951,success
13,1773960787.788134,1773960789.7574794,1.9693453311920166,success
"sender: client153, message: > hello from client153"
14,1773960794.9465816,1773960796.8404129,1.8938312530517578,success
"sender: client153, message: > hello from client153"
15,1773960801.967667,1773960803.9233656,1.9556984901428223,success
"sender: client153, message: > hello from client153"
16,1773960809.060182,1773960811.009741,1.949558973312378,success
"sender: client153, message: > hello from client153"
17,1773960816.1627011,1773960818.108506,1.9458048343658447,success
"sender: client153, message: > hello from client153"
18,1773960823.2108867,1773960825.1897006,1.978813886642456,success
"sender: client153, message: > hello from client153"
19,1773960830.3277109,1773960832.2650275,1.937316656112671,success
"sender: client153, message: > hello from client153"
20,1773960837.3525684,1773960839.3882165,2.0356481075286865,success
"sender: client153, message: > hello from client153"
21,1773960844.5306215,1773960846.4873621,1.9567406177520752,success
"sender: client153, message: > hello from client153"
22,1773960851.6569471,1773960853.5509596,1.894012451171875,success
"sender: client153, message: > hello from client153"
23,1773960858.7168481,1773960860.645965,1.92911696434021,success
24,1773960865.7548747,1773960867.7196558,1.9647810459136963,success
"sender: client153, message: > hello from client153"
