round,send_time,recv_time,rtt,status
3,1773960717.0483725,1773960718.849656,1.801283597946167,success
4,1773960724.048695,1773960725.9411776,1.8924825191497803,success
5,1773960731.1971953,1773960733.0595546,1.8623592853546143,success
6,1773960738.186659,1773960740.1245086,1.937849521636963,success
"sender: client87, message: > hello from client87"
7,1773960745.2521822,1773960747.2133484,1.9611661434173584,success
"sender: client87, message: > hello from client87"
8,1773960752.3364522,1773960754.3014205,1.964968204498291,success
"sender: client87, message: > hello from client87"
9,1773960759.4553385,1773960761.389511,1.9341726303100586,success
"sender: client87, message: > hello from client87"
10,1773960766.5252285,1773960768.4879966,1.9627680778503418,success
"sender: client87, message: > hello from client87"
11,1773960773.6341865,1773960775.5678747,1.9336881637573242,success
"sender: client87, message: > hello from client87"
12,1773960780.8416226,1773960782.6647334,1.823110818862915,success
"sender: client87, message: > hello from client87"
13,1773960787.805447,1773960789.7591038,1.9536566734313965,success
"sender: client87, message: > hello from client87"
14,1773960794.94235,1773960796.834731,1.892381191253662,success
"sender: client87, message: > hello from client87"
15,1773960802.047619,1773960803.9226046,1.8749854564666748,success
"sender: client87, message: > hello from client87"
16,1773960809.0663252,1773960811.0127373,1.9464120864868164,success
"sender: client87, message: > hello from client87"
17,1773960816.1265135,1773960818.1006453,1.9741318225860596,success
18,1773960823.2394106,1773960825.1828368,1.9434261322021484,success
"sender: client87, message: > hello from client87"
19,1773960830.3234942,1773960832.2625635,1.9390692710876465,success
"sender: client87, message: > hello from client87"
20,1773960837.4149005,1773960839.3897855,1.9748849868774414,success
"sender: client87, message: > hello from client87"
21,1773960844.5540462,1773960846.497188,1.9431419372558594,success
"sender: client87, message: > hello from client87"
22,1773960851.6245713,1773960853.5501542,1.9255828857421875,success
"sender: client87, message: > hello from client87"
23,1773960858.7315679,1773960860.6354918,1.9039239883422852,success
"sender: client87, message: > hello from client87"
24,1773960865.7817066,1773960867.7139366,1.932229995727539,success
"sender: client87, message: > hello from client87"
