round,send_time,recv_time,rtt,status
3,1773960717.0497339,1773960718.8504555,1.8007216453552246,success
4,1773960724.1291118,1773960725.9423976,1.8132858276367188,success
5,1773960731.1984396,1773960733.0585623,1.8601226806640625,success
6,1773960738.194833,1773960740.125747,1.9309139251708984,success
7,1773960745.281607,1773960747.2248895,1.9432826042175293,success
"sender: client146, message: > hello from client146"
8,1773960752.3799345,1773960754.3019617,1.9220271110534668,success
"sender: client146, message: > hello from client146"
9,1773960759.423244,1773960761.3909073,1.967663288116455,success
"sender: client146, message: > hello from client146"
10,1773960766.546983,1773960768.499792,1.9528090953826904,success
"sender: client146, message: > hello from client146"
11,1773960773.621464,1773960775.5681603,1.9466962814331055,success
"sender: client146, message: > hello from client146"
12,1773960780.8725336,1773960782.6679678,1.7954342365264893,success
"sender: client146, message: > hello from client146"
13,1773960787.7768238,1773960789.759263,1.9824392795562744,success
14,1773960794.930095,1773960796.8389804,1.9088854789733887,success
"sender: client146, message: > hello from client146"
15,1773960801.9990258,1773960803.9232926,1.9242668151855469,success
"sender: client146, message: > hello from client146"
16,1773960809.0545843,1773960811.0096157,1.955031394958496,success
"sender: client146, message: > hello from client146"
17,1773960816.1077085,1773960818.0967214,1.9890129566192627,success
"sender: client146, message: > hello from client146"
18,1773960823.2500598,1773960825.1843805,1.9343206882476807,success
"sender: client146, message: > hello from client146"
19,1773960830.3418963,1773960832.264257,1.9223606586456299,success
"sender: client146, message: > hello from client146"
20,1773960837.3909175,1773960839.3882892,1.9973716735839844,success
"sender: client146, message: > hello from client146"
21,1773960844.503778,1773960846.4892023,1.985424280166626,success
"sender: client146, message: > hello from client146"
22,1773960851.63899,1773960853.5549023,1.915912389755249,success
"sender: client146, message: > hello from client146"
23,1773960858.7038708,1773960860.645609,1.9417381286621094,success
"sender: client146, message: > hello from client146"
24,1773960865.7417495,1773960867.7134628,1.9717133045196533,success
"sender: client146, message: > hello from client146"
