round,send_time,recv_time,rtt,status
2,1773960709.868712,1773960711.783927,1.915215015411377,success
3,1773960716.972629,1773960718.8480446,1.875415563583374,success
4,1773960724.1174846,1773960725.9401436,1.8226590156555176,success
5,1773960731.1995606,1773960733.0368426,1.8372819423675537,success
6,1773960738.1632817,1773960740.131091,1.9678094387054443,success
"sender: client18, message: > hello from client18"
7,1773960745.2703757,1773960747.2127116,1.942335844039917,success
"sender: client18, message: > hello from client18"
8,1773960752.3505318,1773960754.3037508,1.953218936920166,success
"sender: client18, message: > hello from client18"
9,1773960759.453151,1773960761.3884373,1.935286283493042,success
10,1773960766.5468981,1773960768.486852,1.9399538040161133,success
"sender: client18, message: > hello from client18"
11,1773960773.6288033,1773960775.5670319,1.9382286071777344,success
12,1773960780.8692675,1773960782.6604187,1.7911512851715088,success
"sender: client18, message: > hello from client18"
13,1773960787.8093047,1773960789.7499664,1.9406616687774658,success
"sender: client18, message: > hello from client18"
14,1773960794.949123,1773960796.8356953,1.8865723609924316,success
"sender: client18, message: > hello from client18"
15,1773960802.0358737,1773960803.9251175,1.8892438411712646,success
"sender: client18, message: > hello from client18"
16,1773960809.0735278,1773960811.008147,1.9346191883087158,success
"sender: client18, message: > hello from client18"
17,1773960816.1184592,1773960818.0926437,1.974184513092041,success
"sender: client18, message: > hello from client18"
18,1773960823.219459,1773960825.179958,1.9604990482330322,success
"sender: client18, message: > hello from client18"
19,1773960830.3394434,1773960832.2613087,1.9218652248382568,success
"sender: client18, message: > hello from client18"
20,1773960837.3846283,1773960839.382355,1.9977266788482666,success
"sender: client18, message: > hello from client18"
21,1773960844.5271144,1773960846.4751585,1.9480440616607666,success
"sender: client18, message: > hello from client18"
22,1773960851.5997918,1773960853.5492058,1.9494140148162842,success
"sender: client18, message: > hello from client18"
23,1773960858.6767797,1773960860.643248,1.966468334197998,success
"sender: client18, message: > hello from client18"
24,1773960865.7750552,1773960867.714462,1.9394068717956543,success
"sender: client18, message: > hello from client18"
