round,send_time,recv_time,rtt,status
3,1773960717.0574913,1773960718.8498087,1.7923173904418945,success
4,1773960724.0484426,1773960725.9414442,1.8930015563964844,success
5,1773960731.1885026,1773960733.0547097,1.8662071228027344,success
6,1773960738.1870744,1773960740.1246147,1.9375402927398682,success
7,1773960745.2774796,1773960747.222914,1.945434331893921,success
"sender: client99, message: > hello from client99"
8,1773960752.3320525,1773960754.3066487,1.9745962619781494,success
"sender: client99, message: > hello from client99"
9,1773960759.430229,1773960761.3897161,1.9594871997833252,success
"sender: client99, message: > hello from client99"
10,1773960766.5291672,1773960768.4928708,1.9637036323547363,success
"sender: client99, message: > hello from client99"
11,1773960773.639569,1773960775.5679207,1.928351640701294,success
"sender: client99, message: > hello from client99"
12,1773960780.8851967,1773960782.666852,1.7816553115844727,success
"sender: client99, message: > hello from client99"
13,1773960787.816183,1773960789.7571244,1.940941333770752,success
"sender: client99, message: > hello from client99"
14,1773960794.9229302,1773960796.8370903,1.9141600131988525,success
"sender: client99, message: > hello from client99"
15,1773960802.0146694,1773960803.9293244,1.9146549701690674,success
"sender: client99, message: > hello from client99"
16,1773960809.0666666,1773960811.0090034,1.9423367977142334,success
"sender: client99, message: > hello from client99"
17,1773960816.165854,1773960818.0956833,1.9298293590545654,success
"sender: client99, message: > hello from client99"
18,1773960823.2234988,1773960825.1912112,1.96771240234375,success
"sender: client99, message: > hello from client99"
19,1773960830.3444145,1773960832.268279,1.9238646030426025,success
"sender: client99, message: > hello from client99"
20,1773960837.3792357,1773960839.38684,2.0076043605804443,success
"sender: client99, message: > hello from client99"
21,1773960844.5346658,1773960846.4901626,1.9554967880249023,success
"sender: client99, message: > hello from client99"
22,1773960851.6722918,1773960853.550818,1.878526210784912,success
"sender: client99, message: > hello from client99"
23,1773960858.6974862,1773960860.6485665,1.951080322265625,success
"sender: client99, message: > hello from client99"
24,1773960865.7282908,1773960867.7232604,1.9949696063995361,success
"sender: client99, message: > hello from client99"
