round,send_time,recv_time,rtt,status
4,1773960724.1370997,1773960725.9443417,1.8072419166564941,success
5,1773960731.065564,1773960733.0616858,1.996121883392334,success
6,1773960738.2110846,1773960740.1266847,1.915600061416626,success
"sender: client190, message: > hello from client190"
7,1773960745.2286754,1773960747.2161088,1.9874334335327148,success
"sender: client190, message: > hello from client190"
8,1773960752.352443,1773960754.3056738,1.953230857849121,success
"sender: client190, message: > hello from client190"
9,1773960759.4397814,1773960761.3971562,1.9573748111724854,success
"sender: client190, message: > hello from client190"
10,1773960766.5489538,1773960768.4992337,1.950279951095581,success
"sender: client190, message: > hello from client190"
11,1773960773.5993488,1773960775.5732434,1.9738945960998535,success
"sender: client190, message: > hello from client190"
12,1773960780.8495774,1773960782.6631598,1.813582420349121,success
"sender: client190, message: > hello from client190"
13,1773960787.7938306,1773960789.7542157,1.9603850841522217,success
"sender: client190, message: > hello from client190"
14,1773960794.9191601,1773960796.844386,1.9252259731292725,success
"sender: client190, message: > hello from client190"
15,1773960802.0363486,1773960803.924471,1.888122320175171,success
"sender: client190, message: > hello from client190"
16,1773960809.0600939,1773960811.0155466,1.9554526805877686,success
"sender: client190, message: > hello from client190"
17,1773960816.1296139,1773960818.0968902,1.9672763347625732,success
18,1773960823.241965,1773960825.1838572,1.941892147064209,success
19,1773960830.3438735,1773960832.2663941,1.922520637512207,success
"sender: client190, message: > hello from client190"
20,1773960837.366421,1773960839.388741,2.022320032119751,success
"sender: client190, message: > hello from client190"
21,1773960844.5125835,1773960846.4951692,1.9825856685638428,success
"sender: client190, message: > hello from client190"
22,1773960851.638996,1773960853.5579603,1.9189643859863281,success
"sender: client190, message: > hello from client190"
23,1773960858.676825,1773960860.6365826,1.9597575664520264,success
"sender: client190, message: > hello from client190"
24,1773960865.7807353,1773960867.7161298,1.935394525527954,success
"sender: client190, message: > hello from client190"
