round,send_time,recv_time,rtt,status
2,1773960709.8867579,1773960711.7870476,1.90028977394104,success
3,1773960717.065159,1773960718.8490443,1.7838852405548096,success
4,1773960724.1585298,1773960725.9436715,1.7851417064666748,success
5,1773960731.0436232,1773960733.040191,1.996567726135254,success
6,1773960738.188204,1773960740.1237786,1.9355745315551758,success
"sender: client49, message: > hello from client49"
7,1773960745.247014,1773960747.216273,1.9692590236663818,success
"sender: client49, message: > hello from client49"
8,1773960752.3367906,1773960754.3007076,1.9639170169830322,success
"sender: client49, message: > hello from client49"
9,1773960759.4258952,1773960761.3931508,1.9672555923461914,success
"sender: client49, message: > hello from client49"
10,1773960766.5345132,1773960768.4800801,1.9455668926239014,success
"sender: client49, message: > hello from client49"
11,1773960773.6147192,1773960775.5776265,1.962907314300537,success
12,1773960780.8623507,1773960782.6651502,1.8027994632720947,success
"sender: client49, message: > hello from client49"
13,1773960787.809494,1773960789.7542682,1.9447741508483887,success
"sender: client49, message: > hello from client49"
14,1773960794.9278142,1773960796.8404834,1.9126691818237305,success
"sender: client49, message: > hello from client49"
15,1773960802.0360086,1773960803.921706,1.885697364807129,success
"sender: client49, message: > hello from client49"
16,1773960809.0473523,1773960811.0150485,1.967696189880371,success
"sender: client49, message: > hello from client49"
17,1773960816.1563103,1773960818.0960124,1.939702033996582,success
"sender: client49, message: > hello from client49"
18,1773960823.2291574,1773960825.189354,1.9601964950561523,success
"sender: client49, message: > hello from client49"
19,1773960830.3278484,1773960832.2712922,1.943443775177002,success
20,1773960837.4046662,1773960839.3854887,1.9808225631713867,success
"sender: client49, message: > hello from client49"
21,1773960844.51212,1773960846.4842956,1.9721755981445312,success
"sender: client49, message: > hello from client49"
22,1773960851.598181,1773960853.5496924,1.9515113830566406,success
"sender: client49, message: > hello from client49"
23,1773960858.7258065,1773960860.6454167,1.9196102619171143,success
"sender: client49, message: > hello from client49"
24,1773960865.7524521,1773960867.7358232,1.9833710193634033,success
"sender: client49, message: > hello from client49"
