round,send_time,recv_time,rtt,status
4,1773967517.6385849,1773967519.5103724,1.8717875480651855,success
5,1773967524.7536194,1773967526.658182,1.9045624732971191,success
6,1773967531.9440987,1773967533.8453066,1.9012079238891602,success
"sender: client168, message: > hello from client168"
7,1773967539.0529306,1773967540.992661,1.9397304058074951,success
8,1773967546.1397169,1773967548.1743643,2.0346474647521973,success
"sender: client168, message: > hello from client168"
9,1773967553.2999277,1773967555.3430645,2.0431368350982666,success
"sender: client168, message: > hello from client168"
10,1773967560.506877,1773967562.5408885,2.0340116024017334,success
"sender: client168, message: > hello from client168"
11,1773967567.6551516,1773967569.720742,2.0655903816223145,success
"sender: client168, message: > hello from client168"
12,1773967574.825668,1773967576.8798997,2.054231643676758,success
"sender: client168, message: > hello from client168"
13,1773967582.0365217,1773967584.0605338,2.0240120887756348,success
"sender: client168, message: > hello from client168"
14,1773967589.2035859,1773967591.2378561,2.0342702865600586,success
"sender: client168, message: > hello from client168"
15,1773967596.3781745,1773967598.425175,2.0470004081726074,success
"sender: client168, message: > hello from client168"
16,1773967603.5948057,1773967605.6318495,2.037043809890747,success
"sender: client168, message: > hello from client168"
17,1773967610.7317836,1773967612.7890918,2.0573081970214844,success
18,1773967617.9049115,1773967619.9510155,2.0461039543151855,success
"sender: client168, message: > hello from client168"
19,1773967625.1362767,1773967627.1473656,2.0110888481140137,success
"sender: client168, message: > hello from client168"
20,1773967632.300711,1773967634.3181455,2.017434597015381,success
"sender: client168, message: > hello from client168"
