round,send_time,recv_time,rtt,status
4,1773967517.6399636,1773967519.4958236,1.8558599948883057,success
5,1773967524.7425954,1773967526.668415,1.9258196353912354,success
6,1773967531.7861838,1773967533.8340292,2.0478453636169434,success
7,1773967538.958901,1773967541.0086677,2.049766778945923,success
"sender: client138, message: > hello from client138"
8,1773967546.1590974,1773967548.1745327,2.015435218811035,success
"sender: client138, message: > hello from client138"
9,1773967553.3244803,1773967555.3450768,2.020596504211426,success
"sender: client138, message: > hello from client138"
10,1773967560.4896972,1773967562.5366693,2.0469720363616943,success
"sender: client138, message: > hello from client138"
11,1773967567.6849053,1773967569.719142,2.0342366695404053,success
"sender: client138, message: > hello from client138"
12,1773967574.8660674,1773967576.879508,2.0134406089782715,success
"sender: client138, message: > hello from client138"
13,1773967582.0431995,1773967584.0588527,2.015653133392334,success
"sender: client138, message: > hello from client138"
14,1773967589.2207854,1773967591.25132,2.030534505844116,success
"sender: client138, message: > hello from client138"
15,1773967596.407736,1773967598.4200299,2.012293815612793,success
16,1773967603.6047475,1773967605.6289232,2.0241756439208984,success
"sender: client138, message: > hello from client138"
17,1773967610.7683342,1773967612.784824,2.0164897441864014,success
"sender: client138, message: > hello from client138"
18,1773967617.9150693,1773967619.9511333,2.0360639095306396,success
"sender: client138, message: > hello from client138"
19,1773967625.1444058,1773967627.145324,2.00091814994812,success
"sender: client138, message: > hello from client138"
20,1773967632.2994378,1773967634.317063,2.017625331878662,success
"sender: client138, message: > hello from client138"
