round,send_time,recv_time,rtt,status
4,1773967517.5685678,1773967519.5081742,1.9396064281463623,success
5,1773967524.7814944,1773967526.6589296,1.8774352073669434,success
6,1773967531.9332762,1773967533.8445566,1.9112803936004639,success
"sender: client150, message: > hello from client150"
7,1773967538.9906788,1773967540.9919865,2.001307725906372,success
"sender: client150, message: > hello from client150"
8,1773967546.146371,1773967548.1641786,2.017807722091675,success
"sender: client150, message: > hello from client150"
9,1773967553.332799,1773967555.3442576,2.0114586353302,success
"sender: client150, message: > hello from client150"
10,1773967560.457471,1773967562.5238574,2.0663864612579346,success
"sender: client150, message: > hello from client150"
11,1773967567.6759267,1773967569.719382,2.0434553623199463,success
12,1773967574.8409002,1773967576.8817477,2.0408475399017334,success
"sender: client150, message: > hello from client150"
13,1773967581.997514,1773967584.0750043,2.0774903297424316,success
"sender: client150, message: > hello from client150"
14,1773967589.2213523,1773967591.2407358,2.019383430480957,success
"sender: client150, message: > hello from client150"
15,1773967596.4049785,1773967598.421373,2.0163943767547607,success
"sender: client150, message: > hello from client150"
16,1773967603.569851,1773967605.6308722,2.061021327972412,success
"sender: client150, message: > hello from client150"
17,1773967610.7488708,1773967612.7856958,2.036824941635132,success
"sender: client150, message: > hello from client150"
18,1773967617.938805,1773967619.94992,2.0111148357391357,success
"sender: client150, message: > hello from client150"
19,1773967625.1401746,1773967627.1466115,2.006436824798584,success
"sender: client150, message: > hello from client150"
20,1773967632.2842524,1773967634.3170094,2.032757043838501,success
"sender: client150, message: > hello from client150"
