round,send_time,recv_time,rtt,status
3,1773967510.371577,1773967512.332358,1.9607808589935303,success
4,1773967517.625187,1773967519.4979384,1.8727514743804932,success
5,1773967524.7386866,1773967526.6585634,1.9198768138885498,success
6,1773967531.943267,1773967533.8413727,1.8981056213378906,success
7,1773967538.9831405,1773967540.9997084,2.0165679454803467,success
"sender: client114, message: > hello from client114"
8,1773967546.1481783,1773967548.175384,2.0272057056427,success
9,1773967553.3017972,1773967555.3397272,2.0379300117492676,success
"sender: client114, message: > hello from client114"
10,1773967560.4623928,1773967562.5232103,2.0608174800872803,success
"sender: client114, message: > hello from client114"
11,1773967567.687445,1773967569.7113116,2.023866653442383,success
"sender: client114, message: > hello from client114"
12,1773967574.8413486,1773967576.8818386,2.040489912033081,success
"sender: client114, message: > hello from client114"
13,1773967582.0110223,1773967584.074987,2.063964605331421,success
"sender: client114, message: > hello from client114"
14,1773967589.2208097,1773967591.2507606,2.0299508571624756,success
"sender: client114, message: > hello from client114"
15,1773967596.408862,1773967598.4198139,2.0109517574310303,success
"sender: client114, message: > hello from client114"
16,1773967603.6050756,1773967605.6362994,2.031223773956299,success
"sender: client114, message: > hello from client114"
17,1773967610.7499847,1773967612.7727742,2.022789478302002,success
"sender: client114, message: > hello from client114"
18,1773967617.9151978,1773967619.9494655,2.0342676639556885,success
"sender: client114, message: > hello from client114"
19,1773967625.1130433,1773967627.1412077,2.0281643867492676,success
"sender: client114, message: > hello from client114"
20,1773967632.2568474,1773967634.3266532,2.069805860519409,success
"sender: client114, message: > hello from client114"
