round,send_time,recv_time,rtt,status
3,1773967510.3825507,1773967512.3303554,1.9478046894073486,success
4,1773967517.6121945,1773967519.4960253,1.8838307857513428,success
5,1773967524.7925622,1773967526.6711679,1.878605604171753,success
6,1773967531.922469,1773967533.8303022,1.9078333377838135,success
7,1773967538.992282,1773967541.0002074,2.007925510406494,success
"sender: client82, message: > hello from client82"
8,1773967546.103928,1773967548.1783123,2.0743842124938965,success
"sender: client82, message: > hello from client82"
9,1773967553.3145428,1773967555.3425772,2.0280344486236572,success
"sender: client82, message: > hello from client82"
10,1773967560.5048249,1773967562.5253208,2.020495891571045,success
"sender: client82, message: > hello from client82"
11,1773967567.6399744,1773967569.710065,2.0700905323028564,success
"sender: client82, message: > hello from client82"
12,1773967574.8616328,1773967576.8866231,2.0249903202056885,success
"sender: client82, message: > hello from client82"
13,1773967582.040472,1773967584.074064,2.0335919857025146,success
"sender: client82, message: > hello from client82"
14,1773967589.1946964,1773967591.2395954,2.0448989868164062,success
"sender: client82, message: > hello from client82"
15,1773967596.388896,1773967598.4203289,2.031432867050171,success
"sender: client82, message: > hello from client82"
16,1773967603.5757313,1773967605.6149845,2.0392532348632812,success
"sender: client82, message: > hello from client82"
17,1773967610.7708893,1773967612.7871304,2.0162410736083984,success
"sender: client82, message: > hello from client82"
18,1773967617.9381332,1773967619.9489655,2.0108323097229004,success
"sender: client82, message: > hello from client82"
19,1773967625.1404645,1773967627.1395216,1.9990570545196533,success
20,1773967632.293396,1773967634.3155406,2.0221445560455322,success
"sender: client82, message: > hello from client82"
