round,send_time,recv_time,rtt,status
4,1773967517.66623,1773967519.4993215,1.8330914974212646,success
5,1773967524.7834187,1773967526.6763353,1.8929166793823242,success
6,1773967531.882674,1773967533.8438349,1.9611608982086182,success
"sender: client197, message: > hello from client197"
7,1773967538.953104,1773967540.9977496,2.0446455478668213,success
"sender: client197, message: > hello from client197"
8,1773967546.14504,1773967548.1660202,2.0209801197052,success
"sender: client197, message: > hello from client197"
9,1773967553.2952826,1773967555.3416364,2.046353816986084,success
"sender: client197, message: > hello from client197"
10,1773967560.5090306,1773967562.5410304,2.0319998264312744,success
"sender: client197, message: > hello from client197"
11,1773967567.651485,1773967569.7188025,2.067317485809326,success
"sender: client197, message: > hello from client197"
12,1773967574.790088,1773967576.8853695,2.0952816009521484,success
"sender: client197, message: > hello from client197"
13,1773967582.035232,1773967584.072525,2.037292957305908,success
"sender: client197, message: > hello from client197"
14,1773967589.2095878,1773967591.251422,2.0418341159820557,success
"sender: client197, message: > hello from client197"
15,1773967596.3727386,1773967598.4205961,2.0478575229644775,success
"sender: client197, message: > hello from client197"
16,1773967603.6082792,1773967605.638201,2.029921770095825,success
17,1773967610.749713,1773967612.7776453,2.0279324054718018,success
"sender: client197, message: > hello from client197"
18,1773967617.9108603,1773967619.9613836,2.050523281097412,success
"sender: client197, message: > hello from client197"
19,1773967625.1354108,1773967627.1420746,2.0066637992858887,success
"sender: client197, message: > hello from client197"
20,1773967632.2788227,1773967634.3157911,2.036968469619751,success
"sender: client197, message: > hello from client197"
