round,send_time,recv_time,rtt,status
4,1773967517.5661547,1773967519.5049076,1.9387528896331787,success
5,1773967524.7340844,1773967526.6584723,1.9243879318237305,success
6,1773967531.9324317,1773967533.8412795,1.9088478088378906,success
7,1773967538.9678068,1773967540.9937067,2.025899887084961,success
"sender: client166, message: > hello from client166"
8,1773967546.143066,1773967548.1806502,2.0375843048095703,success
"sender: client166, message: > hello from client166"
9,1773967553.329685,1773967555.343467,2.013782024383545,success
"sender: client166, message: > hello from client166"
10,1773967560.5075533,1773967562.5240588,2.016505479812622,success
"sender: client166, message: > hello from client166"
11,1773967567.6861308,1773967569.7176397,2.0315089225769043,success
"sender: client166, message: > hello from client166"
12,1773967574.819805,1773967576.882886,2.0630810260772705,success
"sender: client166, message: > hello from client166"
13,1773967582.016682,1773967584.0712526,2.0545706748962402,success
"sender: client166, message: > hello from client166"
14,1773967589.17348,1773967591.2513344,2.0778543949127197,success
"sender: client166, message: > hello from client166"
15,1773967596.4016783,1773967598.42332,2.021641731262207,success
"sender: client166, message: > hello from client166"
16,1773967603.5490925,1773967605.6380472,2.0889546871185303,success
"sender: client166, message: > hello from client166"
17,1773967610.748283,1773967612.7810662,2.032783269882202,success
"sender: client166, message: > hello from client166"
18,1773967617.9134045,1773967619.9545841,2.041179656982422,success
"sender: client166, message: > hello from client166"
19,1773967625.1411943,1773967627.144297,2.0031025409698486,success
"sender: client166, message: > hello from client166"
20,1773967632.2685595,1773967634.3302886,2.0617291927337646,success
"sender: client166, message: > hello from client166"
