round,send_time,recv_time,rtt,status
4,1773967517.6671925,1773967519.4975152,1.8303227424621582,success
5,1773967524.7990336,1773967526.6732728,1.874239206314087,success
6,1773967531.793592,1773967533.832938,2.0393459796905518,success
7,1773967538.9838073,1773967540.9962807,2.0124733448028564,success
"sender: client133, message: > hello from client133"
8,1773967546.1250997,1773967548.1663275,2.0412278175354004,success
"sender: client133, message: > hello from client133"
9,1773967553.3245637,1773967555.3470266,2.022462844848633,success
"sender: client133, message: > hello from client133"
10,1773967560.5001798,1773967562.5283034,2.028123617172241,success
"sender: client133, message: > hello from client133"
11,1773967567.6455305,1773967569.7176144,2.0720839500427246,success
"sender: client133, message: > hello from client133"
12,1773967574.8664043,1773967576.879343,2.0129387378692627,success
"sender: client133, message: > hello from client133"
13,1773967582.038596,1773967584.057774,2.0191781520843506,success
"sender: client133, message: > hello from client133"
14,1773967589.199729,1773967591.2414625,2.041733503341675,success
"sender: client133, message: > hello from client133"
15,1773967596.408699,1773967598.424013,2.0153138637542725,success
"sender: client133, message: > hello from client133"
16,1773967603.5985987,1773967605.6365404,2.0379416942596436,success
"sender: client133, message: > hello from client133"
17,1773967610.770033,1773967612.7798016,2.0097687244415283,success
"sender: client133, message: > hello from client133"
18,1773967617.92667,1773967619.9625068,2.035836696624756,success
"sender: client133, message: > hello from client133"
19,1773967625.1433883,1773967627.1406043,1.997215986251831,success
"sender: client133, message: > hello from client133"
20,1773967632.2445946,1773967634.32081,2.0762155055999756,success
"sender: client133, message: > hello from client133"
