round,send_time,recv_time,rtt,status
3,1773967510.389699,1773967512.3311963,1.9414973258972168,success
4,1773967517.6495805,1773967519.5003383,1.8507578372955322,success
5,1773967524.7544827,1773967526.6663597,1.911876916885376,success
6,1773967531.8953328,1773967533.8346157,1.9392828941345215,success
7,1773967538.9469345,1773967540.9997797,2.0528452396392822,success
"sender: client105, message: > hello from client105"
8,1773967546.1203108,1773967548.164086,2.0437753200531006,success
"sender: client105, message: > hello from client105"
9,1773967553.3092787,1773967555.346811,2.037532329559326,success
"sender: client105, message: > hello from client105"
10,1773967560.4965117,1773967562.5231228,2.026611089706421,success
"sender: client105, message: > hello from client105"
11,1773967567.6801093,1773967569.7118912,2.0317819118499756,success
"sender: client105, message: > hello from client105"
12,1773967574.8559773,1773967576.878468,2.0224907398223877,success
"sender: client105, message: > hello from client105"
13,1773967582.0138228,1773967584.060052,2.046229124069214,success
"sender: client105, message: > hello from client105"
14,1773967589.2168143,1773967591.2513957,2.034581422805786,success
"sender: client105, message: > hello from client105"
15,1773967596.4015582,1773967598.4199102,2.0183520317077637,success
"sender: client105, message: > hello from client105"
16,1773967603.6080732,1773967605.6272154,2.0191421508789062,success
"sender: client105, message: > hello from client105"
17,1773967610.767545,1773967612.7774506,2.0099055767059326,success
"sender: client105, message: > hello from client105"
18,1773967617.8930511,1773967619.9519985,2.0589473247528076,success
"sender: client105, message: > hello from client105"
19,1773967625.1476526,1773967627.1399765,1.992323875427246,success
"sender: client105, message: > hello from client105"
20,1773967632.2983925,1773967634.3153927,2.017000198364258,success
"sender: client105, message: > hello from client105"
