round,send_time,recv_time,rtt,status
4,1773967517.658267,1773967519.4931784,1.8349113464355469,success
5,1773967524.753204,1773967526.6625695,1.9093654155731201,success
6,1773967531.7805347,1773967533.8431609,2.0626261234283447,success
7,1773967539.0730913,1773967540.9923139,1.9192225933074951,success
"sender: client134, message: > hello from client134"
8,1773967546.1280122,1773967548.1672578,2.03924560546875,success
"sender: client134, message: > hello from client134"
9,1773967553.3101583,1773967555.34304,2.032881736755371,success
"sender: client134, message: > hello from client134"
10,1773967560.476139,1773967562.5410695,2.0649304389953613,success
11,1773967567.67593,1773967569.7157428,2.0398128032684326,success
"sender: client134, message: > hello from client134"
12,1773967574.8567443,1773967576.8856468,2.028902530670166,success
"sender: client134, message: > hello from client134"
13,1773967582.0422857,1773967584.0601597,2.017874002456665,success
"sender: client134, message: > hello from client134"
14,1773967589.1976254,1773967591.242331,2.044705629348755,success
"sender: client134, message: > hello from client134"
15,1773967596.3859231,1773967598.4200006,2.0340774059295654,success
"sender: client134, message: > hello from client134"
16,1773967603.603391,1773967605.6309388,2.027547836303711,success
"sender: client134, message: > hello from client134"
17,1773967610.7705197,1773967612.7856092,2.015089511871338,success
"sender: client134, message: > hello from client134"
18,1773967617.93175,1773967619.9545617,2.0228116512298584,success
"sender: client134, message: > hello from client134"
19,1773967625.1394348,1773967627.1406186,2.0011837482452393,success
"sender: client134, message: > hello from client134"
20,1773967632.2642798,1773967634.3170972,2.0528173446655273,success
"sender: client134, message: > hello from client134"
