round,send_time,recv_time,rtt,status
2,1773967503.2026372,1773967505.1775303,1.9748930931091309,success
3,1773967510.3554025,1773967512.3310452,1.9756426811218262,success
4,1773967517.546529,1773967519.49344,1.9469108581542969,success
5,1773967524.7099543,1773967526.6554496,1.945495367050171,success
6,1773967531.9217715,1773967533.8285925,1.9068210124969482,success
"sender: client13, message: > hello from client13"
7,1773967539.0644162,1773967541.0118585,1.9474422931671143,success
"sender: client13, message: > hello from client13"
8,1773967546.1168706,1773967548.1571097,2.040239095687866,success
"sender: client13, message: > hello from client13"
9,1773967553.318072,1773967555.3385332,2.020461082458496,success
"sender: client13, message: > hello from client13"
10,1773967560.4859242,1773967562.530597,2.044672727584839,success
"sender: client13, message: > hello from client13"
11,1773967567.6768763,1773967569.712636,2.035759687423706,success
"sender: client13, message: > hello from client13"
12,1773967574.8611763,1773967576.877646,2.016469717025757,success
"sender: client13, message: > hello from client13"
13,1773967582.0209029,1773967584.073459,2.052556037902832,success
"sender: client13, message: > hello from client13"
14,1773967589.188459,1773967591.233172,2.044713020324707,success
"sender: client13, message: > hello from client13"
15,1773967596.3965464,1773967598.4163704,2.0198240280151367,success
16,1773967603.5764558,1773967605.6062047,2.0297489166259766,success
"sender: client13, message: > hello from client13"
17,1773967610.7562542,1773967612.775746,2.0194919109344482,success
"sender: client13, message: > hello from client13"
18,1773967617.9363225,1773967619.947524,2.0112016201019287,success
"sender: client13, message: > hello from client13"
19,1773967625.1161516,1773967627.1428602,2.0267086029052734,success
"sender: client13, message: > hello from client13"
20,1773967632.3020625,1773967634.3293204,2.0272579193115234,success
"sender: client13, message: > hello from client13"
