round,send_time,recv_time,rtt,status
2,1773960709.8659098,1773960711.7870724,1.9211626052856445,success
3,1773960717.0200179,1773960718.8550017,1.8349838256835938,success
4,1773960724.06263,1773960725.9398477,1.8772177696228027,success
5,1773960731.1273677,1773960733.0623438,1.9349761009216309,success
6,1773960738.1831741,1773960740.1290183,1.9458441734313965,success
"sender: client16, message: > hello from client16"
7,1773960745.2851133,1773960747.2223222,1.937208890914917,success
"sender: client16, message: > hello from client16"
8,1773960752.3582537,1773960754.316063,1.9578092098236084,success
"sender: client16, message: > hello from client16"
9,1773960759.4266853,1773960761.3921373,1.965451955795288,success
"sender: client16, message: > hello from client16"
10,1773960766.5268884,1773960768.4795067,1.9526183605194092,success
"sender: client16, message: > hello from client16"
11,1773960773.620262,1773960775.576141,1.9558792114257812,success
"sender: client16, message: > hello from client16"
12,1773960780.878464,1773960782.660467,1.7820029258728027,success
13,1773960787.8184984,1773960789.749899,1.9314005374908447,success
14,1773960794.9249887,1773960796.8347018,1.9097130298614502,success
"sender: client16, message: > hello from client16"
15,1773960802.038671,1773960803.9293091,1.8906381130218506,success
"sender: client16, message: > hello from client16"
16,1773960809.0451398,1773960811.0077438,1.96260404586792,success
"sender: client16, message: > hello from client16"
17,1773960816.1592562,1773960818.0926845,1.9334282875061035,success
"sender: client16, message: > hello from client16"
18,1773960823.226184,1773960825.1800928,1.953908920288086,success
19,1773960830.340154,1773960832.2615,1.9213459491729736,success
"sender: client16, message: > hello from client16"
20,1773960837.402132,1773960839.3823116,1.9801795482635498,success
21,1773960844.5525928,1773960846.485248,1.9326553344726562,success
"sender: client16, message: > hello from client16"
22,1773960851.655268,1773960853.5489628,1.8936948776245117,success
"sender: client16, message: > hello from client16"
23,1773960858.7132328,1773960860.6329718,1.919739007949829,success
"sender: client16, message: > hello from client16"
24,1773960865.7770762,1773960867.7208,1.9437236785888672,success
"sender: client16, message: > hello from client16"
