round,send_time,recv_time,rtt,status
3,1773967510.397102,1773967512.3320546,1.9349524974822998,success
4,1773967517.608743,1773967519.4958055,1.8870625495910645,success
5,1773967524.7737033,1773967526.675929,1.9022257328033447,success
6,1773967531.8849788,1773967533.843507,1.9585282802581787,success
7,1773967538.9737864,1773967540.9969733,2.0231869220733643,success
"sender: client74, message: > hello from client74"
8,1773967546.1263785,1773967548.175561,2.049182415008545,success
"sender: client74, message: > hello from client74"
9,1773967553.2811913,1773967555.339099,2.0579075813293457,success
"sender: client74, message: > hello from client74"
10,1773967560.4780166,1773967562.5225756,2.0445590019226074,success
"sender: client74, message: > hello from client74"
11,1773967567.6897218,1773967569.7157013,2.025979518890381,success
"sender: client74, message: > hello from client74"
12,1773967574.8575113,1773967576.8778982,2.0203869342803955,success
"sender: client74, message: > hello from client74"
13,1773967582.039333,1773967584.0621583,2.022825241088867,success
"sender: client74, message: > hello from client74"
14,1773967589.2101092,1773967591.2378793,2.0277700424194336,success
"sender: client74, message: > hello from client74"
15,1773967596.3935034,1773967598.4173658,2.023862361907959,success
"sender: client74, message: > hello from client74"
16,1773967603.5873845,1773967605.63848,2.051095485687256,success
"sender: client74, message: > hello from client74"
17,1773967610.7719276,1773967612.7795782,2.00765061378479,success
"sender: client74, message: > hello from client74"
18,1773967617.9223864,1773967619.9488974,2.0265109539031982,success
"sender: client74, message: > hello from client74"
19,1773967625.1441936,1773967627.139408,1.9952144622802734,success
"sender: client74, message: > hello from client74"
20,1773967632.2930415,1773967634.3153148,2.022273302078247,success
"sender: client74, message: > hello from client74"
