round,send_time,recv_time,rtt,status
2,1773967503.1608865,1773967505.1781912,2.0173046588897705,success
3,1773967510.3261166,1773967512.3246226,1.9985060691833496,success
4,1773967517.6674118,1773967519.493412,1.8260002136230469,success
5,1773967524.7949655,1773967526.6558263,1.860860824584961,success
6,1773967531.9366546,1773967533.8298955,1.8932409286499023,success
7,1773967538.941356,1773967541.0088015,2.0674455165863037,success
8,1773967546.129913,1773967548.1788924,2.0489792823791504,success
"sender: client32, message: > hello from client32"
9,1773967553.3004587,1773967555.338991,2.038532257080078,success
"sender: client32, message: > hello from client32"
10,1773967560.5082533,1773967562.5281045,2.0198512077331543,success
"sender: client32, message: > hello from client32"
11,1773967567.6875668,1773967569.7167778,2.0292110443115234,success
"sender: client32, message: > hello from client32"
12,1773967574.8655627,1773967576.8796227,2.0140600204467773,success
"sender: client32, message: > hello from client32"
13,1773967582.0139766,1773967584.0558438,2.041867256164551,success
"sender: client32, message: > hello from client32"
14,1773967589.2208326,1773967591.2370908,2.0162582397460938,success
"sender: client32, message: > hello from client32"
15,1773967596.3982556,1773967598.4179766,2.019721031188965,success
"sender: client32, message: > hello from client32"
16,1773967603.5994217,1773967605.6054955,2.0060737133026123,success
"sender: client32, message: > hello from client32"
17,1773967610.7636003,1773967612.7739825,2.0103821754455566,success
"sender: client32, message: > hello from client32"
18,1773967617.9194288,1773967619.9481401,2.0287113189697266,success
"sender: client32, message: > hello from client32"
19,1773967625.1242325,1773967627.1384249,2.0141923427581787,success
"sender: client32, message: > hello from client32"
20,1773967632.2524145,1773967634.3127997,2.060385227203369,success
"sender: client32, message: > hello from client32"
