round,send_time,recv_time,rtt,status
4,1773960724.0960846,1773960725.9425673,1.846482753753662,success
5,1773960731.2002761,1773960733.0368927,1.8366165161132812,success
6,1773960738.1691008,1773960740.1260986,1.9569978713989258,success
"sender: client173, message: > hello from client173"
7,1773960745.257261,1773960747.2176044,1.960343360900879,success
"sender: client173, message: > hello from client173"
8,1773960752.324511,1773960754.3188436,1.9943325519561768,success
"sender: client173, message: > hello from client173"
9,1773960759.4496174,1773960761.3913262,1.9417088031768799,success
10,1773960766.5323892,1773960768.4988937,1.9665045738220215,success
"sender: client173, message: > hello from client173"
11,1773960773.6231716,1773960775.5786936,1.955522060394287,success
"sender: client173, message: > hello from client173"
12,1773960780.8815112,1773960782.6634545,1.7819433212280273,success
"sender: client173, message: > hello from client173"
13,1773960787.8160665,1773960789.760846,1.944779396057129,success
"sender: client173, message: > hello from client173"
14,1773960794.9490473,1773960796.836738,1.887690782546997,success
"sender: client173, message: > hello from client173"
15,1773960802.0239587,1773960803.9249597,1.9010009765625,success
"sender: client173, message: > hello from client173"
16,1773960809.0728545,1773960811.0135078,1.9406533241271973,success
"sender: client173, message: > hello from client173"
17,1773960816.1305742,1773960818.1012995,1.9707252979278564,success
"sender: client173, message: > hello from client173"
18,1773960823.2459815,1773960825.1847894,1.9388079643249512,success
19,1773960830.3253424,1773960832.2669208,1.9415783882141113,success
"sender: client173, message: > hello from client173"
20,1773960837.3997123,1773960839.40065,2.0009377002716064,success
"sender: client173, message: > hello from client173"
21,1773960844.5181072,1773960846.484741,1.9666337966918945,success
"sender: client173, message: > hello from client173"
22,1773960851.6051567,1773960853.5549772,1.9498205184936523,success
"sender: client173, message: > hello from client173"
23,1773960858.7287178,1773960860.6364994,1.9077816009521484,success
"sender: client173, message: > hello from client173"
24,1773960865.7390115,1773960867.7370334,1.9980218410491943,success
"sender: client173, message: > hello from client173"
