round,send_time,recv_time,rtt,status
4,1773967517.6586893,1773967519.5076764,1.848987102508545,success
5,1773967524.7518668,1773967526.6683264,1.916459560394287,success
6,1773967531.920337,1773967533.8321333,1.9117963314056396,success
"sender: client135, message: > hello from client135"
7,1773967539.0099,1773967540.996022,1.9861218929290771,success
8,1773967546.140686,1773967548.166865,2.026179075241089,success
"sender: client135, message: > hello from client135"
9,1773967553.3152008,1773967555.344322,2.029121160507202,success
"sender: client135, message: > hello from client135"
10,1773967560.452415,1773967562.5413525,2.088937520980835,success
11,1773967567.6536872,1773967569.7119243,2.058237075805664,success
"sender: client135, message: > hello from client135"
12,1773967574.8543386,1773967576.8819034,2.027564764022827,success
"sender: client135, message: > hello from client135"
13,1773967582.0412521,1773967584.0850387,2.0437865257263184,success
"sender: client135, message: > hello from client135"
14,1773967589.2037718,1773967591.2395134,2.0357415676116943,success
"sender: client135, message: > hello from client135"
15,1773967596.3815947,1773967598.4232147,2.0416200160980225,success
"sender: client135, message: > hello from client135"
16,1773967603.5852797,1773967605.6288667,2.0435869693756104,success
"sender: client135, message: > hello from client135"
17,1773967610.7685897,1773967612.7785277,2.0099380016326904,success
"sender: client135, message: > hello from client135"
18,1773967617.9280605,1773967619.9545963,2.026535749435425,success
"sender: client135, message: > hello from client135"
19,1773967625.1415646,1773967627.145309,2.00374436378479,success
"sender: client135, message: > hello from client135"
20,1773967632.2786715,1773967634.3245218,2.0458502769470215,success
"sender: client135, message: > hello from client135"
