round,send_time,recv_time,rtt,status
2,1773967503.2000659,1773967505.1778595,1.9777936935424805,success
3,1773967510.4019551,1773967512.326291,1.9243359565734863,success
4,1773967517.6291957,1773967519.4923544,1.8631587028503418,success
5,1773967524.8051107,1773967526.655723,1.8506124019622803,success
6,1773967531.901341,1773967533.829531,1.928189992904663,success
7,1773967539.0108674,1773967541.0159435,2.0050761699676514,success
"sender: client28, message: > hello from client28"
8,1773967546.1457877,1773967548.1569552,2.011167526245117,success
"sender: client28, message: > hello from client28"
9,1773967553.318283,1773967555.3384156,2.020132541656494,success
"sender: client28, message: > hello from client28"
10,1773967560.5012422,1773967562.5256915,2.024449348449707,success
"sender: client28, message: > hello from client28"
11,1773967567.6755648,1773967569.7154331,2.0398683547973633,success
"sender: client28, message: > hello from client28"
12,1773967574.8509183,1773967576.8811839,2.0302655696868896,success
"sender: client28, message: > hello from client28"
13,1773967582.0422153,1773967584.0723972,2.030181884765625,success
"sender: client28, message: > hello from client28"
14,1773967589.2001557,1773967591.2377431,2.0375874042510986,success
"sender: client28, message: > hello from client28"
15,1773967596.3843062,1773967598.4167702,2.032464027404785,success
"sender: client28, message: > hello from client28"
16,1773967603.5697548,1773967605.6281385,2.0583837032318115,success
"sender: client28, message: > hello from client28"
17,1773967610.769785,1773967612.7796702,2.009885311126709,success
"sender: client28, message: > hello from client28"
18,1773967617.9344115,1773967619.9599383,2.025526762008667,success
"sender: client28, message: > hello from client28"
19,1773967625.0911913,1773967627.1395583,2.0483670234680176,success
"sender: client28, message: > hello from client28"
20,1773967632.3012643,1773967634.3126917,2.011427402496338,success
"sender: client28, message: > hello from client28"
