round,send_time,recv_time,rtt,status
4,1773967517.6582618,1773967519.4955246,1.8372628688812256,success
5,1773967524.7707787,1773967526.658652,1.8878734111785889,success
6,1773967531.788148,1773967533.8430915,2.054943561553955,success
7,1773967538.932943,1773967540.997382,2.064438819885254,success
"sender: client173, message: > hello from client173"
8,1773967546.1393876,1773967548.17592,2.036532402038574,success
9,1773967553.2912593,1773967555.3443096,2.0530502796173096,success
"sender: client173, message: > hello from client173"
10,1773967560.4893665,1773967562.5310614,2.0416948795318604,success
"sender: client173, message: > hello from client173"
11,1773967567.6731207,1773967569.7190616,2.04594087600708,success
"sender: client173, message: > hello from client173"
12,1773967574.8225827,1773967576.879878,2.057295322418213,success
"sender: client173, message: > hello from client173"
13,1773967582.023592,1773967584.0565588,2.0329668521881104,success
"sender: client173, message: > hello from client173"
14,1773967589.197974,1773967591.2409701,2.0429961681365967,success
"sender: client173, message: > hello from client173"
15,1773967596.4036264,1773967598.4218824,2.0182559490203857,success
"sender: client173, message: > hello from client173"
16,1773967603.5905588,1773967605.6380267,2.0474679470062256,success
"sender: client173, message: > hello from client173"
17,1773967610.7566824,1773967612.7849436,2.028261184692383,success
18,1773967617.9207833,1773967619.9497705,2.028987169265747,success
"sender: client173, message: > hello from client173"
19,1773967625.1408556,1773967627.1419592,2.001103639602661,success
"sender: client173, message: > hello from client173"
20,1773967632.2564702,1773967634.3265004,2.0700302124023438,success
"sender: client173, message: > hello from client173"
