round,send_time,recv_time,rtt,status
4,1773967517.6381881,1773967519.4955888,1.85740065574646,success
5,1773967524.8047428,1773967526.6577659,1.8530230522155762,success
6,1773967531.7655702,1773967533.833615,2.068044900894165,success
7,1773967538.9615788,1773967540.9999092,2.038330316543579,success
"sender: client137, message: > hello from client137"
8,1773967546.1406238,1773967548.1747615,2.034137725830078,success
"sender: client137, message: > hello from client137"
9,1773967553.3306894,1773967555.3402798,2.0095903873443604,success
"sender: client137, message: > hello from client137"
10,1773967560.502318,1773967562.5443327,2.0420148372650146,success
"sender: client137, message: > hello from client137"
11,1773967567.6894507,1773967569.7153842,2.0259335041046143,success
"sender: client137, message: > hello from client137"
12,1773967574.8593786,1773967576.8833644,2.0239858627319336,success
"sender: client137, message: > hello from client137"
13,1773967581.997281,1773967584.0739818,2.0767006874084473,success
"sender: client137, message: > hello from client137"
14,1773967589.2031045,1773967591.2497215,2.046617031097412,success
"sender: client137, message: > hello from client137"
15,1773967596.3877473,1773967598.4245844,2.036837100982666,success
16,1773967603.5639656,1773967605.6293492,2.0653836727142334,success
"sender: client137, message: > hello from client137"
17,1773967610.7576694,1773967612.7783744,2.020704984664917,success
"sender: client137, message: > hello from client137"
18,1773967617.9362836,1773967619.9523065,2.0160229206085205,success
"sender: client137, message: > hello from client137"
19,1773967625.1496387,1773967627.1403675,1.9907288551330566,success
"sender: client137, message: > hello from client137"
20,1773967632.2866087,1773967634.3270924,2.0404837131500244,success
"sender: client137, message: > hello from client137"
