round,send_time,recv_time,rtt,status
2,1773960709.8722286,1773960711.7852585,1.9130299091339111,success
3,1773960716.9541795,1773960718.848241,1.89406156539917,success
4,1773960724.142277,1773960725.9432747,1.8009977340698242,success
5,1773960731.063668,1773960733.0637457,2.000077724456787,success
6,1773960738.2075386,1773960740.1236405,1.9161019325256348,success
7,1773960745.2390318,1773960747.2187324,1.9797005653381348,success
"sender: client39, message: > hello from client39"
8,1773960752.3106556,1773960754.3121166,2.0014610290527344,success
"sender: client39, message: > hello from client39"
9,1773960759.4552763,1773960761.388819,1.9335427284240723,success
"sender: client39, message: > hello from client39"
10,1773960766.5384538,1773960768.4863944,1.9479405879974365,success
"sender: client39, message: > hello from client39"
11,1773960773.621365,1773960775.5674808,1.9461157321929932,success
"sender: client39, message: > hello from client39"
12,1773960780.8829942,1773960782.6612344,1.7782402038574219,success
"sender: client39, message: > hello from client39"
13,1773960787.789696,1773960789.753495,1.963798999786377,success
"sender: client39, message: > hello from client39"
14,1773960794.9147298,1773960796.8381305,1.923400640487671,success
"sender: client39, message: > hello from client39"
15,1773960802.0488698,1773960803.9289944,1.880124568939209,success
"sender: client39, message: > hello from client39"
16,1773960809.0797744,1773960811.014053,1.9342787265777588,success
"sender: client39, message: > hello from client39"
17,1773960816.1628351,1773960818.0929697,1.9301345348358154,success
"sender: client39, message: > hello from client39"
18,1773960823.2508757,1773960825.1826904,1.9318146705627441,success
19,1773960830.2973545,1773960832.2621295,1.9647750854492188,success
"sender: client39, message: > hello from client39"
20,1773960837.3929005,1773960839.3852696,1.9923691749572754,success
"sender: client39, message: > hello from client39"
21,1773960844.5221133,1773960846.475115,1.9530017375946045,success
"sender: client39, message: > hello from client39"
22,1773960851.6638997,1773960853.556652,1.8927524089813232,success
"sender: client39, message: > hello from client39"
23,1773960858.6939838,1773960860.6435769,1.9495930671691895,success
"sender: client39, message: > hello from client39"
24,1773960865.7711291,1773960867.7209756,1.9498465061187744,success
"sender: client39, message: > hello from client39"
