round,send_time,recv_time,rtt,status
3,1773960717.00739,1773960718.8542924,1.8469023704528809,success
4,1773960724.1134453,1773960725.9420853,1.8286399841308594,success
5,1773960731.1582966,1773960733.063654,1.9053573608398438,success
6,1773960738.1899545,1773960740.1249998,1.9350452423095703,success
"sender: client134, message: > hello from client134"
7,1773960745.2833405,1773960747.2140975,1.9307570457458496,success
"sender: client134, message: > hello from client134"
8,1773960752.3588762,1773960754.3019214,1.9430451393127441,success
9,1773960759.4552422,1773960761.396395,1.941152811050415,success
"sender: client134, message: > hello from client134"
10,1773960766.5293655,1773960768.4917417,1.9623761177062988,success
11,1773960773.625149,1773960775.5691993,1.9440503120422363,success
"sender: client134, message: > hello from client134"
12,1773960780.8839612,1773960782.6659722,1.7820110321044922,success
"sender: client134, message: > hello from client134"
13,1773960787.8022938,1773960789.7597442,1.9574503898620605,success
"sender: client134, message: > hello from client134"
14,1773960794.9004025,1773960796.839139,1.9387364387512207,success
"sender: client134, message: > hello from client134"
15,1773960802.0473685,1773960803.923055,1.8756864070892334,success
"sender: client134, message: > hello from client134"
16,1773960809.047358,1773960811.009402,1.9620440006256104,success
"sender: client134, message: > hello from client134"
17,1773960816.1484187,1773960818.096745,1.9483263492584229,success
"sender: client134, message: > hello from client134"
18,1773960823.236098,1773960825.1903155,1.9542174339294434,success
"sender: client134, message: > hello from client134"
19,1773960830.3480897,1773960832.2641997,1.9161100387573242,success
"sender: client134, message: > hello from client134"
20,1773960837.3986235,1773960839.4013197,2.0026962757110596,success
"sender: client134, message: > hello from client134"
21,1773960844.5453713,1773960846.4913244,1.945953130722046,success
"sender: client134, message: > hello from client134"
22,1773960851.673472,1773960853.5582068,1.884734869003296,success
"sender: client134, message: > hello from client134"
23,1773960858.7211113,1773960860.646398,1.9252867698669434,success
"sender: client134, message: > hello from client134"
24,1773960865.7240903,1773960867.7212646,1.9971742630004883,success
"sender: client134, message: > hello from client134"
