round,send_time,recv_time,rtt,status
4,1773960724.1638243,1773960725.9444473,1.780622959136963,success
5,1773960731.1860645,1773960733.048623,1.8625586032867432,success
6,1773960738.1722133,1773960740.126654,1.9544405937194824,success
"sender: client194, message: > hello from client194"
7,1773960745.2770875,1773960747.2313678,1.9542803764343262,success
"sender: client194, message: > hello from client194"
8,1773960752.3650525,1773960754.3110638,1.9460113048553467,success
"sender: client194, message: > hello from client194"
9,1773960759.4514654,1773960761.3948286,1.9433631896972656,success
"sender: client194, message: > hello from client194"
10,1773960766.4895854,1773960768.4966433,2.0070579051971436,success
"sender: client194, message: > hello from client194"
11,1773960773.6266315,1773960775.5761251,1.949493646621704,success
"sender: client194, message: > hello from client194"
12,1773960780.8813162,1773960782.6691446,1.7878284454345703,success
"sender: client194, message: > hello from client194"
13,1773960787.787547,1773960789.7545962,1.9670491218566895,success
"sender: client194, message: > hello from client194"
14,1773960794.8989313,1773960796.8455424,1.9466111660003662,success
"sender: client194, message: > hello from client194"
15,1773960802.0120325,1773960803.925303,1.9132704734802246,success
16,1773960809.021889,1773960811.0193164,1.9974274635314941,success
"sender: client194, message: > hello from client194"
17,1773960816.1216562,1773960818.108342,1.9866857528686523,success
"sender: client194, message: > hello from client194"
18,1773960823.2293315,1773960825.1885695,1.959238052368164,success
"sender: client194, message: > hello from client194"
19,1773960830.3478022,1773960832.269208,1.9214057922363281,success
"sender: client194, message: > hello from client194"
20,1773960837.404056,1773960839.3898551,1.9857990741729736,success
"sender: client194, message: > hello from client194"
21,1773960844.5329475,1773960846.488852,1.955904483795166,success
"sender: client194, message: > hello from client194"
22,1773960851.6439548,1773960853.5552382,1.9112834930419922,success
"sender: client194, message: > hello from client194"
23,1773960858.7310457,1773960860.641721,1.910675287246704,success
"sender: client194, message: > hello from client194"
24,1773960865.7718172,1773960867.7220376,1.9502203464508057,success
"sender: client194, message: > hello from client194"
