round,send_time,recv_time,rtt,status
1,1773967495.986982,1773967498.096172,2.109189987182617,success
2,1773967503.2014658,1773967505.1791306,1.9776647090911865,success
3,1773967510.306659,1773967512.3295426,2.022883653640747,success
4,1773967517.5516174,1773967519.506113,1.9544956684112549,success
5,1773967524.722262,1773967526.6553304,1.9330685138702393,success
6,1773967531.9446657,1773967533.827682,1.8830163478851318,success
"sender: client1, message: > hello from client1"
7,1773967538.980714,1773967541.0137246,2.033010482788086,success
"sender: client1, message: > hello from client1"
8,1773967546.1143682,1773967548.1559935,2.0416252613067627,success
"sender: client1, message: > hello from client1"
9,1773967553.3211093,1773967555.3380551,2.0169458389282227,success
"sender: client1, message: > hello from client1"
10,1773967560.5037127,1773967562.521646,2.0179333686828613,success
"sender: client1, message: > hello from client1"
11,1773967567.68852,1773967569.7070856,2.0185656547546387,success
"sender: client1, message: > hello from client1"
12,1773967574.8650076,1773967576.8775716,2.012563943862915,success
13,1773967582.00164,1773967584.0563612,2.0547211170196533,success
"sender: client1, message: > hello from client1"
14,1773967589.1952076,1773967591.239903,2.0446953773498535,success
"sender: client1, message: > hello from client1"
15,1773967596.408622,1773967598.4151452,2.0065231323242188,success
"sender: client1, message: > hello from client1"
16,1773967603.57934,1773967605.604835,2.0254950523376465,success
"sender: client1, message: > hello from client1"
17,1773967610.742908,1773967612.770535,2.0276269912719727,success
"sender: client1, message: > hello from client1"
18,1773967617.911718,1773967619.9587677,2.0470497608184814,success
"sender: client1, message: > hello from client1"
19,1773967625.0989196,1773967627.136564,2.037644386291504,success
"sender: client1, message: > hello from client1"
20,1773967632.2662432,1773967634.3123727,2.0461294651031494,success
"sender: client1, message: > hello from client1"
