round,send_time,recv_time,rtt,status
2,1773960709.892395,1773960711.7850027,1.8926076889038086,success
3,1773960717.0575125,1773960718.8528867,1.7953741550445557,success
4,1773960724.106458,1773960725.9410522,1.8345942497253418,success
5,1773960731.1933727,1773960733.0407298,1.8473570346832275,success
6,1773960738.1578043,1773960740.1283176,1.9705133438110352,success
"sender: client71, message: > hello from client71"
7,1773960745.242268,1773960747.213067,1.9707989692687988,success
"sender: client71, message: > hello from client71"
8,1773960752.3740265,1773960754.301125,1.9270985126495361,success
"sender: client71, message: > hello from client71"
9,1773960759.4464304,1773960761.3971255,1.9506950378417969,success
10,1773960766.532686,1773960768.4870403,1.9543542861938477,success
"sender: client71, message: > hello from client71"
11,1773960773.5759513,1773960775.5745325,1.9985811710357666,success
"sender: client71, message: > hello from client71"
12,1773960780.8567839,1773960782.6712866,1.8145027160644531,success
"sender: client71, message: > hello from client71"
13,1773960787.8115363,1773960789.7617629,1.9502265453338623,success
"sender: client71, message: > hello from client71"
14,1773960794.9258273,1773960796.847101,1.9212737083435059,success
"sender: client71, message: > hello from client71"
15,1773960802.045055,1773960803.9286234,1.883568525314331,success
"sender: client71, message: > hello from client71"
16,1773960809.0562127,1773960811.0144823,1.9582695960998535,success
"sender: client71, message: > hello from client71"
17,1773960816.135902,1773960818.0948548,1.9589529037475586,success
"sender: client71, message: > hello from client71"
18,1773960823.2217877,1773960825.1830134,1.9612257480621338,success
19,1773960830.343535,1773960832.2672021,1.9236671924591064,success
"sender: client71, message: > hello from client71"
20,1773960837.4116926,1773960839.3877287,1.9760360717773438,success
"sender: client71, message: > hello from client71"
21,1773960844.5456016,1773960846.4816384,1.9360368251800537,success
"sender: client71, message: > hello from client71"
22,1773960851.6069705,1773960853.5637727,1.9568021297454834,success
"sender: client71, message: > hello from client71"
23,1773960858.7168884,1773960860.6450453,1.928156852722168,success
"sender: client71, message: > hello from client71"
24,1773960865.7768126,1773960867.7252052,1.948392629623413,success
"sender: client71, message: > hello from client71"
