round,send_time,recv_time,rtt,status
4,1773967517.5801828,1773967519.502341,1.9221582412719727,success
5,1773967524.7511668,1773967526.6675544,1.9163875579833984,success
6,1773967531.9103825,1773967533.829995,1.9196124076843262,success
7,1773967538.9909647,1773967540.992141,2.001176357269287,success
"sender: client158, message: > hello from client158"
8,1773967546.1430156,1773967548.1617773,2.01876163482666,success
"sender: client158, message: > hello from client158"
9,1773967553.3250968,1773967555.3454118,2.020314931869507,success
"sender: client158, message: > hello from client158"
10,1773967560.4947052,1773967562.5277178,2.033012628555298,success
"sender: client158, message: > hello from client158"
11,1773967567.6909442,1773967569.719199,2.028254747390747,success
"sender: client158, message: > hello from client158"
12,1773967574.8349867,1773967576.8795946,2.0446078777313232,success
"sender: client158, message: > hello from client158"
13,1773967582.0167015,1773967584.060577,2.0438754558563232,success
"sender: client158, message: > hello from client158"
14,1773967589.2091515,1773967591.2425067,2.033355236053467,success
"sender: client158, message: > hello from client158"
15,1773967596.4078739,1773967598.425135,2.017261028289795,success
"sender: client158, message: > hello from client158"
16,1773967603.602535,1773967605.6360025,2.0334675312042236,success
"sender: client158, message: > hello from client158"
17,1773967610.770662,1773967612.7794662,2.0088040828704834,success
18,1773967617.939806,1773967619.9606938,2.020887851715088,success
"sender: client158, message: > hello from client158"
19,1773967625.141169,1773967627.140889,1.9997198581695557,success
"sender: client158, message: > hello from client158"
20,1773967632.2548087,1773967634.3212519,2.0664432048797607,success
"sender: client158, message: > hello from client158"
