round,send_time,recv_time,rtt,status
3,1773967510.3828983,1773967512.331129,1.9482307434082031,success
4,1773967517.5612319,1773967519.4938586,1.932626724243164,success
5,1773967524.7636263,1773967526.673333,1.9097065925598145,success
6,1773967531.9246423,1773967533.830552,1.905909776687622,success
"sender: client79, message: > hello from client79"
7,1773967538.9540873,1773967540.9913814,2.0372941493988037,success
8,1773967546.1454089,1773967548.1569784,2.0115694999694824,success
"sender: client79, message: > hello from client79"
9,1773967553.3261943,1773967555.3418043,2.0156099796295166,success
"sender: client79, message: > hello from client79"
10,1773967560.4989696,1773967562.5235784,2.024608850479126,success
"sender: client79, message: > hello from client79"
11,1773967567.689079,1773967569.7087138,2.01963472366333,success
"sender: client79, message: > hello from client79"
12,1773967574.8643646,1773967576.8853905,2.0210258960723877,success
"sender: client79, message: > hello from client79"
13,1773967582.0399053,1773967584.060075,2.020169734954834,success
"sender: client79, message: > hello from client79"
14,1773967589.202546,1773967591.2511759,2.0486299991607666,success
"sender: client79, message: > hello from client79"
15,1773967596.384337,1773967598.4175537,2.033216714859009,success
"sender: client79, message: > hello from client79"
16,1773967603.6049495,1773967605.6277754,2.0228259563446045,success
"sender: client79, message: > hello from client79"
17,1773967610.7146454,1773967612.771185,2.056539535522461,success
"sender: client79, message: > hello from client79"
18,1773967617.9397058,1773967619.948789,2.0090830326080322,success
"sender: client79, message: > hello from client79"
19,1773967625.1318789,1773967627.1391323,2.007253408432007,success
"sender: client79, message: > hello from client79"
20,1773967632.2947845,1773967634.3285797,2.033795118331909,success
