round,send_time,recv_time,rtt,status
4,1773960724.1630952,1773960725.9427078,1.7796125411987305,success
5,1773960731.1719346,1773960733.0421076,1.8701729774475098,success
6,1773960738.1444876,1773960740.1266208,1.982133150100708,success
"sender: client172, message: > hello from client172"
7,1773960745.2590756,1773960747.2316544,1.972578763961792,success
"sender: client172, message: > hello from client172"
8,1773960752.3380353,1773960754.302721,1.9646856784820557,success
"sender: client172, message: > hello from client172"
9,1773960759.4410036,1773960761.3913066,1.950303077697754,success
10,1773960766.5465415,1773960768.5021768,1.9556353092193604,success
"sender: client172, message: > hello from client172"
11,1773960773.6196084,1773960775.5771487,1.9575402736663818,success
"sender: client172, message: > hello from client172"
12,1773960780.840034,1773960782.6653872,1.8253531455993652,success
"sender: client172, message: > hello from client172"
13,1773960787.769068,1773960789.7581496,1.989081621170044,success
"sender: client172, message: > hello from client172"
14,1773960794.9324317,1773960796.8388338,1.9064021110534668,success
"sender: client172, message: > hello from client172"
15,1773960801.9435115,1773960803.9240909,1.9805793762207031,success
"sender: client172, message: > hello from client172"
16,1773960809.0564816,1773960811.0103946,1.9539129734039307,success
"sender: client172, message: > hello from client172"
17,1773960816.1529596,1773960818.1135786,1.9606189727783203,success
"sender: client172, message: > hello from client172"
18,1773960823.2382796,1773960825.18808,1.9498004913330078,success
19,1773960830.3442662,1773960832.2664797,1.9222135543823242,success
"sender: client172, message: > hello from client172"
20,1773960837.4132757,1773960839.3886654,1.9753897190093994,success
"sender: client172, message: > hello from client172"
21,1773960844.554593,1773960846.483942,1.9293489456176758,success
"sender: client172, message: > hello from client172"
22,1773960851.6423097,1773960853.5535955,1.9112858772277832,success
"sender: client172, message: > hello from client172"
23,1773960858.7286327,1773960860.64521,1.9165773391723633,success
"sender: client172, message: > hello from client172"
24,1773960865.7659822,1773960867.7144785,1.9484963417053223,success
"sender: client172, message: > hello from client172"
