round,send_time,recv_time,rtt,status
4,1773967517.538805,1773967519.4985435,1.9597384929656982,success
5,1773967524.7750175,1773967526.6746573,1.8996398448944092,success
6,1773967531.888631,1773967533.835158,1.9465270042419434,success
"sender: client179, message: > hello from client179"
7,1773967538.9376304,1773967541.0119112,2.0742807388305664,success
8,1773967546.1446097,1773967548.175814,2.0312042236328125,success
"sender: client179, message: > hello from client179"
9,1773967553.3283217,1773967555.342112,2.0137903690338135,success
"sender: client179, message: > hello from client179"
10,1773967560.4719794,1773967562.5332062,2.0612268447875977,success
"sender: client179, message: > hello from client179"
11,1773967567.6702852,1773967569.7195516,2.0492663383483887,success
"sender: client179, message: > hello from client179"
12,1773967574.851716,1773967576.8824656,2.030749559402466,success
"sender: client179, message: > hello from client179"
13,1773967582.016903,1773967584.061058,2.0441551208496094,success
"sender: client179, message: > hello from client179"
14,1773967589.2112532,1773967591.2508569,2.0396037101745605,success
15,1773967596.3949997,1773967598.4214103,2.0264105796813965,success
"sender: client179, message: > hello from client179"
16,1773967603.575155,1773967605.6313646,2.0562095642089844,success
"sender: client179, message: > hello from client179"
17,1773967610.7645547,1773967612.7746081,2.0100533962249756,success
"sender: client179, message: > hello from client179"
18,1773967617.9347506,1773967619.9588623,2.024111747741699,success
19,1773967625.125997,1773967627.1420417,2.0160446166992188,success
"sender: client179, message: > hello from client179"
20,1773967632.2731304,1773967634.3310826,2.0579521656036377,success
"sender: client179, message: > hello from client179"
