round,send_time,recv_time,rtt,status
2,1773967503.1901195,1773967505.1774225,1.9873030185699463,success
3,1773967510.3927426,1773967512.3258836,1.9331409931182861,success
4,1773967517.5377839,1773967519.4918892,1.9541053771972656,success
5,1773967524.7465038,1773967526.656157,1.9096531867980957,success
6,1773967531.7835846,1773967533.8282464,2.0446617603302,success
"sender: client8, message: > hello from client8"
7,1773967539.0771406,1773967540.997845,1.9207043647766113,success
"sender: client8, message: > hello from client8"
8,1773967546.1429224,1773967548.1572933,2.014370918273926,success
"sender: client8, message: > hello from client8"
9,1773967553.308472,1773967555.3386602,2.0301883220672607,success
"sender: client8, message: > hello from client8"
10,1773967560.5032072,1773967562.5260036,2.022796392440796,success
"sender: client8, message: > hello from client8"
11,1773967567.6490974,1773967569.7125592,2.0634617805480957,success
"sender: client8, message: > hello from client8"
12,1773967574.8521342,1773967576.886592,2.0344576835632324,success
"sender: client8, message: > hello from client8"
13,1773967582.022005,1773967584.0563786,2.0343735218048096,success
"sender: client8, message: > hello from client8"
14,1773967589.210215,1773967591.2341456,2.023930549621582,success
"sender: client8, message: > hello from client8"
15,1773967596.3910835,1773967598.4177105,2.0266270637512207,success
"sender: client8, message: > hello from client8"
16,1773967603.5837817,1773967605.6053128,2.021531105041504,success
"sender: client8, message: > hello from client8"
17,1773967610.7371686,1773967612.7743263,2.0371577739715576,success
"sender: client8, message: > hello from client8"
18,1773967617.9317746,1773967619.9474537,2.015679121017456,success
"sender: client8, message: > hello from client8"
19,1773967625.1084857,1773967627.1374733,2.0289876461029053,success
"sender: client8, message: > hello from client8"
20,1773967632.2844083,1773967634.3120089,2.0276005268096924,success
"sender: client8, message: > hello from client8"
