round,send_time,recv_time,rtt,status
4,1773967517.6544058,1773967519.498413,1.8440072536468506,success
5,1773967524.7586596,1773967526.6619828,1.9033231735229492,success
6,1773967531.8679464,1773967533.8430793,1.975132942199707,success
"sender: client144, message: > hello from client144"
7,1773967539.0652845,1773967540.9919028,1.9266183376312256,success
"sender: client144, message: > hello from client144"
8,1773967546.1464212,1773967548.1760805,2.0296592712402344,success
"sender: client144, message: > hello from client144"
9,1773967553.3188996,1773967555.3467808,2.027881145477295,success
"sender: client144, message: > hello from client144"
10,1773967560.4999301,1773967562.5332823,2.0333521366119385,success
"sender: client144, message: > hello from client144"
11,1773967567.6468365,1773967569.7121918,2.0653553009033203,success
"sender: client144, message: > hello from client144"
12,1773967574.8491852,1773967576.8851075,2.0359222888946533,success
"sender: client144, message: > hello from client144"
13,1773967582.0255587,1773967584.072131,2.046572208404541,success
"sender: client144, message: > hello from client144"
14,1773967589.1967576,1773967591.2514367,2.0546791553497314,success
"sender: client144, message: > hello from client144"
15,1773967596.37194,1773967598.420922,2.0489821434020996,success
"sender: client144, message: > hello from client144"
16,1773967603.607459,1773967605.6359897,2.0285305976867676,success
"sender: client144, message: > hello from client144"
17,1773967610.766774,1773967612.7766836,2.0099096298217773,success
18,1773967617.9180849,1773967619.9498754,2.0317904949188232,success
"sender: client144, message: > hello from client144"
19,1773967625.1481516,1773967627.1412823,1.9931306838989258,success
20,1773967632.4057145,1773967634.3156888,1.9099743366241455,success
"sender: client144, message: > hello from client144"
