round,send_time,recv_time,rtt,status
4,1773967517.6557353,1773967519.5089672,1.8532319068908691,success
5,1773967524.7625656,1773967526.6680343,1.9054687023162842,success
6,1773967531.9397132,1773967533.8439562,1.904242992401123,success
7,1773967539.005982,1773967540.992299,1.9863171577453613,success
"sender: client149, message: > hello from client149"
8,1773967546.1278121,1773967548.1731658,2.045353651046753,success
"sender: client149, message: > hello from client149"
9,1773967553.3223655,1773967555.3404293,2.01806378364563,success
"sender: client149, message: > hello from client149"
10,1773967560.4835486,1773967562.532067,2.048518419265747,success
"sender: client149, message: > hello from client149"
11,1773967567.6779633,1773967569.7210786,2.0431153774261475,success
"sender: client149, message: > hello from client149"
12,1773967574.8327162,1773967576.8851874,2.052471160888672,success
"sender: client149, message: > hello from client149"
13,1773967582.029483,1773967584.0672884,2.0378053188323975,success
"sender: client149, message: > hello from client149"
14,1773967589.2191,1773967591.2411242,2.022024154663086,success
"sender: client149, message: > hello from client149"
15,1773967596.396097,1773967598.4215248,2.02542781829834,success
"sender: client149, message: > hello from client149"
16,1773967603.60115,1773967605.6361034,2.0349533557891846,success
"sender: client149, message: > hello from client149"
17,1773967610.765824,1773967612.7848427,2.0190186500549316,success
"sender: client149, message: > hello from client149"
18,1773967617.9100552,1773967619.9550786,2.0450234413146973,success
"sender: client149, message: > hello from client149"
19,1773967625.1426775,1773967627.1406338,1.9979562759399414,success
"sender: client149, message: > hello from client149"
20,1773967632.2605724,1773967634.3279586,2.0673861503601074,success
"sender: client149, message: > hello from client149"
