round,send_time,recv_time,rtt,status
2,1773967503.196134,1773967505.1784408,1.982306718826294,success
3,1773967510.389852,1773967512.3285918,1.9387397766113281,success
4,1773967517.658023,1773967519.4920397,1.8340165615081787,success
5,1773967524.8010683,1773967526.6576083,1.8565399646759033,success
6,1773967531.9323115,1773967533.8299172,1.8976056575775146,success
7,1773967539.0757318,1773967541.0125165,1.9367847442626953,success
"sender: client48, message: > hello from client48"
8,1773967546.1138818,1773967548.1766772,2.062795400619507,success
"sender: client48, message: > hello from client48"
9,1773967553.2869394,1773967555.3388178,2.0518784523010254,success
"sender: client48, message: > hello from client48"
10,1773967560.4921052,1773967562.5225015,2.0303962230682373,success
"sender: client48, message: > hello from client48"
11,1773967567.6668992,1773967569.7180948,2.0511956214904785,success
"sender: client48, message: > hello from client48"
12,1773967574.8620434,1773967576.8785675,2.016524076461792,success
"sender: client48, message: > hello from client48"
13,1773967582.0146074,1773967584.072446,2.0578386783599854,success
"sender: client48, message: > hello from client48"
14,1773967589.1997356,1773967591.2334604,2.033724784851074,success
"sender: client48, message: > hello from client48"
15,1773967596.3679395,1773967598.4156024,2.0476629734039307,success
"sender: client48, message: > hello from client48"
16,1773967603.6031997,1773967605.6266253,2.023425579071045,success
"sender: client48, message: > hello from client48"
17,1773967610.7654965,1773967612.7846625,2.0191659927368164,success
"sender: client48, message: > hello from client48"
18,1773967617.9167478,1773967619.9485013,2.0317535400390625,success
"sender: client48, message: > hello from client48"
19,1773967625.1456137,1773967627.137344,1.9917302131652832,success
"sender: client48, message: > hello from client48"
20,1773967632.4045284,1773967634.3131676,1.9086391925811768,success
"sender: client48, message: > hello from client48"
