round,send_time,recv_time,rtt,status
3,1773967510.3194125,1773967512.3252037,2.005791187286377,success
4,1773967517.5376215,1773967519.4996753,1.9620537757873535,success
5,1773967524.6822531,1773967526.664893,1.9826397895812988,success
6,1773967531.944116,1773967533.8412986,1.8971824645996094,success
7,1773967538.962534,1773967540.9917526,2.0292186737060547,success
"sender: client128, message: > hello from client128"
8,1773967546.1376107,1773967548.174673,2.037062406539917,success
"sender: client128, message: > hello from client128"
9,1773967553.3103702,1773967555.3401735,2.0298032760620117,success
"sender: client128, message: > hello from client128"
10,1773967560.4904222,1773967562.5367682,2.0463459491729736,success
"sender: client128, message: > hello from client128"
11,1773967567.6780562,1773967569.7118726,2.033816337585449,success
"sender: client128, message: > hello from client128"
12,1773967574.8507473,1773967576.8792672,2.028519868850708,success
"sender: client128, message: > hello from client128"
13,1773967582.0366728,1773967584.0762892,2.039616346359253,success
"sender: client128, message: > hello from client128"
14,1773967589.1946926,1773967591.2394714,2.044778823852539,success
"sender: client128, message: > hello from client128"
15,1773967596.3832955,1773967598.4199693,2.0366737842559814,success
"sender: client128, message: > hello from client128"
16,1773967603.5902338,1773967605.636984,2.04675030708313,success
"sender: client128, message: > hello from client128"
17,1773967610.7347472,1773967612.7774136,2.042666435241699,success
"sender: client128, message: > hello from client128"
18,1773967617.931957,1773967619.9495976,2.0176405906677246,success
"sender: client128, message: > hello from client128"
19,1773967625.124844,1773967627.1408043,2.015960216522217,success
"sender: client128, message: > hello from client128"
20,1773967632.2824278,1773967634.3169916,2.0345637798309326,success
"sender: client128, message: > hello from client128"
