round,send_time,recv_time,rtt,status
3,1773967510.4008965,1773967512.3310757,1.9301791191101074,success
4,1773967517.6636639,1773967519.5109358,1.8472719192504883,success
5,1773967524.7059083,1773967526.6641638,1.9582555294036865,success
6,1773967531.8003953,1773967533.829357,2.028961658477783,success
7,1773967539.0727782,1773967540.9916253,1.9188470840454102,success
"sender: client78, message: > hello from client78"
8,1773967546.1489847,1773967548.161592,2.0126073360443115,success
"sender: client78, message: > hello from client78"
9,1773967553.287267,1773967555.3452709,2.0580039024353027,success
"sender: client78, message: > hello from client78"
10,1773967560.4884088,1773967562.5387743,2.050365447998047,success
"sender: client78, message: > hello from client78"
11,1773967567.6619806,1773967569.7105546,2.0485739707946777,success
"sender: client78, message: > hello from client78"
12,1773967574.838387,1773967576.8777807,2.039393663406372,success
"sender: client78, message: > hello from client78"
13,1773967582.0234141,1773967584.0558083,2.0323941707611084,success
"sender: client78, message: > hello from client78"
14,1773967589.2033808,1773967591.2421405,2.038759708404541,success
"sender: client78, message: > hello from client78"
15,1773967596.370336,1773967598.4170835,2.0467474460601807,success
"sender: client78, message: > hello from client78"
16,1773967603.596974,1773967605.6268265,2.0298526287078857,success
"sender: client78, message: > hello from client78"
17,1773967610.7698686,1773967612.7711987,2.0013301372528076,success
"sender: client78, message: > hello from client78"
18,1773967617.9300277,1773967619.9627314,2.0327036380767822,success
"sender: client78, message: > hello from client78"
19,1773967625.1161685,1773967627.1394732,2.0233047008514404,success
"sender: client78, message: > hello from client78"
20,1773967632.2666347,1773967634.3154244,2.0487897396087646,success
