round,send_time,recv_time,rtt,status
2,1773960709.8641772,1773960711.7865644,1.9223871231079102,success
3,1773960717.0657103,1773960718.8488998,1.7831895351409912,success
4,1773960724.108002,1773960725.9449718,1.8369698524475098,success
5,1773960731.1990118,1773960733.035557,1.8365452289581299,success
6,1773960738.2004004,1773960740.1268058,1.926405429840088,success
"sender: client40, message: > hello from client40"
7,1773960745.2652416,1773960747.2237954,1.9585537910461426,success
"sender: client40, message: > hello from client40"
8,1773960752.3563464,1773960754.3065057,1.9501593112945557,success
"sender: client40, message: > hello from client40"
9,1773960759.4451942,1773960761.3888009,1.9436066150665283,success
"sender: client40, message: > hello from client40"
10,1773960766.5233526,1773960768.4858887,1.962536096572876,success
"sender: client40, message: > hello from client40"
11,1773960773.6237829,1773960775.5669272,1.9431443214416504,success
"sender: client40, message: > hello from client40"
12,1773960780.8830173,1773960782.6732857,1.7902684211730957,success
"sender: client40, message: > hello from client40"
13,1773960787.7863774,1773960789.7536788,1.967301368713379,success
"sender: client40, message: > hello from client40"
14,1773960794.9291584,1773960796.835213,1.9060544967651367,success
"sender: client40, message: > hello from client40"
15,1773960802.0457168,1773960803.9253569,1.8796401023864746,success
"sender: client40, message: > hello from client40"
16,1773960809.076362,1773960811.0118985,1.9355366230010986,success
"sender: client40, message: > hello from client40"
17,1773960816.1150799,1773960818.0960839,1.981003999710083,success
18,1773960823.22612,1773960825.1876183,1.9614982604980469,success
19,1773960830.3266525,1773960832.2624063,1.9357538223266602,success
"sender: client40, message: > hello from client40"
20,1773960837.3766623,1773960839.3860407,2.009378433227539,success
"sender: client40, message: > hello from client40"
21,1773960844.517175,1773960846.4959698,1.978794813156128,success
"sender: client40, message: > hello from client40"
22,1773960851.6598732,1773960853.5510023,1.8911290168762207,success
"sender: client40, message: > hello from client40"
23,1773960858.7198215,1773960860.6333766,1.9135551452636719,success
"sender: client40, message: > hello from client40"
24,1773960865.774629,1773960867.736907,1.962277889251709,success
"sender: client40, message: > hello from client40"
