round,send_time,recv_time,rtt,status
4,1773967517.6303957,1773967519.5026944,1.8722987174987793,success
5,1773967524.6597254,1773967526.6647332,2.005007743835449,success
6,1773967531.93956,1773967533.8413165,1.9017565250396729,success
7,1773967539.0038462,1773967540.9927561,1.9889099597930908,success
"sender: client164, message: > hello from client164"
8,1773967546.1280174,1773967548.1767223,2.0487048625946045,success
9,1773967553.3096168,1773967555.3464417,2.036824941635132,success
"sender: client164, message: > hello from client164"
10,1773967560.462785,1773967562.527748,2.0649631023406982,success
"sender: client164, message: > hello from client164"
11,1773967567.673328,1773967569.714921,2.041593074798584,success
"sender: client164, message: > hello from client164"
12,1773967574.8378656,1773967576.8817203,2.0438547134399414,success
"sender: client164, message: > hello from client164"
13,1773967582.0318723,1773967584.0607598,2.0288875102996826,success
"sender: client164, message: > hello from client164"
14,1773967589.216511,1773967591.249704,2.0331928730010986,success
"sender: client164, message: > hello from client164"
15,1773967596.4008608,1773967598.4212906,2.020429849624634,success
"sender: client164, message: > hello from client164"
16,1773967603.60631,1773967605.6395566,2.0332467555999756,success
"sender: client164, message: > hello from client164"
17,1773967610.7511437,1773967612.7786481,2.0275044441223145,success
"sender: client164, message: > hello from client164"
18,1773967617.911471,1773967619.9500282,2.038557291030884,success
"sender: client164, message: > hello from client164"
19,1773967625.1314898,1773967627.1445963,2.01310658454895,success
"sender: client164, message: > hello from client164"
20,1773967632.2551997,1773967634.3437626,2.0885629653930664,success
"sender: client164, message: > hello from client164"
