round,send_time,recv_time,rtt,status
3,1773960717.060563,1773960718.850081,1.789517879486084,success
4,1773960724.0994895,1773960725.9448068,1.8453173637390137,success
5,1773960731.2163548,1773960733.06263,1.8462750911712646,success
6,1773960738.1817808,1773960740.1290033,1.9472224712371826,success
7,1773960745.2808862,1773960747.2230322,1.9421460628509521,success
"sender: client119, message: > hello from client119"
8,1773960752.3444176,1773960754.30911,1.9646923542022705,success
"sender: client119, message: > hello from client119"
9,1773960759.4310427,1773960761.3939312,1.962888479232788,success
"sender: client119, message: > hello from client119"
10,1773960766.5379345,1773960768.4870174,1.949082851409912,success
"sender: client119, message: > hello from client119"
11,1773960773.6161351,1773960775.5738635,1.957728385925293,success
"sender: client119, message: > hello from client119"
12,1773960780.8860915,1773960782.6682227,1.7821311950683594,success
13,1773960787.8180149,1773960789.751975,1.933960199356079,success
14,1773960794.8953364,1773960796.836255,1.9409186840057373,success
"sender: client119, message: > hello from client119"
15,1773960802.0410428,1773960803.9291246,1.8880817890167236,success
"sender: client119, message: > hello from client119"
16,1773960809.0614586,1773960811.0164747,1.9550161361694336,success
"sender: client119, message: > hello from client119"
17,1773960816.1494799,1773960818.1099226,1.9604427814483643,success
"sender: client119, message: > hello from client119"
18,1773960823.224781,1773960825.184237,1.959455966949463,success
"sender: client119, message: > hello from client119"
19,1773960830.2950816,1773960832.2637305,1.968648910522461,success
"sender: client119, message: > hello from client119"
20,1773960837.39896,1773960839.4011335,2.00217342376709,success
"sender: client119, message: > hello from client119"
21,1773960844.5199544,1773960846.4748638,1.954909324645996,success
"sender: client119, message: > hello from client119"
22,1773960851.6286635,1773960853.5514114,1.9227478504180908,success
"sender: client119, message: > hello from client119"
23,1773960858.716281,1773960860.6419919,1.925710916519165,success
"sender: client119, message: > hello from client119"
24,1773960865.7746243,1773960867.723637,1.9490127563476562,success
"sender: client119, message: > hello from client119"
