round,send_time,recv_time,rtt,status
2,1773960709.8735723,1773960711.7846725,1.911100149154663,success
3,1773960717.00885,1773960718.8491712,1.8403210639953613,success
4,1773960724.152873,1773960725.939936,1.7870628833770752,success
5,1773960731.1320617,1773960733.055995,1.9239332675933838,success
6,1773960738.1530144,1773960740.1282055,1.9751911163330078,success
7,1773960745.2779214,1773960747.2167833,1.9388618469238281,success
"sender: client22, message: > hello from client22"
8,1773960752.3709579,1773960754.306201,1.9352431297302246,success
9,1773960759.4651067,1773960761.388622,1.9235153198242188,success
"sender: client22, message: > hello from client22"
10,1773960766.5356562,1773960768.4799008,1.944244623184204,success
"sender: client22, message: > hello from client22"
11,1773960773.5976746,1773960775.5673125,1.9696378707885742,success
"sender: client22, message: > hello from client22"
12,1773960780.8748374,1773960782.660295,1.7854576110839844,success
"sender: client22, message: > hello from client22"
13,1773960787.8119836,1773960789.7499218,1.9379382133483887,success
"sender: client22, message: > hello from client22"
14,1773960794.9336686,1773960796.8338578,1.9001891613006592,success
"sender: client22, message: > hello from client22"
15,1773960802.0454645,1773960803.9247003,1.8792357444763184,success
"sender: client22, message: > hello from client22"
16,1773960809.077962,1773960811.010769,1.9328069686889648,success
"sender: client22, message: > hello from client22"
17,1773960816.1305785,1773960818.0935786,1.9630000591278076,success
"sender: client22, message: > hello from client22"
18,1773960823.224407,1773960825.1944728,1.9700658321380615,success
"sender: client22, message: > hello from client22"
19,1773960830.3408642,1773960832.2721982,1.9313340187072754,success
"sender: client22, message: > hello from client22"
20,1773960837.396086,1773960839.38323,1.9871439933776855,success
"sender: client22, message: > hello from client22"
21,1773960844.5199754,1773960846.4781728,1.9581973552703857,success
"sender: client22, message: > hello from client22"
22,1773960851.652135,1773960853.5494308,1.8972959518432617,success
"sender: client22, message: > hello from client22"
23,1773960858.7203245,1773960860.6470144,1.926689863204956,success
"sender: client22, message: > hello from client22"
24,1773960865.762226,1773960867.7210126,1.9587864875793457,success
"sender: client22, message: > hello from client22"
