round,send_time,recv_time,rtt,status
2,1773960709.8919637,1773960711.78711,1.895146369934082,success
3,1773960717.0627148,1773960718.8523057,1.789590835571289,success
4,1773960724.0945,1773960725.9408817,1.846381664276123,success
5,1773960731.2009833,1773960733.062034,1.8610506057739258,success
6,1773960738.1906035,1773960740.1240876,1.9334840774536133,success
7,1773960745.2333028,1773960747.21291,1.979607105255127,success
"sender: client62, message: > hello from client62"
8,1773960752.3768356,1773960754.3117137,1.9348781108856201,success
"sender: client62, message: > hello from client62"
9,1773960759.4631982,1773960761.389159,1.9259607791900635,success
"sender: client62, message: > hello from client62"
10,1773960766.5437708,1773960768.4877534,1.9439826011657715,success
"sender: client62, message: > hello from client62"
11,1773960773.5951936,1773960775.5732927,1.9780991077423096,success
"sender: client62, message: > hello from client62"
12,1773960780.8880997,1773960782.6635067,1.775407075881958,success
13,1773960787.8179464,1773960789.750352,1.9324054718017578,success
"sender: client62, message: > hello from client62"
14,1773960794.8930166,1773960796.8346872,1.9416706562042236,success
"sender: client62, message: > hello from client62"
15,1773960802.0490975,1773960803.9219143,1.872816801071167,success
"sender: client62, message: > hello from client62"
16,1773960809.0785298,1773960811.01609,1.9375600814819336,success
17,1773960816.1486652,1773960818.106873,1.9582078456878662,success
18,1773960823.233786,1773960825.182601,1.948814868927002,success
"sender: client62, message: > hello from client62"
19,1773960830.3438587,1773960832.2696707,1.925812005996704,success
"sender: client62, message: > hello from client62"
20,1773960837.3713307,1773960839.3867176,2.0153868198394775,success
"sender: client62, message: > hello from client62"
21,1773960844.542114,1773960846.4801643,1.9380502700805664,success
"sender: client62, message: > hello from client62"
22,1773960851.657178,1773960853.5519228,1.894744873046875,success
"sender: client62, message: > hello from client62"
23,1773960858.7308478,1773960860.6461234,1.9152755737304688,success
"sender: client62, message: > hello from client62"
24,1773960865.7823822,1773960867.7183433,1.9359610080718994,success
"sender: client62, message: > hello from client62"
