round,send_time,recv_time,rtt,status
2,1773967503.174878,1773967505.1785161,2.00363826751709,success
3,1773967510.3543499,1773967512.3302824,1.9759325981140137,success
4,1773967517.5254297,1773967519.4924972,1.9670674800872803,success
5,1773967524.742823,1773967526.6680586,1.9252357482910156,success
6,1773967531.9414024,1773967533.8283896,1.8869872093200684,success
7,1773967538.9371376,1773967540.991475,2.054337501525879,success
"sender: client34, message: > hello from client34"
8,1773967546.146133,1773967548.1566563,2.0105233192443848,success
"sender: client34, message: > hello from client34"
9,1773967553.2925973,1773967555.340525,2.0479276180267334,success
"sender: client34, message: > hello from client34"
10,1773967560.4967182,1773967562.5239606,2.027242422103882,success
"sender: client34, message: > hello from client34"
11,1773967567.6678975,1773967569.706848,2.0389504432678223,success
"sender: client34, message: > hello from client34"
12,1773967574.8509147,1773967576.8854795,2.034564733505249,success
"sender: client34, message: > hello from client34"
13,1773967582.0385754,1773967584.0555277,2.0169522762298584,success
"sender: client34, message: > hello from client34"
14,1773967589.2170584,1773967591.2339017,2.016843318939209,success
15,1773967596.4070983,1773967598.417998,2.010899782180786,success
"sender: client34, message: > hello from client34"
16,1773967603.602531,1773967605.627469,2.0249381065368652,success
"sender: client34, message: > hello from client34"
17,1773967610.769076,1773967612.77111,2.0020339488983154,success
"sender: client34, message: > hello from client34"
18,1773967617.9247162,1773967619.9480486,2.023332357406616,success
"sender: client34, message: > hello from client34"
19,1773967625.144772,1773967627.142795,1.9980230331420898,success
"sender: client34, message: > hello from client34"
20,1773967632.2995212,1773967634.3129144,2.0133931636810303,success
"sender: client34, message: > hello from client34"
