round,send_time,recv_time,rtt,status
3,1773960716.9496143,1773960718.855495,1.9058806896209717,success
4,1773960724.072058,1773960725.9442713,1.872213363647461,success
5,1773960731.1960208,1773960733.0390508,1.8430299758911133,success
6,1773960738.1704257,1773960740.1275764,1.9571506977081299,success
"sender: client124, message: > hello from client124"
7,1773960745.264199,1773960747.2233505,1.9591515064239502,success
"sender: client124, message: > hello from client124"
8,1773960752.3546667,1773960754.3132114,1.9585447311401367,success
9,1773960759.4327624,1773960761.399754,1.966991662979126,success
"sender: client124, message: > hello from client124"
10,1773960766.4986997,1773960768.4997387,2.0010390281677246,success
"sender: client124, message: > hello from client124"
11,1773960773.588704,1773960775.570923,1.9822189807891846,success
"sender: client124, message: > hello from client124"
12,1773960780.8780234,1773960782.6707444,1.7927210330963135,success
"sender: client124, message: > hello from client124"
13,1773960787.779128,1773960789.7520971,1.9729690551757812,success
"sender: client124, message: > hello from client124"
14,1773960794.888885,1773960796.8375762,1.9486911296844482,success
"sender: client124, message: > hello from client124"
15,1773960802.0480971,1773960803.9229443,1.874847173690796,success
16,1773960809.0473647,1773960811.014818,1.9674532413482666,success
"sender: client124, message: > hello from client124"
17,1773960816.155925,1773960818.0967968,1.9408717155456543,success
"sender: client124, message: > hello from client124"
18,1773960823.2235463,1773960825.1827967,1.9592504501342773,success
"sender: client124, message: > hello from client124"
19,1773960830.3326924,1773960832.2693639,1.936671495437622,success
"sender: client124, message: > hello from client124"
20,1773960837.3674011,1773960839.3990178,2.031616687774658,success
"sender: client124, message: > hello from client124"
21,1773960844.5494459,1773960846.488878,1.939432144165039,success
"sender: client124, message: > hello from client124"
22,1773960851.6205037,1773960853.5518785,1.9313747882843018,success
"sender: client124, message: > hello from client124"
23,1773960858.6952732,1773960860.6418023,1.9465291500091553,success
"sender: client124, message: > hello from client124"
24,1773960865.7814333,1773960867.7370765,1.9556431770324707,success
"sender: client124, message: > hello from client124"
