round,send_time,recv_time,rtt,status
4,1773960724.0880342,1773960725.942418,1.854383945465088,success
5,1773960731.2050233,1773960733.0409973,1.8359739780426025,success
"sender: client165, message: > hello from client165"
6,1773960738.2148995,1773960740.1258006,1.9109010696411133,success
"sender: client165, message: > hello from client165"
7,1773960745.242783,1773960747.2147439,1.9719607830047607,success
"sender: client165, message: > hello from client165"
8,1773960752.3355005,1773960754.3131058,1.9776053428649902,success
"sender: client165, message: > hello from client165"
9,1773960759.4509192,1773960761.3911753,1.940256118774414,success
10,1773960766.513996,1773960768.4925668,1.9785709381103516,success
"sender: client165, message: > hello from client165"
11,1773960773.6371818,1773960775.5772154,1.9400336742401123,success
"sender: client165, message: > hello from client165"
12,1773960780.871164,1773960782.6629846,1.7918205261230469,success
"sender: client165, message: > hello from client165"
13,1773960787.813902,1773960789.7532177,1.9393157958984375,success
"sender: client165, message: > hello from client165"
14,1773960794.933479,1773960796.837302,1.903822898864746,success
"sender: client165, message: > hello from client165"
15,1773960802.0503595,1773960803.9239016,1.873542070388794,success
"sender: client165, message: > hello from client165"
16,1773960809.0659032,1773960811.0146995,1.948796272277832,success
"sender: client165, message: > hello from client165"
17,1773960816.1526368,1773960818.0969625,1.9443256855010986,success
"sender: client165, message: > hello from client165"
18,1773960823.2397842,1773960825.183365,1.9435808658599854,success
"sender: client165, message: > hello from client165"
19,1773960830.348174,1773960832.2646816,1.9165074825286865,success
"sender: client165, message: > hello from client165"
20,1773960837.4117894,1773960839.3885636,1.9767742156982422,success
"sender: client165, message: > hello from client165"
21,1773960844.527754,1773960846.4838326,1.9560785293579102,success
"sender: client165, message: > hello from client165"
22,1773960851.6700778,1773960853.558678,1.8886001110076904,success
"sender: client165, message: > hello from client165"
23,1773960858.7026048,1773960860.63653,1.9339251518249512,success
"sender: client165, message: > hello from client165"
24,1773960865.7783175,1773960867.737799,1.9594814777374268,success
"sender: client165, message: > hello from client165"
