round,send_time,recv_time,rtt,status
3,1773967510.386561,1773967512.3298776,1.9433166980743408,success
4,1773967517.6660545,1773967519.495962,1.8299074172973633,success
5,1773967524.7959394,1773967526.6579936,1.8620541095733643,success
6,1773967531.940713,1773967533.8446422,1.9039292335510254,success
"sender: client121, message: > hello from client121"
7,1773967539.0034723,1773967541.0001,1.9966275691986084,success
8,1773967546.157436,1773967548.1575325,2.000096559524536,success
"sender: client121, message: > hello from client121"
9,1773967553.323059,1773967555.3398733,2.0168142318725586,success
10,1773967560.4839547,1773967562.5401256,2.05617094039917,success
"sender: client121, message: > hello from client121"
11,1773967567.678305,1773967569.7184637,2.040158748626709,success
"sender: client121, message: > hello from client121"
12,1773967574.8404367,1773967576.8781226,2.0376858711242676,success
"sender: client121, message: > hello from client121"
13,1773967582.0334525,1773967584.058453,2.02500057220459,success
"sender: client121, message: > hello from client121"
14,1773967589.2209666,1773967591.2422106,2.0212440490722656,success
"sender: client121, message: > hello from client121"
15,1773967596.406068,1773967598.4200451,2.01397705078125,success
"sender: client121, message: > hello from client121"
16,1773967603.5764601,1773967605.6367037,2.060243606567383,success
"sender: client121, message: > hello from client121"
17,1773967610.7729454,1773967612.7856498,2.012704372406006,success
"sender: client121, message: > hello from client121"
18,1773967617.9218972,1773967619.9546232,2.0327260494232178,success
"sender: client121, message: > hello from client121"
19,1773967625.1262012,1773967627.1402888,2.014087677001953,success
"sender: client121, message: > hello from client121"
20,1773967632.261823,1773967634.3295696,2.067746639251709,success
"sender: client121, message: > hello from client121"
