round,send_time,recv_time,rtt,status
1,1773960702.7442353,1773960704.8071873,2.0629520416259766,success
2,1773960709.8758733,1773960711.7836115,1.907738208770752,success
3,1773960716.967893,1773960718.8482199,1.8803269863128662,success
4,1773960724.1394858,1773960725.9442828,1.8047969341278076,success
5,1773960731.1942666,1773960733.035489,1.8412225246429443,success
6,1773960738.1902456,1773960740.1232562,1.9330105781555176,success
7,1773960745.2809196,1773960747.2169058,1.9359862804412842,success
"sender: client13, message: > hello from client13"
8,1773960752.3592834,1773960754.306982,1.9476985931396484,success
"sender: client13, message: > hello from client13"
9,1773960759.425081,1773960761.391842,1.9667608737945557,success
"sender: client13, message: > hello from client13"
10,1773960766.5489507,1773960768.479464,1.9305133819580078,success
"sender: client13, message: > hello from client13"
11,1773960773.6306813,1773960775.5651467,1.9344654083251953,success
"sender: client13, message: > hello from client13"
12,1773960780.8804395,1773960782.6627553,1.782315731048584,success
13,1773960787.8148928,1773960789.7617233,1.9468305110931396,success
"sender: client13, message: > hello from client13"
14,1773960794.8754117,1773960796.8338988,1.9584870338439941,success
"sender: client13, message: > hello from client13"
15,1773960802.019155,1773960803.921232,1.9020769596099854,success
"sender: client13, message: > hello from client13"
16,1773960809.0797503,1773960811.007061,1.9273107051849365,success
"sender: client13, message: > hello from client13"
17,1773960816.1343577,1773960818.0924978,1.9581401348114014,success
"sender: client13, message: > hello from client13"
18,1773960823.2493653,1773960825.1797204,1.9303550720214844,success
"sender: client13, message: > hello from client13"
19,1773960830.3122022,1773960832.2691774,1.9569752216339111,success
"sender: client13, message: > hello from client13"
20,1773960837.353653,1773960839.384091,2.03043794631958,success
21,1773960844.530466,1773960846.474399,1.9439330101013184,success
22,1773960851.6543896,1773960853.5487719,1.8943822383880615,success
"sender: client13, message: > hello from client13"
23,1773960858.6882236,1773960860.6305635,1.9423398971557617,success
"sender: client13, message: > hello from client13"
24,1773960865.7746336,1773960867.7114007,1.9367671012878418,success
"sender: client13, message: > hello from client13"
