round,send_time,recv_time,rtt,status
4,1773967517.6614177,1773967519.4925752,1.8311574459075928,success
5,1773967524.8040085,1773967526.6626427,1.8586342334747314,success
6,1773967531.7644534,1773967533.8337224,2.0692689418792725,success
7,1773967539.0801547,1773967541.0131986,1.9330439567565918,success
"sender: client130, message: > hello from client130"
8,1773967546.1300838,1773967548.1654978,2.035413980484009,success
"sender: client130, message: > hello from client130"
9,1773967553.311938,1773967555.344485,2.0325469970703125,success
"sender: client130, message: > hello from client130"
10,1773967560.4890983,1773967562.5238216,2.0347232818603516,success
"sender: client130, message: > hello from client130"
11,1773967567.686224,1773967569.7189233,2.0326993465423584,success
"sender: client130, message: > hello from client130"
12,1773967574.8602777,1773967576.879294,2.0190162658691406,success
"sender: client130, message: > hello from client130"
13,1773967582.0336924,1773967584.0742097,2.0405173301696777,success
"sender: client130, message: > hello from client130"
14,1773967589.2123723,1773967591.2413611,2.028988838195801,success
"sender: client130, message: > hello from client130"
15,1773967596.3791323,1773967598.4200616,2.0409293174743652,success
"sender: client130, message: > hello from client130"
16,1773967603.5842447,1773967605.6370761,2.0528314113616943,success
"sender: client130, message: > hello from client130"
17,1773967610.7627022,1773967612.7799914,2.017289161682129,success
"sender: client130, message: > hello from client130"
18,1773967617.9374974,1773967619.94962,2.012122631072998,success
"sender: client130, message: > hello from client130"
19,1773967625.1199327,1773967627.1405802,2.0206475257873535,success
"sender: client130, message: > hello from client130"
20,1773967632.2724466,1773967634.31708,2.044633388519287,success
"sender: client130, message: > hello from client130"
