round,send_time,recv_time,rtt,status
2,1773960709.884526,1773960711.7844017,1.8998756408691406,success
3,1773960717.034692,1773960718.8558757,1.821183681488037,success
4,1773960724.0903301,1773960725.9410186,1.8506884574890137,success
5,1773960731.0581393,1773960733.0611763,2.0030369758605957,success
6,1773960738.162107,1773960740.1288912,1.9667842388153076,success
"sender: client67, message: > hello from client67"
7,1773960745.2482448,1773960747.213105,1.964860200881958,success
"sender: client67, message: > hello from client67"
8,1773960752.3749328,1773960754.3008668,1.925934076309204,success
"sender: client67, message: > hello from client67"
9,1773960759.4520347,1773960761.3892636,1.9372289180755615,success
"sender: client67, message: > hello from client67"
10,1773960766.5195518,1773960768.4867058,1.9671540260314941,success
"sender: client67, message: > hello from client67"
11,1773960773.6182766,1773960775.5762138,1.957937240600586,success
"sender: client67, message: > hello from client67"
12,1773960780.8507123,1773960782.6613731,1.8106608390808105,success
"sender: client67, message: > hello from client67"
13,1773960787.7943475,1773960789.7574122,1.9630646705627441,success
"sender: client67, message: > hello from client67"
14,1773960794.9034584,1773960796.835192,1.9317336082458496,success
"sender: client67, message: > hello from client67"
15,1773960802.032923,1773960803.926226,1.8933029174804688,success
16,1773960809.0817907,1773960811.0087295,1.926938772201538,success
"sender: client67, message: > hello from client67"
17,1773960816.154977,1773960818.0954337,1.9404566287994385,success
18,1773960823.24812,1773960825.18567,1.9375498294830322,success
"sender: client67, message: > hello from client67"
19,1773960830.3161244,1773960832.264909,1.948784589767456,success
"sender: client67, message: > hello from client67"
20,1773960837.3886297,1773960839.3868015,1.9981718063354492,success
"sender: client67, message: > hello from client67"
21,1773960844.5303545,1773960846.489922,1.9595675468444824,success
"sender: client67, message: > hello from client67"
22,1773960851.665137,1773960853.5492697,1.8841326236724854,success
"sender: client67, message: > hello from client67"
23,1773960858.7003515,1773960860.6337209,1.9333693981170654,success
"sender: client67, message: > hello from client67"
24,1773960865.7686462,1773960867.7211025,1.9524562358856201,success
"sender: client67, message: > hello from client67"
