round,send_time,recv_time,rtt,status
4,1773967517.6444204,1773967519.4931326,1.8487122058868408,success
5,1773967524.7717154,1773967526.6584868,1.8867714405059814,success
6,1773967531.7668257,1773967533.8402407,2.0734150409698486,success
7,1773967538.9281015,1773967541.0118854,2.0837838649749756,success
8,1773967546.1429157,1773967548.1767037,2.033787965774536,success
"sender: client169, message: > hello from client169"
9,1773967553.326461,1773967555.340882,2.014420986175537,success
"sender: client169, message: > hello from client169"
10,1773967560.5023289,1773967562.524089,2.0217602252960205,success
"sender: client169, message: > hello from client169"
11,1773967567.6643386,1773967569.7175262,2.053187608718872,success
"sender: client169, message: > hello from client169"
12,1773967574.8569477,1773967576.8797314,2.0227837562561035,success
"sender: client169, message: > hello from client169"
13,1773967582.0346997,1773967584.060968,2.026268243789673,success
"sender: client169, message: > hello from client169"
14,1773967589.1931534,1773967591.2415483,2.0483949184417725,success
"sender: client169, message: > hello from client169"
15,1773967596.3678908,1773967598.4230351,2.0551443099975586,success
"sender: client169, message: > hello from client169"
16,1773967603.5932531,1773967605.629905,2.036651849746704,success
"sender: client169, message: > hello from client169"
17,1773967610.761105,1773967612.7773876,2.016282558441162,success
18,1773967617.928823,1773967619.9624906,2.03366756439209,success
"sender: client169, message: > hello from client169"
19,1773967625.1287405,1773967627.1430497,2.0143091678619385,success
"sender: client169, message: > hello from client169"
20,1773967632.2433324,1773967634.3356962,2.0923638343811035,success
"sender: client169, message: > hello from client169"
