round,send_time,recv_time,rtt,status
2,1773967503.1978548,1773967505.1810617,1.9832069873809814,success
3,1773967510.358775,1773967512.3245165,1.9657416343688965,success
4,1773967517.5971487,1773967519.4921708,1.8950221538543701,success
5,1773967524.7932,1773967526.6576426,1.8644425868988037,success
6,1773967531.9375129,1773967533.8294225,1.8919095993041992,success
7,1773967539.076887,1773967541.0145807,1.9376938343048096,success
"sender: client22, message: > hello from client22"
8,1773967546.134824,1773967548.1758592,2.0410351753234863,success
"sender: client22, message: > hello from client22"
9,1773967553.295805,1773967555.3403592,2.0445542335510254,success
"sender: client22, message: > hello from client22"
10,1773967560.4818528,1773967562.5311217,2.049268960952759,success
"sender: client22, message: > hello from client22"
11,1773967567.669468,1773967569.706764,2.0372960567474365,success
"sender: client22, message: > hello from client22"
12,1773967574.8371327,1773967576.8854213,2.048288583755493,success
"sender: client22, message: > hello from client22"
13,1773967582.0437756,1773967584.0559342,2.0121586322784424,success
"sender: client22, message: > hello from client22"
14,1773967589.2185118,1773967591.2496533,2.031141519546509,success
"sender: client22, message: > hello from client22"
15,1773967596.384974,1773967598.4178455,2.0328714847564697,success
"sender: client22, message: > hello from client22"
16,1773967603.592416,1773967605.630098,2.037682056427002,success
"sender: client22, message: > hello from client22"
17,1773967610.7713957,1773967612.7857995,2.014403820037842,success
"sender: client22, message: > hello from client22"
18,1773967617.9052944,1773967619.9478528,2.042558431625366,success
"sender: client22, message: > hello from client22"
19,1773967625.1447687,1773967627.1413298,1.996561050415039,success
"sender: client22, message: > hello from client22"
20,1773967632.262284,1773967634.3125954,2.050311326980591,success
"sender: client22, message: > hello from client22"
