round,send_time,recv_time,rtt,status
3,1773960717.0662467,1773960718.8546622,1.7884154319763184,success
4,1773960724.1602347,1773960725.9417908,1.7815561294555664,success
5,1773960731.0427701,1773960733.0354037,1.992633581161499,success
"sender: client107, message: > hello from client107"
6,1773960738.1819336,1773960740.1301641,1.948230504989624,success
"sender: client107, message: > hello from client107"
7,1773960745.2793977,1773960747.214182,1.934784173965454,success
"sender: client107, message: > hello from client107"
8,1773960752.366981,1773960754.3015924,1.9346113204956055,success
"sender: client107, message: > hello from client107"
9,1773960759.4574897,1773960761.3898952,1.9324054718017578,success
"sender: client107, message: > hello from client107"
10,1773960766.5321884,1773960768.486728,1.9545395374298096,success
"sender: client107, message: > hello from client107"
11,1773960773.610223,1773960775.5731416,1.9629185199737549,success
"sender: client107, message: > hello from client107"
12,1773960780.8655758,1773960782.6622047,1.7966289520263672,success
"sender: client107, message: > hello from client107"
13,1773960787.8021574,1773960789.751805,1.9496476650238037,success
14,1773960794.929225,1773960796.835979,1.9067540168762207,success
15,1773960802.0237675,1773960803.9229715,1.8992040157318115,success
"sender: client107, message: > hello from client107"
16,1773960809.0786538,1773960811.0089815,1.9303276538848877,success
"sender: client107, message: > hello from client107"
17,1773960816.1473618,1773960818.1074786,1.9601168632507324,success
"sender: client107, message: > hello from client107"
18,1773960823.2250104,1773960825.1895137,1.964503288269043,success
"sender: client107, message: > hello from client107"
19,1773960830.3462446,1773960832.263584,1.9173393249511719,success
"sender: client107, message: > hello from client107"
20,1773960837.405187,1773960839.3998604,1.994673490524292,success
"sender: client107, message: > hello from client107"
21,1773960844.5373578,1773960846.4895718,1.952214002609253,success
22,1773960851.6056058,1773960853.551444,1.945838212966919,success
"sender: client107, message: > hello from client107"
23,1773960858.6915932,1773960860.6328802,1.9412870407104492,success
"sender: client107, message: > hello from client107"
24,1773960865.769935,1773960867.7192783,1.9493434429168701,success
"sender: client107, message: > hello from client107"
