round,send_time,recv_time,rtt,status
2,1773960709.890129,1773960711.7844114,1.894282341003418,success
3,1773960717.024547,1773960718.849141,1.8245937824249268,success
4,1773960724.076139,1773960725.940496,1.8643569946289062,success
5,1773960731.230871,1773960733.0405734,1.8097023963928223,success
6,1773960738.191937,1773960740.12384,1.9319031238555908,success
"sender: client53, message: > hello from client53"
7,1773960745.2417467,1773960747.2173028,1.9755561351776123,success
"sender: client53, message: > hello from client53"
8,1773960752.3593192,1773960754.300596,1.9412767887115479,success
9,1773960759.4634404,1773960761.389062,1.925621509552002,success
"sender: client53, message: > hello from client53"
10,1773960766.542505,1773960768.4876688,1.9451637268066406,success
"sender: client53, message: > hello from client53"
11,1773960773.6235993,1773960775.577691,1.9540917873382568,success
"sender: client53, message: > hello from client53"
12,1773960780.873732,1773960782.660221,1.7864890098571777,success
"sender: client53, message: > hello from client53"
13,1773960787.8098102,1773960789.7547846,1.944974422454834,success
"sender: client53, message: > hello from client53"
14,1773960794.9494789,1773960796.834071,1.884592056274414,success
"sender: client53, message: > hello from client53"
15,1773960802.009282,1773960803.9218857,1.9126036167144775,success
"sender: client53, message: > hello from client53"
16,1773960809.0367439,1773960811.0083978,1.971653938293457,success
"sender: client53, message: > hello from client53"
17,1773960816.1326418,1773960818.0946872,1.962045431137085,success
18,1773960823.2332575,1773960825.181852,1.948594570159912,success
"sender: client53, message: > hello from client53"
19,1773960830.3486989,1773960832.2707243,1.922025442123413,success
"sender: client53, message: > hello from client53"
20,1773960837.4097729,1773960839.3857074,1.9759345054626465,success
"sender: client53, message: > hello from client53"
21,1773960844.5292342,1773960846.4816616,1.9524273872375488,success
"sender: client53, message: > hello from client53"
22,1773960851.6710212,1773960853.5539517,1.8829305171966553,success
"sender: client53, message: > hello from client53"
23,1773960858.7058647,1773960860.6342478,1.9283831119537354,success
"sender: client53, message: > hello from client53"
24,1773960865.7598255,1773960867.712965,1.9531395435333252,success
"sender: client53, message: > hello from client53"
