round,send_time,recv_time,rtt,status
3,1773967510.401467,1773967512.3314667,1.929999589920044,success
4,1773967517.668143,1773967519.5060852,1.837942123413086,success
5,1773967524.8021293,1773967526.6763058,1.8741765022277832,success
6,1773967531.8588562,1773967533.834159,1.9753026962280273,success
"sender: client93, message: > hello from client93"
7,1773967538.9469566,1773967540.9915082,2.0445516109466553,success
"sender: client93, message: > hello from client93"
8,1773967546.1455884,1773967548.1761923,2.0306038856506348,success
"sender: client93, message: > hello from client93"
9,1773967553.331151,1773967555.3393593,2.0082082748413086,success
"sender: client93, message: > hello from client93"
10,1773967560.4790819,1773967562.5237076,2.044625759124756,success
"sender: client93, message: > hello from client93"
11,1773967567.675951,1773967569.7103505,2.0343995094299316,success
"sender: client93, message: > hello from client93"
12,1773967574.8351521,1773967576.8830972,2.047945022583008,success
"sender: client93, message: > hello from client93"
13,1773967582.043832,1773967584.0563266,2.0124945640563965,success
"sender: client93, message: > hello from client93"
14,1773967589.2138302,1773967591.2410135,2.0271832942962646,success
"sender: client93, message: > hello from client93"
15,1773967596.3570707,1773967598.419595,2.0625243186950684,success
"sender: client93, message: > hello from client93"
16,1773967603.577863,1773967605.6281233,2.050260305404663,success
"sender: client93, message: > hello from client93"
17,1773967610.7369874,1773967612.7762747,2.0392873287200928,success
"sender: client93, message: > hello from client93"
18,1773967617.8977375,1773967619.952138,2.0544004440307617,success
"sender: client93, message: > hello from client93"
19,1773967625.0925148,1773967627.1396444,2.0471296310424805,success
"sender: client93, message: > hello from client93"
20,1773967632.4065492,1773967634.3280025,1.9214532375335693,success
"sender: client93, message: > hello from client93"
