round,send_time,recv_time,rtt,status
4,1773960724.150815,1773960725.9431188,1.7923038005828857,success
5,1773960731.2119153,1773960733.0470893,1.8351740837097168,success
6,1773960738.15899,1773960740.1264062,1.9674162864685059,success
7,1773960745.277744,1773960747.2173223,1.9395782947540283,success
"sender: client189, message: > hello from client189"
8,1773960752.3408377,1773960754.311429,1.9705913066864014,success
"sender: client189, message: > hello from client189"
9,1773960759.4631608,1773960761.3917575,1.9285967350006104,success
"sender: client189, message: > hello from client189"
10,1773960766.5337727,1773960768.4988594,1.9650866985321045,success
"sender: client189, message: > hello from client189"
11,1773960773.6389592,1773960775.5749068,1.9359476566314697,success
"sender: client189, message: > hello from client189"
12,1773960780.8570695,1773960782.6685817,1.8115122318267822,success
"sender: client189, message: > hello from client189"
13,1773960787.7923827,1773960789.7541945,1.9618117809295654,success
14,1773960794.9272926,1773960796.852308,1.9250154495239258,success
"sender: client189, message: > hello from client189"
15,1773960802.0121477,1773960803.924439,1.9122912883758545,success
"sender: client189, message: > hello from client189"
16,1773960809.078849,1773960811.0144718,1.9356226921081543,success
"sender: client189, message: > hello from client189"
17,1773960816.1418061,1773960818.0974736,1.955667495727539,success
"sender: client189, message: > hello from client189"
18,1773960823.2024105,1773960825.1836994,1.9812889099121094,success
"sender: client189, message: > hello from client189"
19,1773960830.311339,1773960832.2649686,1.953629732131958,success
"sender: client189, message: > hello from client189"
20,1773960837.4146678,1773960839.3887043,1.974036455154419,success
"sender: client189, message: > hello from client189"
21,1773960844.5309443,1773960846.4862692,1.9553248882293701,success
"sender: client189, message: > hello from client189"
22,1773960851.6702833,1773960853.5531414,1.8828580379486084,success
"sender: client189, message: > hello from client189"
23,1773960858.7297442,1773960860.636689,1.906944751739502,success
"sender: client189, message: > hello from client189"
24,1773960865.7771342,1773960867.718239,1.9411048889160156,success
"sender: client189, message: > hello from client189"
