round,send_time,recv_time,rtt,status
4,1773967517.6495407,1773967519.5058904,1.8563497066497803,success
5,1773967524.804302,1773967526.65988,1.8555779457092285,success
6,1773967531.942836,1773967533.8302686,1.88743257522583,success
"sender: client174, message: > hello from client174"
7,1773967538.9163516,1773967540.992457,2.0761053562164307,success
"sender: client174, message: > hello from client174"
8,1773967546.1511343,1773967548.178624,2.02748966217041,success
"sender: client174, message: > hello from client174"
9,1773967553.3265777,1773967555.3428917,2.0163140296936035,success
10,1773967560.5063589,1773967562.5339296,2.0275707244873047,success
"sender: client174, message: > hello from client174"
11,1773967567.6692417,1773967569.7207205,2.051478862762451,success
"sender: client174, message: > hello from client174"
12,1773967574.86146,1773967576.8798573,2.018397331237793,success
"sender: client174, message: > hello from client174"
13,1773967582.0272954,1773967584.0601997,2.0329043865203857,success
"sender: client174, message: > hello from client174"
14,1773967589.2202601,1773967591.2508717,2.030611515045166,success
"sender: client174, message: > hello from client174"
15,1773967596.3985634,1773967598.4219024,2.023339033126831,success
"sender: client174, message: > hello from client174"
16,1773967603.5935977,1773967605.629588,2.0359902381896973,success
"sender: client174, message: > hello from client174"
17,1773967610.754517,1773967612.7782977,2.023780584335327,success
"sender: client174, message: > hello from client174"
18,1773967617.9089296,1773967619.9536107,2.0446810722351074,success
"sender: client174, message: > hello from client174"
19,1773967625.1431608,1773967627.1463525,2.0031917095184326,success
"sender: client174, message: > hello from client174"
20,1773967632.3018026,1773967634.320974,2.0191714763641357,success
"sender: client174, message: > hello from client174"
