round,send_time,recv_time,rtt,status
2,1773967503.1613472,1773967505.1807487,2.0194015502929688,success
3,1773967510.3539186,1773967512.326271,1.9723525047302246,success
4,1773967517.6495636,1773967519.4970496,1.8474860191345215,success
5,1773967524.7327216,1773967526.657974,1.9252524375915527,success
6,1773967531.9377408,1773967533.828303,1.8905622959136963,success
"sender: client30, message: > hello from client30"
7,1773967539.0651565,1773967541.015147,1.9499905109405518,success
"sender: client30, message: > hello from client30"
8,1773967546.1475875,1773967548.1733856,2.0257980823516846,success
"sender: client30, message: > hello from client30"
9,1773967553.306306,1773967555.3388333,2.032527446746826,success
"sender: client30, message: > hello from client30"
10,1773967560.5086987,1773967562.5256112,2.0169124603271484,success
"sender: client30, message: > hello from client30"
11,1773967567.682555,1773967569.7067032,2.0241482257843018,success
"sender: client30, message: > hello from client30"
12,1773967574.864361,1773967576.8848767,2.0205156803131104,success
"sender: client30, message: > hello from client30"
13,1773967582.0152645,1773967584.0747912,2.0595266819000244,success
"sender: client30, message: > hello from client30"
14,1773967589.182985,1773967591.240191,2.05720591545105,success
"sender: client30, message: > hello from client30"
15,1773967596.3950222,1773967598.417954,2.0229318141937256,success
16,1773967603.5561101,1773967605.627998,2.071887969970703,success
"sender: client30, message: > hello from client30"
17,1773967610.7240045,1773967612.770796,2.0467915534973145,success
"sender: client30, message: > hello from client30"
18,1773967617.924798,1773967619.958733,2.033935070037842,success
"sender: client30, message: > hello from client30"
19,1773967625.1276162,1773967627.1378028,2.0101866722106934,success
20,1773967632.2691853,1773967634.3127434,2.043558120727539,success
"sender: client30, message: > hello from client30"
