round,send_time,recv_time,rtt,status
2,1773960709.8764477,1773960711.787081,1.9106333255767822,success
3,1773960717.0234776,1773960718.8562236,1.8327460289001465,success
4,1773960724.1233456,1773960725.9410415,1.8176958560943604,success
5,1773960731.1815975,1773960733.0619388,1.8803412914276123,success
6,1773960738.1679401,1773960740.124275,1.9563348293304443,success
"sender: client72, message: > hello from client72"
7,1773960745.23524,1773960747.2262175,1.9909775257110596,success
"sender: client72, message: > hello from client72"
8,1773960752.3762894,1773960754.3010132,1.9247238636016846,success
"sender: client72, message: > hello from client72"
9,1773960759.4621956,1773960761.3891175,1.9269218444824219,success
"sender: client72, message: > hello from client72"
10,1773960766.535492,1773960768.4878016,1.9523096084594727,success
"sender: client72, message: > hello from client72"
11,1773960773.6111722,1773960775.5763307,1.965158462524414,success
"sender: client72, message: > hello from client72"
12,1773960780.8864052,1773960782.6665974,1.7801921367645264,success
"sender: client72, message: > hello from client72"
13,1773960787.7883441,1773960789.7509484,1.962604284286499,success
"sender: client72, message: > hello from client72"
14,1773960794.9189265,1773960796.8353364,1.916409969329834,success
"sender: client72, message: > hello from client72"
15,1773960802.0192518,1773960803.9220145,1.9027626514434814,success
16,1773960809.0804281,1773960811.012344,1.9319157600402832,success
"sender: client72, message: > hello from client72"
17,1773960816.1473556,1773960818.0949004,1.947544813156128,success
18,1773960823.2327049,1773960825.1821837,1.9494788646697998,success
"sender: client72, message: > hello from client72"
19,1773960830.2981913,1773960832.262421,1.9642295837402344,success
"sender: client72, message: > hello from client72"
20,1773960837.3985977,1773960839.3895636,1.9909658432006836,success
"sender: client72, message: > hello from client72"
21,1773960844.5340953,1773960846.4743378,1.9402425289154053,success
"sender: client72, message: > hello from client72"
22,1773960851.657775,1773960853.5576894,1.8999145030975342,success
"sender: client72, message: > hello from client72"
23,1773960858.7244515,1773960860.6452653,1.920813798904419,success
"sender: client72, message: > hello from client72"
24,1773960865.75212,1773960867.7250109,1.972890853881836,success
"sender: client72, message: > hello from client72"
