round,send_time,recv_time,rtt,status
2,1773967503.1995008,1773967505.1793227,1.9798219203948975,success
3,1773967510.3692827,1773967512.3277893,1.9585065841674805,success
4,1773967517.6696694,1773967519.4932024,1.823533058166504,success
5,1773967524.7434132,1773967526.657808,1.9143948554992676,success
6,1773967531.940883,1773967533.8297026,1.888819694519043,success
7,1773967538.9973164,1773967540.996836,1.9995195865631104,success
"sender: client14, message: > hello from client14"
8,1773967546.1014612,1773967548.1565619,2.055100679397583,success
9,1773967553.3246505,1773967555.3385148,2.013864278793335,success
"sender: client14, message: > hello from client14"
10,1773967560.5021574,1773967562.523995,2.0218374729156494,success
"sender: client14, message: > hello from client14"
11,1773967567.6782007,1773967569.7067416,2.028540849685669,success
"sender: client14, message: > hello from client14"
12,1773967574.8610723,1773967576.8856256,2.0245532989501953,success
"sender: client14, message: > hello from client14"
13,1773967582.0300992,1773967584.0565112,2.026412010192871,success
"sender: client14, message: > hello from client14"
14,1773967589.1688643,1773967591.237041,2.068176746368408,success
"sender: client14, message: > hello from client14"
15,1773967596.4034777,1773967598.4177554,2.014277696609497,success
"sender: client14, message: > hello from client14"
16,1773967603.6077719,1773967605.6053932,1.9976212978363037,success
"sender: client14, message: > hello from client14"
17,1773967610.752118,1773967612.7704742,2.0183560848236084,success
"sender: client14, message: > hello from client14"
18,1773967617.9301655,1773967619.955015,2.0248494148254395,success
19,1773967625.1237242,1773967627.1377516,2.0140273571014404,success
"sender: client14, message: > hello from client14"
20,1773967632.269883,1773967634.3179429,2.0480599403381348,success
"sender: client14, message: > hello from client14"
