round,send_time,recv_time,rtt,status
4,1773960724.0942695,1773960725.9431047,1.8488352298736572,success
5,1773960731.2189217,1773960733.0506036,1.8316819667816162,success
6,1773960738.1747508,1773960740.1311119,1.9563610553741455,success
"sender: client195, message: > hello from client195"
7,1773960745.250619,1773960747.2294264,1.9788074493408203,success
"sender: client195, message: > hello from client195"
8,1773960752.3654442,1773960754.3060827,1.940638542175293,success
"sender: client195, message: > hello from client195"
9,1773960759.4647357,1773960761.3918958,1.9271600246429443,success
"sender: client195, message: > hello from client195"
10,1773960766.5166674,1773960768.4931679,1.9765005111694336,success
"sender: client195, message: > hello from client195"
11,1773960773.6034882,1773960775.5708022,1.9673140048980713,success
"sender: client195, message: > hello from client195"
12,1773960780.8679907,1773960782.6646278,1.7966370582580566,success
"sender: client195, message: > hello from client195"
13,1773960787.7971663,1773960789.7572813,1.9601149559020996,success
"sender: client195, message: > hello from client195"
14,1773960794.9286218,1773960796.8389628,1.9103410243988037,success
"sender: client195, message: > hello from client195"
15,1773960802.0326977,1773960803.9293966,1.8966989517211914,success
16,1773960809.0680404,1773960811.0107398,1.9426994323730469,success
"sender: client195, message: > hello from client195"
17,1773960816.1398113,1773960818.1098478,1.970036506652832,success
"sender: client195, message: > hello from client195"
18,1773960823.21669,1773960825.1838336,1.9671435356140137,success
"sender: client195, message: > hello from client195"
19,1773960830.3372042,1773960832.2713401,1.934135913848877,success
"sender: client195, message: > hello from client195"
20,1773960837.3368664,1773960839.3887892,2.0519227981567383,success
"sender: client195, message: > hello from client195"
21,1773960844.5189137,1773960846.4925983,1.973684549331665,success
"sender: client195, message: > hello from client195"
22,1773960851.6702778,1773960853.5510426,1.8807647228240967,success
"sender: client195, message: > hello from client195"
23,1773960858.7181792,1773960860.6367066,1.918527364730835,success
"sender: client195, message: > hello from client195"
24,1773960865.7814987,1773960867.7251208,1.94362211227417,success
"sender: client195, message: > hello from client195"
