round,send_time,recv_time,rtt,status
4,1773960724.1516023,1773960725.9431484,1.791546106338501,success
5,1773960731.2230313,1773960733.0636058,1.8405745029449463,success
6,1773960738.1937914,1773960740.1286564,1.9348649978637695,success
"sender: client192, message: > hello from client192"
7,1773960745.2657125,1773960747.2268581,1.9611456394195557,success
"sender: client192, message: > hello from client192"
8,1773960752.357535,1773960754.3059638,1.9484288692474365,success
"sender: client192, message: > hello from client192"
9,1773960759.4674308,1773960761.3948092,1.9273784160614014,success
"sender: client192, message: > hello from client192"
10,1773960766.5426195,1773960768.4992652,1.9566457271575928,success
"sender: client192, message: > hello from client192"
11,1773960773.6396163,1773960775.5761604,1.9365441799163818,success
"sender: client192, message: > hello from client192"
12,1773960780.8371046,1773960782.6696935,1.8325889110565186,success
"sender: client192, message: > hello from client192"
13,1773960787.8166745,1773960789.7544577,1.9377832412719727,success
"sender: client192, message: > hello from client192"
14,1773960794.913706,1773960796.8475077,1.9338016510009766,success
"sender: client192, message: > hello from client192"
15,1773960801.9999535,1773960803.9265,1.926546573638916,success
"sender: client192, message: > hello from client192"
16,1773960809.057822,1773960811.014108,1.9562859535217285,success
"sender: client192, message: > hello from client192"
17,1773960816.165149,1773960818.1136415,1.9484925270080566,success
"sender: client192, message: > hello from client192"
18,1773960823.2435868,1773960825.1913319,1.9477450847625732,success
19,1773960830.3192255,1773960832.2648854,1.945659875869751,success
20,1773960837.3886864,1773960839.3887756,2.000089168548584,success
"sender: client192, message: > hello from client192"
21,1773960844.5482202,1773960846.4854338,1.937213659286499,success
"sender: client192, message: > hello from client192"
22,1773960851.6436915,1773960853.5577428,1.9140512943267822,success
"sender: client192, message: > hello from client192"
23,1773960858.7032697,1773960860.6367216,1.9334518909454346,success
"sender: client192, message: > hello from client192"
24,1773960865.7650466,1773960867.7188125,1.953765869140625,success
"sender: client192, message: > hello from client192"
