round,send_time,recv_time,rtt,status
4,1773967517.554056,1773967519.493463,1.9394071102142334,success
5,1773967524.7600083,1773967526.6646044,1.9045960903167725,success
6,1773967531.905603,1773967533.8454695,1.939866542816162,success
"sender: client143, message: > hello from client143"
7,1773967539.0700116,1773967541.0136862,1.9436745643615723,success
8,1773967546.1373885,1773967548.1676784,2.030289888381958,success
"sender: client143, message: > hello from client143"
9,1773967553.3282125,1773967555.345296,2.0170834064483643,success
"sender: client143, message: > hello from client143"
10,1773967560.4930468,1773967562.5279057,2.0348589420318604,success
"sender: client143, message: > hello from client143"
11,1773967567.6717494,1773967569.7173016,2.0455522537231445,success
"sender: client143, message: > hello from client143"
12,1773967574.863456,1773967576.8829942,2.019538164138794,success
"sender: client143, message: > hello from client143"
13,1773967582.0417724,1773967584.0728285,2.0310561656951904,success
"sender: client143, message: > hello from client143"
14,1773967589.2057436,1773967591.2504747,2.0447311401367188,success
"sender: client143, message: > hello from client143"
15,1773967596.3977866,1773967598.4248843,2.027097702026367,success
16,1773967603.5816069,1773967605.6289659,2.047358989715576,success
"sender: client143, message: > hello from client143"
17,1773967610.7678864,1773967612.7728732,2.0049867630004883,success
18,1773967617.9196222,1773967619.9498124,2.0301902294158936,success
"sender: client143, message: > hello from client143"
19,1773967625.1463616,1773967627.1456854,1.999323844909668,success
"sender: client143, message: > hello from client143"
20,1773967632.240036,1773967634.3216321,2.0815961360931396,success
"sender: client143, message: > hello from client143"
