round,send_time,recv_time,rtt,status
4,1773960724.0548878,1773960725.9430652,1.8881773948669434,success
5,1773960731.2311912,1773960733.0549095,1.8237183094024658,success
6,1773960738.1932993,1773960740.130185,1.9368855953216553,success
"sender: client193, message: > hello from client193"
7,1773960745.269812,1773960747.2185001,1.94868803024292,success
"sender: client193, message: > hello from client193"
8,1773960752.3729756,1773960754.308928,1.9359524250030518,success
"sender: client193, message: > hello from client193"
9,1773960759.4505365,1773960761.394852,1.9443154335021973,success
10,1773960766.5420141,1773960768.499218,1.9572038650512695,success
"sender: client193, message: > hello from client193"
11,1773960773.600293,1773960775.5690207,1.9687278270721436,success
"sender: client193, message: > hello from client193"
12,1773960780.8387938,1773960782.6663797,1.8275859355926514,success
"sender: client193, message: > hello from client193"
13,1773960787.7838008,1773960789.754424,1.970623254776001,success
"sender: client193, message: > hello from client193"
14,1773960794.9475417,1773960796.8435888,1.8960471153259277,success
"sender: client193, message: > hello from client193"
15,1773960802.043571,1773960803.925042,1.8814709186553955,success
"sender: client193, message: > hello from client193"
16,1773960809.077836,1773960811.0187428,1.9409067630767822,success
"sender: client193, message: > hello from client193"
17,1773960816.1505654,1773960818.1017938,1.951228380203247,success
"sender: client193, message: > hello from client193"
18,1773960823.2237554,1773960825.1846385,1.9608831405639648,success
19,1773960830.34474,1773960832.2647748,1.9200348854064941,success
20,1773960837.3742177,1773960839.3982217,2.0240039825439453,success
"sender: client193, message: > hello from client193"
21,1773960844.5381374,1773960846.4886754,1.950537919998169,success
"sender: client193, message: > hello from client193"
22,1773960851.6534462,1773960853.5582476,1.904801368713379,success
"sender: client193, message: > hello from client193"
23,1773960858.7003763,1773960860.6357603,1.9353840351104736,success
"sender: client193, message: > hello from client193"
24,1773960865.782606,1773960867.7202163,1.937610387802124,success
"sender: client193, message: > hello from client193"
