round,send_time,recv_time,rtt,status
2,1773967503.2005153,1773967505.1780002,1.977484941482544,success
3,1773967510.3894157,1773967512.329818,1.9404022693634033,success
4,1773967517.3907087,1773967519.5003705,2.109661817550659,success
5,1773967524.8026772,1773967526.6659217,1.8632445335388184,success
6,1773967531.860293,1773967533.8301637,1.9698708057403564,success
7,1773967538.998047,1773967540.9913015,1.9932544231414795,success
8,1773967546.1499317,1773967548.1577027,2.0077710151672363,success
"sender: client37, message: > hello from client37"
9,1773967553.3214405,1773967555.3406777,2.0192372798919678,success
"sender: client37, message: > hello from client37"
10,1773967560.4534867,1773967562.524978,2.071491241455078,success
"sender: client37, message: > hello from client37"
11,1773967567.652556,1773967569.7068007,2.0542447566986084,success
"sender: client37, message: > hello from client37"
12,1773967574.8625977,1773967576.8798232,2.017225503921509,success
"sender: client37, message: > hello from client37"
13,1773967582.0436049,1773967584.0735013,2.0298964977264404,success
"sender: client37, message: > hello from client37"
14,1773967589.216361,1773967591.237717,2.0213558673858643,success
"sender: client37, message: > hello from client37"
15,1773967596.403181,1773967598.4180193,2.014838218688965,success
"sender: client37, message: > hello from client37"
16,1773967603.6056077,1773967605.6055784,1.9999706745147705,success
"sender: client37, message: > hello from client37"
17,1773967610.7526476,1773967612.781504,2.0288562774658203,success
"sender: client37, message: > hello from client37"
18,1773967617.937852,1773967619.9624655,2.024613618850708,success
"sender: client37, message: > hello from client37"
19,1773967625.1469665,1773967627.137215,1.990248441696167,success
"sender: client37, message: > hello from client37"
20,1773967632.1744313,1773967634.3128898,2.138458490371704,success
"sender: client37, message: > hello from client37"
