round,send_time,recv_time,rtt,status
3,1773960717.035335,1773960718.852623,1.8172879219055176,success
4,1773960724.1366117,1773960725.9422226,1.8056108951568604,success
5,1773960731.0356739,1773960733.0356345,1.9999606609344482,success
6,1773960738.1649837,1773960740.1292777,1.9642939567565918,success
"sender: client109, message: > hello from client109"
7,1773960745.2449536,1773960747.2138958,1.9689421653747559,success
"sender: client109, message: > hello from client109"
8,1773960752.3704395,1773960754.3083706,1.9379310607910156,success
"sender: client109, message: > hello from client109"
9,1773960759.4636314,1773960761.3899176,1.926286220550537,success
10,1773960766.542735,1773960768.499249,1.9565138816833496,success
"sender: client109, message: > hello from client109"
11,1773960773.6113787,1773960775.5682583,1.9568796157836914,success
"sender: client109, message: > hello from client109"
12,1773960780.8837137,1773960782.6621225,1.7784087657928467,success
"sender: client109, message: > hello from client109"
13,1773960787.788684,1773960789.759089,1.970405101776123,success
"sender: client109, message: > hello from client109"
14,1773960794.8802361,1773960796.837666,1.9574298858642578,success
"sender: client109, message: > hello from client109"
15,1773960802.0206983,1773960803.9254196,1.9047212600708008,success
"sender: client109, message: > hello from client109"
16,1773960809.065749,1773960811.0126462,1.946897268295288,success
17,1773960816.1396685,1773960818.0958002,1.9561316967010498,success
"sender: client109, message: > hello from client109"
18,1773960823.2413547,1773960825.1844919,1.9431371688842773,success
"sender: client109, message: > hello from client109"
19,1773960830.302788,1773960832.2630863,1.9602982997894287,success
"sender: client109, message: > hello from client109"
20,1773960837.3729424,1773960839.3870504,2.0141079425811768,success
21,1773960844.533616,1773960846.4768112,1.943195104598999,success
"sender: client109, message: > hello from client109"
22,1773960851.640105,1773960853.5509126,1.9108076095581055,success
"sender: client109, message: > hello from client109"
23,1773960858.7096035,1773960860.645383,1.935779333114624,success
"sender: client109, message: > hello from client109"
24,1773960865.7757914,1773960867.7163439,1.9405524730682373,success
