round,send_time,recv_time,rtt,status
3,1773960717.0490131,1773960718.854967,1.8059539794921875,success
4,1773960724.0743644,1773960725.9422777,1.8679132461547852,success
5,1773960731.1956892,1773960733.0401537,1.8444645404815674,success
6,1773960738.1494265,1773960740.1308982,1.9814717769622803,success
"sender: client150, message: > hello from client150"
7,1773960745.2369092,1773960747.2145755,1.9776663780212402,success
"sender: client150, message: > hello from client150"
8,1773960752.3532412,1773960754.3020198,1.9487786293029785,success
"sender: client150, message: > hello from client150"
9,1773960759.4322176,1773960761.396755,1.9645373821258545,success
"sender: client150, message: > hello from client150"
10,1773960766.5424204,1773960768.4991665,1.9567461013793945,success
"sender: client150, message: > hello from client150"
11,1773960773.6332622,1773960775.5737405,1.9404783248901367,success
"sender: client150, message: > hello from client150"
12,1773960780.8268356,1773960782.6662636,1.8394279479980469,success
"sender: client150, message: > hello from client150"
13,1773960787.806089,1773960789.7577598,1.9516708850860596,success
"sender: client150, message: > hello from client150"
14,1773960794.8668976,1773960796.8374174,1.970519781112671,success
15,1773960802.0261836,1773960803.9233885,1.897204875946045,success
"sender: client150, message: > hello from client150"
16,1773960809.0812583,1773960811.0096686,1.928410291671753,success
"sender: client150, message: > hello from client150"
17,1773960816.1247056,1773960818.0959187,1.9712131023406982,success
"sender: client150, message: > hello from client150"
18,1773960823.2292907,1773960825.1901705,1.9608798027038574,success
19,1773960830.3148382,1773960832.2643714,1.949533224105835,success
"sender: client150, message: > hello from client150"
20,1773960837.403719,1773960839.3881717,1.984452724456787,success
"sender: client150, message: > hello from client150"
21,1773960844.5216997,1773960846.4821303,1.96043062210083,success
"sender: client150, message: > hello from client150"
22,1773960851.6633587,1773960853.5504892,1.8871304988861084,success
23,1773960858.7069829,1773960860.6380215,1.9310386180877686,success
"sender: client150, message: > hello from client150"
24,1773960865.7720053,1773960867.714799,1.942793607711792,success
"sender: client150, message: > hello from client150"
