round,send_time,recv_time,rtt,status
2,1773967503.2009478,1773967505.1781518,1.9772040843963623,success
3,1773967510.3757937,1773967512.324686,1.94889235496521,success
4,1773967517.6259181,1773967519.492016,1.8660979270935059,success
5,1773967524.766817,1773967526.6557605,1.8889434337615967,success
6,1773967531.7834306,1773967533.8421013,2.05867075920105,success
7,1773967538.9866388,1773967541.0145621,2.027923345565796,success
"sender: client27, message: > hello from client27"
8,1773967546.1256497,1773967548.1615543,2.0359046459198,success
"sender: client27, message: > hello from client27"
9,1773967553.3335648,1773967555.3383396,2.004774808883667,success
"sender: client27, message: > hello from client27"
10,1773967560.502921,1773967562.5237586,2.0208375453948975,success
"sender: client27, message: > hello from client27"
11,1773967567.6888273,1773967569.719083,2.0302557945251465,success
"sender: client27, message: > hello from client27"
12,1773967574.8454506,1773967576.8860438,2.040593147277832,success
"sender: client27, message: > hello from client27"
13,1773967582.0401485,1773967584.0719864,2.0318379402160645,success
"sender: client27, message: > hello from client27"
14,1773967589.2012312,1773967591.2344992,2.0332679748535156,success
"sender: client27, message: > hello from client27"
15,1773967596.39033,1773967598.4178882,2.0275580883026123,success
"sender: client27, message: > hello from client27"
16,1773967603.605655,1773967605.6060972,2.0004422664642334,success
"sender: client27, message: > hello from client27"
17,1773967610.7347739,1773967612.7706087,2.035834789276123,success
"sender: client27, message: > hello from client27"
18,1773967617.9240627,1773967619.947928,2.023865222930908,success
"sender: client27, message: > hello from client27"
19,1773967625.1115475,1773967627.1378295,2.0262820720672607,success
"sender: client27, message: > hello from client27"
20,1773967632.26627,1773967634.3293707,2.063100814819336,success
"sender: client27, message: > hello from client27"
