round,send_time,recv_time,rtt,status
3,1773967510.3580294,1773967512.3251345,1.9671051502227783,success
4,1773967517.6342347,1773967519.4983454,1.8641107082366943,success
5,1773967524.770075,1773967526.6580129,1.8879377841949463,success
6,1773967531.8818452,1773967533.843185,1.9613397121429443,success
"sender: client125, message: > hello from client125"
7,1773967538.9659781,1773967541.0005162,2.0345380306243896,success
"sender: client125, message: > hello from client125"
8,1773967546.1193938,1773967548.1776035,2.0582096576690674,success
"sender: client125, message: > hello from client125"
9,1773967553.2876577,1773967555.3400216,2.052363872528076,success
"sender: client125, message: > hello from client125"
10,1773967560.4968596,1773967562.5285838,2.031724214553833,success
"sender: client125, message: > hello from client125"
11,1773967567.6897166,1773967569.7118392,2.022122621536255,success
12,1773967574.8576248,1773967576.8789303,2.021305561065674,success
"sender: client125, message: > hello from client125"
13,1773967581.9999413,1773967584.0609195,2.0609781742095947,success
"sender: client125, message: > hello from client125"
14,1773967589.2101328,1773967591.2413363,2.031203508377075,success
"sender: client125, message: > hello from client125"
15,1773967596.389909,1773967598.419925,2.0300159454345703,success
"sender: client125, message: > hello from client125"
16,1773967603.608286,1773967605.6275656,2.019279718399048,success
"sender: client125, message: > hello from client125"
17,1773967610.766093,1773967612.7765157,2.010422706604004,success
"sender: client125, message: > hello from client125"
18,1773967617.9250531,1773967619.9494443,2.0243911743164062,success
"sender: client125, message: > hello from client125"
19,1773967625.1485078,1773967627.144707,1.996199131011963,success
"sender: client125, message: > hello from client125"
20,1773967632.2720594,1773967634.3209145,2.0488550662994385,success
"sender: client125, message: > hello from client125"
