round,send_time,recv_time,rtt,status
2,1773967503.1701572,1773967505.1784778,2.0083205699920654,success
3,1773967510.2339945,1773967512.326968,2.092973470687866,success
4,1773967517.6435013,1773967519.506915,1.8634138107299805,success
5,1773967524.7603493,1773967526.6625288,1.902179479598999,success
6,1773967531.866792,1773967533.8301167,1.963324785232544,success
7,1773967539.0661016,1773967540.9918082,1.9257066249847412,success
"sender: client50, message: > hello from client50"
8,1773967546.111517,1773967548.1576095,2.0460925102233887,success
"sender: client50, message: > hello from client50"
9,1773967553.303207,1773967555.338702,2.0354950428009033,success
"sender: client50, message: > hello from client50"
10,1773967560.5042512,1773967562.5225303,2.0182790756225586,success
"sender: client50, message: > hello from client50"
11,1773967567.689203,1773967569.7184188,2.0292158126831055,success
"sender: client50, message: > hello from client50"
12,1773967574.824988,1773967576.8870606,2.06207275390625,success
"sender: client50, message: > hello from client50"
13,1773967582.0163755,1773967584.055731,2.039355516433716,success
"sender: client50, message: > hello from client50"
14,1773967589.2180037,1773967591.242346,2.0243422985076904,success
"sender: client50, message: > hello from client50"
15,1773967596.3918996,1773967598.416744,2.0248444080352783,success
"sender: client50, message: > hello from client50"
16,1773967603.5803,1773967605.607418,2.027117967605591,success
"sender: client50, message: > hello from client50"
17,1773967610.7711391,1773967612.770948,1.9998087882995605,success
"sender: client50, message: > hello from client50"
18,1773967617.9334362,1773967619.962777,2.0293407440185547,success
"sender: client50, message: > hello from client50"
19,1773967625.1354406,1773967627.1393237,2.003883123397827,success
"sender: client50, message: > hello from client50"
20,1773967632.2558122,1773967634.313372,2.0575597286224365,success
"sender: client50, message: > hello from client50"
