round,send_time,recv_time,rtt,status
4,1773967517.5197835,1773967519.4993622,1.9795787334442139,success
5,1773967524.7701156,1773967526.6635466,1.8934309482574463,success
6,1773967531.942886,1773967533.8437438,1.90085768699646,success
"sender: client195, message: > hello from client195"
7,1773967538.9997225,1773967541.008766,2.0090434551239014,success
"sender: client195, message: > hello from client195"
8,1773967546.132756,1773967548.1745813,2.041825294494629,success
"sender: client195, message: > hello from client195"
9,1773967553.3155632,1773967555.3416088,2.026045560836792,success
"sender: client195, message: > hello from client195"
10,1773967560.5093942,1773967562.5395844,2.0301902294158936,success
"sender: client195, message: > hello from client195"
11,1773967567.6775777,1773967569.71848,2.0409023761749268,success
"sender: client195, message: > hello from client195"
12,1773967574.8238606,1773967576.8832574,2.059396743774414,success
"sender: client195, message: > hello from client195"
13,1773967582.0379367,1773967584.0728564,2.0349197387695312,success
"sender: client195, message: > hello from client195"
14,1773967589.1858664,1773967591.2496443,2.0637779235839844,success
"sender: client195, message: > hello from client195"
15,1773967596.4068024,1773967598.424319,2.017516613006592,success
"sender: client195, message: > hello from client195"
16,1773967603.5819714,1773967605.636966,2.054994583129883,success
"sender: client195, message: > hello from client195"
17,1773967610.7645867,1773967612.781115,2.016528367996216,success
18,1773967617.937846,1773967619.9605901,2.0227441787719727,success
"sender: client195, message: > hello from client195"
19,1773967625.1453073,1773967627.145608,2.000300645828247,success
"sender: client195, message: > hello from client195"
20,1773967632.271827,1773967634.324891,2.0530641078948975,success
"sender: client195, message: > hello from client195"
