round,send_time,recv_time,rtt,status
4,1773967517.6523542,1773967519.5090334,1.8566792011260986,success
5,1773967524.745547,1773967526.6762657,1.9307186603546143,success
6,1773967531.9081635,1773967533.8336778,1.9255142211914062,success
"sender: client136, message: > hello from client136"
7,1773967538.9441693,1773967541.0218396,2.0776703357696533,success
"sender: client136, message: > hello from client136"
8,1773967546.1390822,1773967548.1785264,2.0394442081451416,success
"sender: client136, message: > hello from client136"
9,1773967553.3093731,1773967555.3483236,2.0389504432678223,success
10,1773967560.5056543,1773967562.5439408,2.0382864475250244,success
"sender: client136, message: > hello from client136"
11,1773967567.6689386,1773967569.7120762,2.043137550354004,success
"sender: client136, message: > hello from client136"
12,1773967574.8346813,1773967576.8794417,2.0447604656219482,success
"sender: client136, message: > hello from client136"
13,1773967582.0373018,1773967584.0563433,2.0190415382385254,success
"sender: client136, message: > hello from client136"
14,1773967589.1967466,1773967591.2399437,2.0431971549987793,success
"sender: client136, message: > hello from client136"
15,1773967596.3929062,1773967598.4221287,2.0292224884033203,success
16,1773967603.5973282,1773967605.636882,2.0395538806915283,success
"sender: client136, message: > hello from client136"
17,1773967610.7698982,1773967612.7709045,2.0010063648223877,success
"sender: client136, message: > hello from client136"
18,1773967617.9394503,1773967619.9636626,2.02421236038208,success
"sender: client136, message: > hello from client136"
19,1773967625.1489003,1773967627.1406505,1.9917502403259277,success
"sender: client136, message: > hello from client136"
20,1773967632.2666383,1773967634.3296096,2.062971353530884,success
"sender: client136, message: > hello from client136"
