round,send_time,recv_time,rtt,status
3,1773967510.3970761,1773967512.332406,1.9353299140930176,success
4,1773967517.600086,1773967519.5066762,1.906590223312378,success
5,1773967524.8022718,1773967526.6686318,1.8663599491119385,success
6,1773967531.9282668,1773967533.841751,1.9134843349456787,success
"sender: client113, message: > hello from client113"
7,1773967538.9849496,1773967540.9954548,2.010505199432373,success
"sender: client113, message: > hello from client113"
8,1773967546.1455808,1773967548.1785905,2.0330097675323486,success
"sender: client113, message: > hello from client113"
9,1773967553.2927341,1773967555.343849,2.051114797592163,success
"sender: client113, message: > hello from client113"
10,1773967560.4819016,1773967562.5238733,2.0419716835021973,success
"sender: client113, message: > hello from client113"
11,1773967567.6770568,1773967569.7121549,2.035098075866699,success
"sender: client113, message: > hello from client113"
12,1773967574.8579993,1773967576.888096,2.0300967693328857,success
"sender: client113, message: > hello from client113"
13,1773967582.041683,1773967584.0731711,2.0314881801605225,success
"sender: client113, message: > hello from client113"
14,1773967589.2141988,1773967591.239076,2.0248770713806152,success
"sender: client113, message: > hello from client113"
15,1773967596.355382,1773967598.4211297,2.0657477378845215,success
"sender: client113, message: > hello from client113"
16,1773967603.593105,1773967605.6295395,2.0364344120025635,success
"sender: client113, message: > hello from client113"
17,1773967610.770883,1773967612.7864041,2.0155210494995117,success
"sender: client113, message: > hello from client113"
18,1773967617.9376884,1773967619.949395,2.011706590652466,success
"sender: client113, message: > hello from client113"
19,1773967625.1425183,1773967627.1475167,2.0049984455108643,success
20,1773967632.253695,1773967634.32036,2.066664934158325,success
"sender: client113, message: > hello from client113"
