round,send_time,recv_time,rtt,status
3,1773960716.9960682,1773960718.8504226,1.8543543815612793,success
4,1773960724.1472294,1773960725.9421158,1.7948863506317139,success
5,1773960731.1398392,1773960733.0623162,1.9224770069122314,success
6,1773960738.1833537,1773960740.1250827,1.9417290687561035,success
"sender: client136, message: > hello from client136"
7,1773960745.2847016,1773960747.2141967,1.929495096206665,success
"sender: client136, message: > hello from client136"
8,1773960752.3765528,1773960754.310785,1.934232234954834,success
"sender: client136, message: > hello from client136"
9,1773960759.4618223,1773960761.3907983,1.928976058959961,success
10,1773960766.5443656,1773960768.4917028,1.9473371505737305,success
"sender: client136, message: > hello from client136"
11,1773960773.6119006,1773960775.573575,1.961674451828003,success
"sender: client136, message: > hello from client136"
12,1773960780.8392107,1773960782.6625009,1.8232901096343994,success
"sender: client136, message: > hello from client136"
13,1773960787.8123138,1773960789.7579036,1.9455897808074951,success
"sender: client136, message: > hello from client136"
14,1773960794.949786,1773960796.8368456,1.8870596885681152,success
"sender: client136, message: > hello from client136"
15,1773960802.0341034,1773960803.9263947,1.8922913074493408,success
"sender: client136, message: > hello from client136"
16,1773960809.0508418,1773960811.0153077,1.964465856552124,success
"sender: client136, message: > hello from client136"
17,1773960816.1382442,1773960818.0966046,1.9583604335784912,success
"sender: client136, message: > hello from client136"
18,1773960823.2227602,1773960825.190353,1.967592716217041,success
"sender: client136, message: > hello from client136"
19,1773960830.3324819,1773960832.274987,1.942505121231079,success
"sender: client136, message: > hello from client136"
20,1773960837.4080276,1773960839.40072,1.992692232131958,success
21,1773960844.4960468,1773960846.4870298,1.990983009338379,success
22,1773960851.657414,1773960853.5522,1.8947861194610596,success
"sender: client136, message: > hello from client136"
23,1773960858.7072058,1773960860.6361089,1.9289031028747559,success
"sender: client136, message: > hello from client136"
24,1773960865.7827678,1773960867.721617,1.9388492107391357,success
"sender: client136, message: > hello from client136"
