round,send_time,recv_time,rtt,status
4,1773967517.6612935,1773967519.4952695,1.8339760303497314,success
5,1773967524.7393305,1773967526.6608424,1.9215118885040283,success
6,1773967531.8822548,1773967533.835328,1.953073263168335,success
7,1773967538.943396,1773967540.992676,2.0492799282073975,success
"sender: client193, message: > hello from client193"
8,1773967546.1533031,1773967548.1793852,2.0260820388793945,success
"sender: client193, message: > hello from client193"
9,1773967553.3301785,1773967555.34235,2.012171506881714,success
"sender: client193, message: > hello from client193"
10,1773967560.5090337,1773967562.525107,2.016073226928711,success
"sender: client193, message: > hello from client193"
11,1773967567.6800137,1773967569.7195325,2.0395188331604004,success
"sender: client193, message: > hello from client193"
12,1773967574.8496847,1773967576.8801494,2.0304646492004395,success
"sender: client193, message: > hello from client193"
13,1773967582.0333552,1773967584.073082,2.039726734161377,success
"sender: client193, message: > hello from client193"
14,1773967589.2062917,1773967591.2412524,2.0349607467651367,success
"sender: client193, message: > hello from client193"
15,1773967596.391349,1773967598.4205701,2.0292210578918457,success
"sender: client193, message: > hello from client193"
16,1773967603.5767539,1773967605.6359384,2.0591845512390137,success
"sender: client193, message: > hello from client193"
17,1773967610.7470624,1773967612.7783232,2.0312607288360596,success
"sender: client193, message: > hello from client193"
18,1773967617.9286797,1773967619.9542062,2.025526523590088,success
"sender: client193, message: > hello from client193"
19,1773967625.1441016,1773967627.1408277,1.9967260360717773,success
"sender: client193, message: > hello from client193"
20,1773967632.4072459,1773967634.3216772,1.9144313335418701,success
"sender: client193, message: > hello from client193"
