round,send_time,recv_time,rtt,status
3,1773960717.044513,1773960718.8513446,1.8068315982818604,success
4,1773960724.1155362,1773960725.9421265,1.8265902996063232,success
5,1773960731.22926,1773960733.0370228,1.807762861251831,success
"sender: client110, message: > hello from client110"
6,1773960738.136971,1773960740.1248558,1.987884759902954,success
"sender: client110, message: > hello from client110"
7,1773960745.2764559,1773960747.2139115,1.937455654144287,success
"sender: client110, message: > hello from client110"
8,1773960752.3593924,1773960754.3018587,1.9424662590026855,success
"sender: client110, message: > hello from client110"
9,1773960759.4433167,1773960761.3944306,1.9511139392852783,success
"sender: client110, message: > hello from client110"
10,1773960766.538449,1773960768.4913983,1.9529492855072021,success
"sender: client110, message: > hello from client110"
11,1773960773.590195,1773960775.5757353,1.9855403900146484,success
"sender: client110, message: > hello from client110"
12,1773960780.8855612,1773960782.6621785,1.7766172885894775,success
"sender: client110, message: > hello from client110"
13,1773960787.8132446,1773960789.7590244,1.945779800415039,success
14,1773960794.8429677,1773960796.836005,1.993037223815918,success
"sender: client110, message: > hello from client110"
15,1773960802.0323482,1773960803.9229307,1.89058256149292,success
"sender: client110, message: > hello from client110"
16,1773960809.0801473,1773960811.0153272,1.9351799488067627,success
"sender: client110, message: > hello from client110"
17,1773960816.1488717,1773960818.1083758,1.9595041275024414,success
"sender: client110, message: > hello from client110"
18,1773960823.2384968,1773960825.183717,1.9452202320098877,success
"sender: client110, message: > hello from client110"
19,1773960830.3189998,1773960832.2636735,1.944673776626587,success
"sender: client110, message: > hello from client110"
20,1773960837.3976011,1773960839.3870761,1.9894750118255615,success
"sender: client110, message: > hello from client110"
21,1773960844.5175982,1773960846.474786,1.9571878910064697,success
"sender: client110, message: > hello from client110"
22,1773960851.6619205,1773960853.5647483,1.9028277397155762,success
"sender: client110, message: > hello from client110"
23,1773960858.702637,1773960860.635366,1.9327290058135986,success
"sender: client110, message: > hello from client110"
24,1773960865.734268,1773960867.713993,1.9797251224517822,success
