round,send_time,recv_time,rtt,status
2,1773967503.162167,1773967505.1789255,2.016758441925049,success
3,1773967510.386871,1773967512.3265984,1.9397273063659668,success
4,1773967517.5974445,1773967519.499585,1.9021403789520264,success
5,1773967524.7995403,1773967526.6578174,1.8582770824432373,success
6,1773967531.7902753,1773967533.8303227,2.0400474071502686,success
"sender: client56, message: > hello from client56"
7,1773967538.9455307,1773967540.9980664,2.0525357723236084,success
"sender: client56, message: > hello from client56"
8,1773967546.119387,1773967548.1578534,2.038466453552246,success
"sender: client56, message: > hello from client56"
9,1773967553.3231957,1773967555.3387856,2.015589952468872,success
"sender: client56, message: > hello from client56"
10,1773967560.4674594,1773967562.5235445,2.0560851097106934,success
"sender: client56, message: > hello from client56"
11,1773967567.663669,1773967569.708012,2.0443429946899414,success
"sender: client56, message: > hello from client56"
12,1773967574.8605394,1773967576.8768942,2.01635479927063,success
"sender: client56, message: > hello from client56"
13,1773967582.040787,1773967584.056412,2.015625,success
"sender: client56, message: > hello from client56"
14,1773967589.2085547,1773967591.2340016,2.025446891784668,success
"sender: client56, message: > hello from client56"
15,1773967596.3814397,1773967598.4188554,2.0374157428741455,success
"sender: client56, message: > hello from client56"
16,1773967603.5695822,1773967605.6270456,2.0574634075164795,success
"sender: client56, message: > hello from client56"
17,1773967610.7594857,1773967612.7761083,2.016622543334961,success
"sender: client56, message: > hello from client56"
18,1773967617.934571,1773967619.9486256,2.014054536819458,success
"sender: client56, message: > hello from client56"
19,1773967625.1035879,1773967627.1386545,2.035066604614258,success
"sender: client56, message: > hello from client56"
20,1773967632.2590058,1773967634.3134642,2.0544583797454834,success
"sender: client56, message: > hello from client56"
