round,send_time,recv_time,rtt,status
4,1773960724.1567218,1773960725.9448965,1.7881746292114258,success
5,1773960731.1983988,1773960733.0626485,1.8642497062683105,success
"sender: client171, message: > hello from client171"
6,1773960738.178886,1773960740.1306715,1.9517855644226074,success
7,1773960745.2448707,1773960747.2260432,1.9811725616455078,success
"sender: client171, message: > hello from client171"
8,1773960752.3814855,1773960754.3031156,1.9216301441192627,success
"sender: client171, message: > hello from client171"
9,1773960759.4147837,1773960761.3912628,1.9764790534973145,success
"sender: client171, message: > hello from client171"
10,1773960766.5369747,1773960768.4988413,1.9618666172027588,success
"sender: client171, message: > hello from client171"
11,1773960773.6189966,1773960775.5742598,1.9552631378173828,success
"sender: client171, message: > hello from client171"
12,1773960780.8850682,1773960782.6629999,1.7779316902160645,success
"sender: client171, message: > hello from client171"
13,1773960787.8065627,1773960789.7583017,1.9517390727996826,success
"sender: client171, message: > hello from client171"
14,1773960794.9216044,1773960796.836689,1.9150846004486084,success
"sender: client171, message: > hello from client171"
15,1773960802.0381215,1773960803.923998,1.8858766555786133,success
"sender: client171, message: > hello from client171"
16,1773960809.075566,1773960811.0131686,1.9376025199890137,success
"sender: client171, message: > hello from client171"
17,1773960816.1249995,1773960818.1136675,1.9886679649353027,success
"sender: client171, message: > hello from client171"
18,1773960823.2328477,1773960825.1834443,1.950596570968628,success
"sender: client171, message: > hello from client171"
19,1773960830.335098,1773960832.264725,1.9296269416809082,success
"sender: client171, message: > hello from client171"
20,1773960837.4045968,1773960839.3884993,1.9839024543762207,success
21,1773960844.544147,1773960846.4839096,1.9397625923156738,success
"sender: client171, message: > hello from client171"
22,1773960851.6444218,1773960853.55072,1.9062981605529785,success
"sender: client171, message: > hello from client171"
23,1773960858.7206776,1773960860.6393766,1.918699026107788,success
"sender: client171, message: > hello from client171"
24,1773960865.75648,1773960867.7161512,1.9596712589263916,success
"sender: client171, message: > hello from client171"
