round,send_time,recv_time,rtt,status
2,1773967503.1916373,1773967505.1775696,1.9859323501586914,success
3,1773967510.3660994,1773967512.329852,1.9637527465820312,success
4,1773967517.5366573,1773967519.4937136,1.9570562839508057,success
5,1773967524.7899296,1773967526.6557417,1.865812063217163,success
6,1773967531.9320378,1773967533.8294985,1.897460699081421,success
7,1773967539.0013778,1773967541.0062351,2.004857301712036,success
8,1773967546.152884,1773967548.1573513,2.004467248916626,success
"sender: client16, message: > hello from client16"
9,1773967553.3283699,1773967555.3383975,2.0100276470184326,success
"sender: client16, message: > hello from client16"
10,1773967560.4668803,1773967562.5228438,2.0559635162353516,success
"sender: client16, message: > hello from client16"
11,1773967567.6801193,1773967569.706682,2.0265626907348633,success
"sender: client16, message: > hello from client16"
12,1773967574.8558292,1773967576.8888013,2.0329720973968506,success
"sender: client16, message: > hello from client16"
13,1773967582.0327153,1773967584.0761666,2.0434513092041016,success
"sender: client16, message: > hello from client16"
14,1773967589.2162304,1773967591.2341018,2.017871379852295,success
"sender: client16, message: > hello from client16"
15,1773967596.3881903,1773967598.4177785,2.029588222503662,success
"sender: client16, message: > hello from client16"
16,1773967603.5991962,1773967605.6054554,2.0062592029571533,success
"sender: client16, message: > hello from client16"
17,1773967610.7732878,1773967612.7790914,2.0058035850524902,success
"sender: client16, message: > hello from client16"
18,1773967617.9368775,1773967619.9479728,2.0110952854156494,success
"sender: client16, message: > hello from client16"
19,1773967625.1467102,1773967627.1381795,1.991469383239746,success
"sender: client16, message: > hello from client16"
20,1773967632.2432356,1773967634.3336709,2.090435266494751,success
"sender: client16, message: > hello from client16"
