round,send_time,recv_time,rtt,status
3,1773960717.0643783,1773960718.8500962,1.7857179641723633,success
4,1773960724.1432273,1773960725.9416006,1.7983732223510742,success
5,1773960731.212197,1773960733.0461094,1.8339123725891113,success
6,1773960738.1952653,1773960740.124882,1.9296166896820068,success
"sender: client117, message: > hello from client117"
7,1773960745.233345,1773960747.2141268,1.9807817935943604,success
"sender: client117, message: > hello from client117"
8,1773960752.3745654,1773960754.3014731,1.9269077777862549,success
"sender: client117, message: > hello from client117"
9,1773960759.4584985,1773960761.3939126,1.9354140758514404,success
"sender: client117, message: > hello from client117"
10,1773960766.5191243,1773960768.502224,1.9830996990203857,success
"sender: client117, message: > hello from client117"
11,1773960773.6361957,1773960775.5682359,1.9320402145385742,success
"sender: client117, message: > hello from client117"
12,1773960780.8400688,1773960782.6648173,1.8247485160827637,success
"sender: client117, message: > hello from client117"
13,1773960787.7897913,1773960789.7572463,1.9674549102783203,success
"sender: client117, message: > hello from client117"
14,1773960794.9243834,1773960796.8367612,1.9123778343200684,success
"sender: client117, message: > hello from client117"
15,1773960802.025728,1773960803.9227803,1.89705228805542,success
"sender: client117, message: > hello from client117"
16,1773960809.0721753,1773960811.009158,1.9369826316833496,success
"sender: client117, message: > hello from client117"
17,1773960816.122779,1773960818.106733,1.9839541912078857,success
"sender: client117, message: > hello from client117"
18,1773960823.249076,1773960825.1833057,1.934229850769043,success
19,1773960830.3343527,1773960832.272495,1.9381422996520996,success
"sender: client117, message: > hello from client117"
20,1773960837.4084263,1773960839.4008265,1.9924001693725586,success
"sender: client117, message: > hello from client117"
21,1773960844.534308,1773960846.480835,1.9465270042419434,success
"sender: client117, message: > hello from client117"
22,1773960851.6353755,1773960853.5518131,1.9164376258850098,success
23,1773960858.6825469,1773960860.6354167,1.9528698921203613,success
"sender: client117, message: > hello from client117"
24,1773960865.7844632,1773960867.7148356,1.9303724765777588,success
"sender: client117, message: > hello from client117"
