round,send_time,recv_time,rtt,status
3,1773960717.0142508,1773960718.8502593,1.8360085487365723,success
4,1773960724.1549325,1773960725.9420674,1.7871348857879639,success
5,1773960731.1682105,1773960733.0357924,1.867581844329834,success
"sender: client131, message: > hello from client131"
6,1773960738.1790702,1773960740.1249352,1.9458649158477783,success
"sender: client131, message: > hello from client131"
7,1773960745.2532136,1773960747.2139285,1.9607148170471191,success
8,1773960752.3656383,1773960754.3018057,1.9361674785614014,success
"sender: client131, message: > hello from client131"
9,1773960759.4428647,1773960761.394508,1.9516432285308838,success
"sender: client131, message: > hello from client131"
10,1773960766.5065067,1773960768.5022032,1.9956965446472168,success
"sender: client131, message: > hello from client131"
11,1773960773.5908873,1773960775.5677488,1.9768614768981934,success
"sender: client131, message: > hello from client131"
12,1773960780.8842335,1773960782.6623626,1.7781291007995605,success
"sender: client131, message: > hello from client131"
13,1773960787.811378,1773960789.7523584,1.9409804344177246,success
"sender: client131, message: > hello from client131"
14,1773960794.8574054,1773960796.8470805,1.9896750450134277,success
"sender: client131, message: > hello from client131"
15,1773960802.0499089,1773960803.92308,1.873171091079712,success
"sender: client131, message: > hello from client131"
16,1773960809.0717773,1773960811.0092998,1.9375224113464355,success
"sender: client131, message: > hello from client131"
17,1773960816.1574736,1773960818.0971696,1.9396960735321045,success
"sender: client131, message: > hello from client131"
18,1773960823.2066698,1773960825.1905713,1.9839015007019043,success
19,1773960830.309426,1773960832.2687662,1.9593400955200195,success
20,1773960837.3788476,1773960839.398088,2.019240379333496,success
"sender: client131, message: > hello from client131"
21,1773960844.525984,1773960846.4786804,1.9526963233947754,success
"sender: client131, message: > hello from client131"
22,1773960851.6699195,1773960853.5522761,1.8823566436767578,success
"sender: client131, message: > hello from client131"
23,1773960858.70754,1773960860.6366482,1.9291081428527832,success
"sender: client131, message: > hello from client131"
24,1773960865.7570038,1773960867.7220647,1.9650609493255615,success
"sender: client131, message: > hello from client131"
