round,send_time,recv_time,rtt,status
3,1773967510.3413491,1773967512.3253195,1.9839704036712646,success
4,1773967517.6697936,1773967519.5007188,1.8309252262115479,success
5,1773967524.6966727,1773967526.6623766,1.9657039642333984,success
6,1773967531.786994,1773967533.8298054,2.042811393737793,success
7,1773967538.9418724,1773967540.9932144,2.051342010498047,success
"sender: client97, message: > hello from client97"
8,1773967546.1585476,1773967548.1646698,2.00612211227417,success
"sender: client97, message: > hello from client97"
9,1773967553.3256726,1773967555.3462071,2.0205345153808594,success
"sender: client97, message: > hello from client97"
10,1773967560.5079398,1773967562.5358756,2.027935743331909,success
"sender: client97, message: > hello from client97"
11,1773967567.6807566,1773967569.7205615,2.0398049354553223,success
"sender: client97, message: > hello from client97"
12,1773967574.8423655,1773967576.885004,2.0426385402679443,success
13,1773967582.0311322,1773967584.0558972,2.0247650146484375,success
"sender: client97, message: > hello from client97"
14,1773967589.182642,1773967591.24963,2.066987991333008,success
15,1773967596.3810408,1773967598.4219148,2.0408740043640137,success
"sender: client97, message: > hello from client97"
16,1773967603.580178,1773967605.6271944,2.0470163822174072,success
"sender: client97, message: > hello from client97"
17,1773967610.737918,1773967612.7707007,2.032782793045044,success
"sender: client97, message: > hello from client97"
18,1773967617.890795,1773967619.9490345,2.058239459991455,success
"sender: client97, message: > hello from client97"
19,1773967625.1324394,1773967627.1396704,2.0072309970855713,success
"sender: client97, message: > hello from client97"
20,1773967632.2849867,1773967634.329771,2.0447843074798584,success
"sender: client97, message: > hello from client97"
