round,send_time,recv_time,rtt,status
3,1773960716.9916098,1773960718.8498645,1.8582546710968018,success
4,1773960724.1278334,1773960725.943593,1.8157596588134766,success
5,1773960731.2090209,1773960733.054931,1.8459100723266602,success
6,1773960738.1733801,1773960740.1289716,1.9555914402008057,success
"sender: client104, message: > hello from client104"
7,1773960745.274109,1773960747.2138295,1.939720630645752,success
"sender: client104, message: > hello from client104"
8,1773960752.3749647,1773960754.3016818,1.9267170429229736,success
9,1773960759.463695,1773960761.3980565,1.934361457824707,success
"sender: client104, message: > hello from client104"
10,1773960766.518866,1773960768.4929707,1.974104642868042,success
"sender: client104, message: > hello from client104"
11,1773960773.6351452,1773960775.5749404,1.9397952556610107,success
"sender: client104, message: > hello from client104"
12,1773960780.8867562,1773960782.6621528,1.7753965854644775,success
"sender: client104, message: > hello from client104"
13,1773960787.8022623,1773960789.75178,1.9495177268981934,success
"sender: client104, message: > hello from client104"
14,1773960794.901643,1773960796.8465571,1.9449141025543213,success
"sender: client104, message: > hello from client104"
15,1773960802.0400715,1773960803.9228384,1.8827669620513916,success
"sender: client104, message: > hello from client104"
16,1773960809.0640187,1773960811.0167842,1.9527654647827148,success
17,1773960816.14785,1773960818.114099,1.9662489891052246,success
"sender: client104, message: > hello from client104"
18,1773960823.2449865,1773960825.184012,1.9390254020690918,success
"sender: client104, message: > hello from client104"
19,1773960830.3470705,1773960832.2631073,1.91603684425354,success
20,1773960837.3989644,1773960839.3870223,1.9880578517913818,success
"sender: client104, message: > hello from client104"
21,1773960844.5537524,1773960846.4853272,1.931574821472168,success
"sender: client104, message: > hello from client104"
22,1773960851.6437504,1773960853.5609167,1.9171662330627441,success
"sender: client104, message: > hello from client104"
23,1773960858.7268748,1773960860.6478722,1.9209973812103271,success
"sender: client104, message: > hello from client104"
24,1773960865.7390006,1773960867.7215052,1.9825046062469482,success
"sender: client104, message: > hello from client104"
