round,send_time,recv_time,rtt,status
2,1773967503.2000625,1773967505.1774917,1.9774291515350342,success
3,1773967510.3811336,1773967512.329001,1.9478673934936523,success
4,1773967517.6324065,1773967519.5007648,1.8683583736419678,success
5,1773967524.765685,1773967526.657114,1.8914289474487305,success
6,1773967531.9004521,1773967533.829664,1.9292118549346924,success
7,1773967539.0521414,1773967541.010298,1.9581565856933594,success
"sender: client19, message: > hello from client19"
8,1773967546.1395442,1773967548.156732,2.0171878337860107,success
"sender: client19, message: > hello from client19"
9,1773967553.3308835,1773967555.3403192,2.0094356536865234,success
"sender: client19, message: > hello from client19"
10,1773967560.5048373,1773967562.523647,2.0188097953796387,success
"sender: client19, message: > hello from client19"
11,1773967567.6784053,1773967569.7127388,2.0343334674835205,success
"sender: client19, message: > hello from client19"
12,1773967574.856519,1773967576.87714,2.0206210613250732,success
"sender: client19, message: > hello from client19"
13,1773967581.9969296,1773967584.0563102,2.059380531311035,success
"sender: client19, message: > hello from client19"
14,1773967589.2215173,1773967591.2340772,2.0125598907470703,success
"sender: client19, message: > hello from client19"
15,1773967596.3940818,1773967598.4164712,2.0223894119262695,success
"sender: client19, message: > hello from client19"
16,1773967603.5994263,1773967605.606045,2.0066187381744385,success
"sender: client19, message: > hello from client19"
17,1773967610.7704947,1773967612.7705154,2.000020742416382,success
"sender: client19, message: > hello from client19"
18,1773967617.9250877,1773967619.961938,2.0368502140045166,success
"sender: client19, message: > hello from client19"
19,1773967625.126644,1773967627.1390414,2.012397527694702,success
"sender: client19, message: > hello from client19"
20,1773967632.2968855,1773967634.312405,2.015519618988037,success
"sender: client19, message: > hello from client19"
