round,send_time,recv_time,rtt,status
2,1773960709.8925374,1773960711.786119,1.8935816287994385,success
3,1773960717.024543,1773960718.8552449,1.8307018280029297,success
4,1773960724.1214592,1773960725.940318,1.8188588619232178,success
5,1773960731.2016778,1773960733.0486047,1.8469269275665283,success
6,1773960738.1628425,1773960740.1286879,1.9658453464508057,success
"sender: client41, message: > hello from client41"
7,1773960745.2446363,1773960747.2212715,1.976635217666626,success
"sender: client41, message: > hello from client41"
8,1773960752.3754885,1773960754.3062344,1.9307458400726318,success
"sender: client41, message: > hello from client41"
9,1773960759.464537,1773960761.3888912,1.9243543148040771,success
"sender: client41, message: > hello from client41"
10,1773960766.5385551,1773960768.4800384,1.9414832592010498,success
"sender: client41, message: > hello from client41"
11,1773960773.6389086,1773960775.5670009,1.9280922412872314,success
"sender: client41, message: > hello from client41"
12,1773960780.8888786,1773960782.6718497,1.7829711437225342,success
"sender: client41, message: > hello from client41"
13,1773960787.7994978,1773960789.750064,1.950566053390503,success
"sender: client41, message: > hello from client41"
14,1773960794.9467986,1773960796.8339539,1.887155294418335,success
"sender: client41, message: > hello from client41"
15,1773960802.0494192,1773960803.9216046,1.872185468673706,success
"sender: client41, message: > hello from client41"
16,1773960809.0601292,1773960811.0117416,1.9516124725341797,success
"sender: client41, message: > hello from client41"
17,1773960816.1636367,1773960818.0930092,1.9293725490570068,success
18,1773960823.2449322,1773960825.1933625,1.9484302997589111,success
19,1773960830.2968304,1773960832.2622306,1.965400218963623,success
"sender: client41, message: > hello from client41"
20,1773960837.4148717,1773960839.385621,1.9707493782043457,success
"sender: client41, message: > hello from client41"
21,1773960844.5030527,1773960846.4842439,1.9811911582946777,success
"sender: client41, message: > hello from client41"
22,1773960851.673788,1773960853.55422,1.880431890487671,success
"sender: client41, message: > hello from client41"
23,1773960858.6912477,1773960860.6426518,1.951404094696045,success
"sender: client41, message: > hello from client41"
24,1773960865.775694,1773960867.7362382,1.9605443477630615,success
"sender: client41, message: > hello from client41"
