round,send_time,recv_time,rtt,status
3,1773967510.3666058,1773967512.3287363,1.9621305465698242,success
4,1773967517.6375325,1773967519.4926338,1.8551013469696045,success
5,1773967524.8020394,1773967526.6675267,1.8654873371124268,success
6,1773967531.8794835,1773967533.8290498,1.94956636428833,success
7,1773967539.001458,1773967540.9910643,1.9896063804626465,success
"sender: client71, message: > hello from client71"
8,1773967546.149133,1773967548.1741583,2.0250253677368164,success
"sender: client71, message: > hello from client71"
9,1773967553.3041105,1773967555.3415232,2.037412643432617,success
"sender: client71, message: > hello from client71"
10,1773967560.5026708,1773967562.5226886,2.0200178623199463,success
"sender: client71, message: > hello from client71"
11,1773967567.6739967,1773967569.7083929,2.034396171569824,success
"sender: client71, message: > hello from client71"
12,1773967574.8331113,1773967576.8777323,2.044620990753174,success
"sender: client71, message: > hello from client71"
13,1773967582.0335872,1773967584.0744736,2.040886402130127,success
"sender: client71, message: > hello from client71"
14,1773967589.2176058,1773967591.2379413,2.0203354358673096,success
"sender: client71, message: > hello from client71"
15,1773967596.3969662,1773967598.4170098,2.0200436115264893,success
16,1773967603.583748,1773967605.606188,2.022439956665039,success
"sender: client71, message: > hello from client71"
17,1773967610.7719452,1773967612.7708123,1.9988670349121094,success
"sender: client71, message: > hello from client71"
18,1773967617.927239,1773967619.9488118,2.0215728282928467,success
"sender: client71, message: > hello from client71"
19,1773967625.1426811,1773967627.1389515,1.9962704181671143,success
"sender: client71, message: > hello from client71"
20,1773967632.3017967,1773967634.3140073,2.0122106075286865,success
"sender: client71, message: > hello from client71"
