round,send_time,recv_time,rtt,status
3,1773967510.382432,1773967512.3299587,1.9475266933441162,success
4,1773967517.6688335,1773967519.5023978,1.833564281463623,success
5,1773967524.717002,1773967526.6667023,1.9497003555297852,success
6,1773967531.940043,1773967533.8296835,1.8896405696868896,success
7,1773967538.971902,1773967540.9911976,2.0192956924438477,success
"sender: client104, message: > hello from client104"
8,1773967546.1349435,1773967548.164338,2.0293946266174316,success
"sender: client104, message: > hello from client104"
9,1773967553.3216035,1773967555.3395486,2.0179450511932373,success
"sender: client104, message: > hello from client104"
10,1773967560.4835713,1773967562.523096,2.039524793624878,success
"sender: client104, message: > hello from client104"
11,1773967567.674274,1773967569.7165809,2.042306900024414,success
"sender: client104, message: > hello from client104"
12,1773967574.8668933,1773967576.8833497,2.016456365585327,success
"sender: client104, message: > hello from client104"
13,1773967582.0227566,1773967584.061146,2.0383894443511963,success
"sender: client104, message: > hello from client104"
14,1773967589.1814184,1773967591.2461321,2.064713716506958,success
"sender: client104, message: > hello from client104"
15,1773967596.403157,1773967598.4198794,2.0167224407196045,success
"sender: client104, message: > hello from client104"
16,1773967603.6087315,1773967605.6379259,2.0291943550109863,success
"sender: client104, message: > hello from client104"
17,1773967610.7554984,1773967612.7754474,2.019948959350586,success
"sender: client104, message: > hello from client104"
18,1773967617.8985777,1773967619.952104,2.0535264015197754,success
"sender: client104, message: > hello from client104"
19,1773967625.1427698,1773967627.1397734,1.9970035552978516,success
"sender: client104, message: > hello from client104"
20,1773967632.2841055,1773967634.32066,2.0365545749664307,success
"sender: client104, message: > hello from client104"
