round,send_time,recv_time,rtt,status
3,1773960717.055396,1773960718.850432,1.7950358390808105,success
4,1773960724.156606,1773960725.9448738,1.7882678508758545,success
5,1773960731.2126114,1773960733.0373285,1.8247170448303223,success
6,1773960738.1900847,1773960740.1306267,1.9405419826507568,success
"sender: client114, message: > hello from client114"
7,1773960745.2720754,1773960747.2260122,1.9539368152618408,success
"sender: client114, message: > hello from client114"
8,1773960752.3707242,1773960754.3017714,1.9310472011566162,success
"sender: client114, message: > hello from client114"
9,1773960759.4556243,1773960761.3938925,1.9382681846618652,success
10,1773960766.5131297,1773960768.4864588,1.9733290672302246,success
11,1773960773.625819,1773960775.5683048,1.9424858093261719,success
"sender: client114, message: > hello from client114"
12,1773960780.8888829,1773960782.6622543,1.7733714580535889,success
"sender: client114, message: > hello from client114"
13,1773960787.8074687,1773960789.7583945,1.9509258270263672,success
"sender: client114, message: > hello from client114"
14,1773960794.9347134,1773960796.8363297,1.9016163349151611,success
"sender: client114, message: > hello from client114"
15,1773960802.0415854,1773960803.9268377,1.8852522373199463,success
"sender: client114, message: > hello from client114"
16,1773960809.080655,1773960811.0091405,1.92848539352417,success
"sender: client114, message: > hello from client114"
17,1773960816.1274233,1773960818.0963733,1.9689500331878662,success
"sender: client114, message: > hello from client114"
18,1773960823.2482252,1773960825.1847708,1.9365456104278564,success
"sender: client114, message: > hello from client114"
19,1773960830.3491452,1773960832.2763112,1.9271659851074219,success
"sender: client114, message: > hello from client114"
20,1773960837.3624923,1773960839.3901064,2.027614116668701,success
"sender: client114, message: > hello from client114"
21,1773960844.5478528,1773960846.4748452,1.926992416381836,success
"sender: client114, message: > hello from client114"
22,1773960851.6631446,1773960853.560486,1.8973414897918701,success
23,1773960858.693945,1773960860.6351311,1.9411861896514893,success
"sender: client114, message: > hello from client114"
24,1773960865.7846808,1773960867.718293,1.9336121082305908,success
"sender: client114, message: > hello from client114"
