round,send_time,recv_time,rtt,status
2,1773967503.197435,1773967505.1788619,1.9814269542694092,success
3,1773967510.378215,1773967512.329659,1.9514439105987549,success
4,1773967517.6659715,1773967519.4961767,1.8302052021026611,success
5,1773967524.7990756,1773967526.6759572,1.8768815994262695,success
6,1773967531.9029794,1773967533.8414962,1.9385168552398682,success
7,1773967538.97168,1773967540.991183,2.019503116607666,success
"sender: client65, message: > hello from client65"
8,1773967546.103372,1773967548.1752613,2.0718891620635986,success
"sender: client65, message: > hello from client65"
9,1773967553.3286803,1773967555.3389752,2.0102949142456055,success
"sender: client65, message: > hello from client65"
10,1773967560.4770837,1773967562.53078,2.053696393966675,success
"sender: client65, message: > hello from client65"
11,1773967567.653684,1773967569.7206933,2.067009449005127,success
"sender: client65, message: > hello from client65"
12,1773967574.8211634,1773967576.8771641,2.0560007095336914,success
"sender: client65, message: > hello from client65"
13,1773967582.003528,1773967584.0722055,2.0686774253845215,success
"sender: client65, message: > hello from client65"
14,1773967589.217599,1773967591.2344604,2.0168614387512207,success
"sender: client65, message: > hello from client65"
15,1773967596.4053137,1773967598.4168198,2.0115060806274414,success
"sender: client65, message: > hello from client65"
16,1773967603.5749266,1773967605.6286404,2.053713798522949,success
"sender: client65, message: > hello from client65"
17,1773967610.7721713,1773967612.7705545,1.9983832836151123,success
18,1773967617.902493,1773967619.948674,2.0461809635162354,success
"sender: client65, message: > hello from client65"
19,1773967625.1497815,1773967627.1398752,1.99009370803833,success
"sender: client65, message: > hello from client65"
20,1773967632.2898326,1773967634.313736,2.0239033699035645,success
"sender: client65, message: > hello from client65"
