round,send_time,recv_time,rtt,status
4,1773967517.6489346,1773967519.4936216,1.8446869850158691,success
5,1773967524.7589278,1773967526.665505,1.9065771102905273,success
6,1773967531.8800628,1773967533.8440697,1.9640069007873535,success
7,1773967538.97144,1773967540.9938676,2.022427558898926,success
"sender: client147, message: > hello from client147"
8,1773967546.1055846,1773967548.1676347,2.0620501041412354,success
"sender: client147, message: > hello from client147"
9,1773967553.329278,1773967555.3458045,2.016526460647583,success
"sender: client147, message: > hello from client147"
10,1773967560.4791481,1773967562.5333066,2.0541584491729736,success
"sender: client147, message: > hello from client147"
11,1773967567.668573,1773967569.7193973,2.0508244037628174,success
"sender: client147, message: > hello from client147"
12,1773967574.842402,1773967576.8849359,2.0425338745117188,success
"sender: client147, message: > hello from client147"
13,1773967582.0412827,1773967584.0714505,2.030167818069458,success
"sender: client147, message: > hello from client147"
14,1773967589.2049375,1773967591.242254,2.0373165607452393,success
"sender: client147, message: > hello from client147"
15,1773967596.3907843,1773967598.4229386,2.0321543216705322,success
"sender: client147, message: > hello from client147"
16,1773967603.6014357,1773967605.6374872,2.0360515117645264,success
"sender: client147, message: > hello from client147"
17,1773967610.7479122,1773967612.777347,2.0294349193573,success
"sender: client147, message: > hello from client147"
18,1773967617.9070632,1773967619.9498975,2.0428342819213867,success
"sender: client147, message: > hello from client147"
19,1773967625.1259801,1773967627.1407526,2.014772415161133,success
"sender: client147, message: > hello from client147"
20,1773967632.2703695,1773967634.328069,2.05769944190979,success
"sender: client147, message: > hello from client147"
