round,send_time,recv_time,rtt,status
4,1773960724.085071,1773960725.9426875,1.8576164245605469,success
5,1773960731.1745808,1773960733.065087,1.8905062675476074,success
6,1773960738.1969361,1773960740.1260827,1.9291465282440186,success
7,1773960745.2604187,1773960747.222975,1.9625563621520996,success
"sender: client168, message: > hello from client168"
8,1773960752.3616412,1773960754.3166492,1.9550080299377441,success
"sender: client168, message: > hello from client168"
9,1773960759.4366658,1773960761.394788,1.9581222534179688,success
"sender: client168, message: > hello from client168"
10,1773960766.5408857,1773960768.5022788,1.961393117904663,success
"sender: client168, message: > hello from client168"
11,1773960773.6309235,1773960775.5777066,1.9467830657958984,success
"sender: client168, message: > hello from client168"
12,1773960780.868881,1773960782.6722877,1.8034067153930664,success
"sender: client168, message: > hello from client168"
13,1773960787.7767932,1773960789.7571692,1.9803760051727295,success
"sender: client168, message: > hello from client168"
14,1773960794.9255912,1773960796.853263,1.9276716709136963,success
"sender: client168, message: > hello from client168"
15,1773960802.0406647,1773960803.923974,1.8833093643188477,success
"sender: client168, message: > hello from client168"
16,1773960809.045422,1773960811.0189047,1.973482608795166,success
"sender: client168, message: > hello from client168"
17,1773960816.165774,1773960818.096986,1.9312119483947754,success
18,1773960823.238538,1773960825.1845894,1.9460513591766357,success
"sender: client168, message: > hello from client168"
19,1773960830.3400776,1773960832.2711136,1.9310359954833984,success
"sender: client168, message: > hello from client168"
20,1773960837.4102554,1773960839.388446,1.9781906604766846,success
"sender: client168, message: > hello from client168"
21,1773960844.511169,1773960846.4891515,1.977982521057129,success
"sender: client168, message: > hello from client168"
22,1773960851.6287372,1773960853.5580719,1.9293346405029297,success
"sender: client168, message: > hello from client168"
23,1773960858.7251756,1773960860.642004,1.9168283939361572,success
"sender: client168, message: > hello from client168"
24,1773960865.7751071,1773960867.736857,1.961749792098999,success
"sender: client168, message: > hello from client168"
