round,send_time,recv_time,rtt,status
4,1773960724.1255298,1773960725.9430032,1.8174734115600586,success
5,1773960731.2001266,1773960733.0412867,1.8411600589752197,success
6,1773960738.2127724,1773960740.1262977,1.9135253429412842,success
"sender: client181, message: > hello from client181"
7,1773960745.2428126,1773960747.2293506,1.9865379333496094,success
"sender: client181, message: > hello from client181"
8,1773960752.353051,1773960754.3060067,1.952955722808838,success
"sender: client181, message: > hello from client181"
9,1773960759.4525943,1773960761.3914382,1.9388439655303955,success
"sender: client181, message: > hello from client181"
10,1773960766.5256083,1773960768.4990573,1.9734489917755127,success
"sender: client181, message: > hello from client181"
11,1773960773.6359088,1773960775.5760229,1.9401140213012695,success
12,1773960780.8633993,1773960782.6719682,1.8085689544677734,success
"sender: client181, message: > hello from client181"
13,1773960787.8196175,1773960789.755938,1.9363205432891846,success
14,1773960794.9476998,1773960796.836868,1.8891682624816895,success
"sender: client181, message: > hello from client181"
15,1773960802.024958,1773960803.9267666,1.901808738708496,success
"sender: client181, message: > hello from client181"
16,1773960809.0703309,1773960811.0137837,1.9434528350830078,success
"sender: client181, message: > hello from client181"
17,1773960816.163002,1773960818.1051896,1.9421875476837158,success
"sender: client181, message: > hello from client181"
18,1773960823.2345138,1773960825.183648,1.949134349822998,success
"sender: client181, message: > hello from client181"
19,1773960830.343276,1773960832.2648265,1.9215505123138428,success
"sender: client181, message: > hello from client181"
20,1773960837.4071147,1773960839.4006007,1.993485927581787,success
"sender: client181, message: > hello from client181"
21,1773960844.5376246,1773960846.4848347,1.9472100734710693,success
"sender: client181, message: > hello from client181"
22,1773960851.6291785,1773960853.562508,1.9333295822143555,success
23,1773960858.7106953,1773960860.6394758,1.9287805557250977,success
"sender: client181, message: > hello from client181"
24,1773960865.7614696,1773960867.715987,1.9545173645019531,success
"sender: client181, message: > hello from client181"
