round,send_time,recv_time,rtt,status
3,1773960717.038245,1773960718.8504899,1.8122448921203613,success
4,1773960724.1307461,1773960725.9456186,1.8148725032806396,success
5,1773960731.2263663,1773960733.0413606,1.8149943351745605,success
6,1773960738.1875365,1773960740.1321542,1.944617748260498,success
"sender: client151, message: > hello from client151"
7,1773960745.2786686,1773960747.218282,1.9396133422851562,success
"sender: client151, message: > hello from client151"
8,1773960752.3693404,1773960754.3030925,1.9337520599365234,success
"sender: client151, message: > hello from client151"
9,1773960759.432815,1773960761.3910265,1.9582114219665527,success
"sender: client151, message: > hello from client151"
10,1773960766.5386674,1773960768.502446,1.9637784957885742,success
"sender: client151, message: > hello from client151"
11,1773960773.622471,1773960775.568946,1.9464747905731201,success
"sender: client151, message: > hello from client151"
12,1773960780.8012905,1773960782.6737964,1.8725059032440186,success
"sender: client151, message: > hello from client151"
13,1773960787.808129,1773960789.7564979,1.948368787765503,success
"sender: client151, message: > hello from client151"
14,1773960794.9490435,1773960796.8367827,1.8877391815185547,success
15,1773960802.0316997,1773960803.9270658,1.8953661918640137,success
"sender: client151, message: > hello from client151"
16,1773960809.0781894,1773960811.0096507,1.9314613342285156,success
"sender: client151, message: > hello from client151"
17,1773960816.1559176,1773960818.09667,1.9407522678375244,success
"sender: client151, message: > hello from client151"
18,1773960823.2319424,1773960825.183099,1.9511566162109375,success
19,1773960830.3291554,1773960832.2696023,1.9404468536376953,success
"sender: client151, message: > hello from client151"
20,1773960837.4065833,1773960839.4007845,1.9942011833190918,success
"sender: client151, message: > hello from client151"
21,1773960844.5473616,1773960846.4828985,1.9355368614196777,success
"sender: client151, message: > hello from client151"
22,1773960851.6254864,1773960853.5557687,1.9302823543548584,success
23,1773960858.7327578,1773960860.6358469,1.9030890464782715,success
"sender: client151, message: > hello from client151"
24,1773960865.754974,1773960867.7209933,1.9660193920135498,success
"sender: client151, message: > hello from client151"
