round,send_time,recv_time,rtt,status
2,1773967503.186965,1773967505.179681,1.9927160739898682,success
3,1773967510.403015,1773967512.328567,1.9255521297454834,success
4,1773967517.6693585,1773967519.4921107,1.8227522373199463,success
5,1773967524.7511845,1773967526.6746016,1.923417091369629,success
6,1773967531.9331605,1773967533.8420432,1.9088826179504395,success
7,1773967538.9924076,1773967541.0087047,2.0162971019744873,success
"sender: client55, message: > hello from client55"
8,1773967546.1430469,1773967548.1768398,2.0337929725646973,success
9,1773967553.3081298,1773967555.3390212,2.0308914184570312,success
"sender: client55, message: > hello from client55"
10,1773967560.4902036,1773967562.5283966,2.0381929874420166,success
"sender: client55, message: > hello from client55"
11,1773967567.626375,1773967569.718377,2.0920021533966064,success
"sender: client55, message: > hello from client55"
12,1773967574.8646588,1773967576.881627,2.016968250274658,success
"sender: client55, message: > hello from client55"
13,1773967582.0103776,1773967584.0565915,2.0462138652801514,success
"sender: client55, message: > hello from client55"
14,1773967589.1971796,1773967591.2338111,2.0366315841674805,success
"sender: client55, message: > hello from client55"
15,1773967596.4049575,1773967598.4185672,2.0136096477508545,success
"sender: client55, message: > hello from client55"
16,1773967603.5861068,1773967605.6079855,2.021878719329834,success
"sender: client55, message: > hello from client55"
17,1773967610.7690048,1773967612.7799225,2.0109176635742188,success
"sender: client55, message: > hello from client55"
18,1773967617.9035547,1773967619.9587529,2.0551981925964355,success
"sender: client55, message: > hello from client55"
19,1773967625.1042051,1773967627.1429825,2.0387773513793945,success
"sender: client55, message: > hello from client55"
20,1773967632.266022,1773967634.3206112,2.05458927154541,success
"sender: client55, message: > hello from client55"
