round,send_time,recv_time,rtt,status
4,1773967517.6678462,1773967519.4935973,1.8257510662078857,success
5,1773967524.744426,1773967526.6763587,1.9319326877593994,success
6,1773967531.7728045,1773967533.841194,2.068389415740967,success
7,1773967539.067991,1773967540.992211,1.924220085144043,success
"sender: client142, message: > hello from client142"
8,1773967546.1329353,1773967548.1751475,2.0422122478485107,success
"sender: client142, message: > hello from client142"
9,1773967553.2915182,1773967555.3451564,2.053638219833374,success
"sender: client142, message: > hello from client142"
10,1773967560.501327,1773967562.5284882,2.027161121368408,success
"sender: client142, message: > hello from client142"
11,1773967567.6716695,1773967569.7121212,2.040451765060425,success
"sender: client142, message: > hello from client142"
12,1773967574.8501995,1773967576.88291,2.032710552215576,success
"sender: client142, message: > hello from client142"
13,1773967582.026605,1773967584.0600219,2.033416986465454,success
"sender: client142, message: > hello from client142"
14,1773967589.1878734,1773967591.240642,2.0527687072753906,success
"sender: client142, message: > hello from client142"
15,1773967596.3542407,1773967598.4211628,2.066922187805176,success
16,1773967603.6048005,1773967605.635974,2.0311734676361084,success
"sender: client142, message: > hello from client142"
17,1773967610.7622993,1773967612.7880843,2.025784969329834,success
18,1773967617.9366522,1773967619.9498537,2.0132014751434326,success
"sender: client142, message: > hello from client142"
19,1773967625.139431,1773967627.1407032,2.001272201538086,success
"sender: client142, message: > hello from client142"
20,1773967632.2734451,1773967634.3171377,2.0436925888061523,success
"sender: client142, message: > hello from client142"
