round,send_time,recv_time,rtt,status
3,1773967510.3676805,1773967512.3247945,1.9571139812469482,success
4,1773967517.5520773,1773967519.5069618,1.9548845291137695,success
5,1773967524.7400386,1773967526.6623955,1.9223568439483643,success
6,1773967531.9432979,1773967533.842351,1.8990530967712402,success
"sender: client88, message: > hello from client88"
7,1773967539.0643942,1773967540.9910924,1.9266982078552246,success
"sender: client88, message: > hello from client88"
8,1773967546.144723,1773967548.1731405,2.0284175872802734,success
"sender: client88, message: > hello from client88"
9,1773967553.310139,1773967555.3393948,2.0292558670043945,success
"sender: client88, message: > hello from client88"
10,1773967560.4738245,1773967562.5228148,2.048990249633789,success
"sender: client88, message: > hello from client88"
11,1773967567.6670575,1773967569.7101402,2.0430827140808105,success
"sender: client88, message: > hello from client88"
12,1773967574.8634465,1773967576.8817062,2.0182597637176514,success
"sender: client88, message: > hello from client88"
13,1773967582.0289898,1773967584.0715497,2.042559862136841,success
"sender: client88, message: > hello from client88"
14,1773967589.2175944,1773967591.2500296,2.032435178756714,success
"sender: client88, message: > hello from client88"
15,1773967596.408652,1773967598.4191675,2.0105154514312744,success
"sender: client88, message: > hello from client88"
16,1773967603.5926847,1773967605.6349676,2.042282819747925,success
"sender: client88, message: > hello from client88"
17,1773967610.7706594,1773967612.771918,2.001258611679077,success
"sender: client88, message: > hello from client88"
18,1773967617.9345365,1773967619.9550385,2.0205020904541016,success
"sender: client88, message: > hello from client88"
19,1773967625.1065578,1773967627.1478364,2.041278600692749,success
"sender: client88, message: > hello from client88"
20,1773967632.2735238,1773967634.3348677,2.0613439083099365,success
"sender: client88, message: > hello from client88"
