round,send_time,recv_time,rtt,status
4,1773967517.6487358,1773967519.5077894,1.859053611755371,success
5,1773967524.7606108,1773967526.6761615,1.915550708770752,success
6,1773967531.932774,1773967533.8334332,1.9006590843200684,success
7,1773967538.9981558,1773967540.9922848,1.994128942489624,success
"sender: client148, message: > hello from client148"
8,1773967546.125568,1773967548.1775584,2.051990509033203,success
"sender: client148, message: > hello from client148"
9,1773967553.2940238,1773967555.3404472,2.0464234352111816,success
"sender: client148, message: > hello from client148"
10,1773967560.489378,1773967562.525577,2.0361990928649902,success
"sender: client148, message: > hello from client148"
11,1773967567.6032867,1773967569.718826,2.115539312362671,success
"sender: client148, message: > hello from client148"
12,1773967574.863877,1773967576.8791504,2.015273332595825,success
"sender: client148, message: > hello from client148"
13,1773967582.0292342,1773967584.0739696,2.0447354316711426,success
"sender: client148, message: > hello from client148"
14,1773967589.2212963,1773967591.2501783,2.0288820266723633,success
"sender: client148, message: > hello from client148"
15,1773967596.3881812,1773967598.424272,2.036090850830078,success
"sender: client148, message: > hello from client148"
16,1773967603.5907166,1773967605.6302025,2.0394859313964844,success
"sender: client148, message: > hello from client148"
17,1773967610.7517855,1773967612.7777417,2.025956153869629,success
"sender: client148, message: > hello from client148"
18,1773967617.9085379,1773967619.962016,2.053478240966797,success
"sender: client148, message: > hello from client148"
19,1773967625.1443849,1773967627.142256,1.9978711605072021,success
"sender: client148, message: > hello from client148"
20,1773967632.2674658,1773967634.3208818,2.0534160137176514,success
"sender: client148, message: > hello from client148"
