round,send_time,recv_time,rtt,status
3,1773967510.4026291,1773967512.332382,1.9297528266906738,success
4,1773967517.6298182,1773967519.4961169,1.8662986755371094,success
5,1773967524.6914449,1773967526.662462,1.9710171222686768,success
6,1773967531.7645085,1773967533.8463185,2.0818099975585938,success
"sender: client81, message: > hello from client81"
7,1773967539.009152,1773967540.993803,1.9846510887145996,success
"sender: client81, message: > hello from client81"
8,1773967546.1383214,1773967548.1616712,2.0233497619628906,success
9,1773967553.313106,1773967555.339172,2.0260658264160156,success
"sender: client81, message: > hello from client81"
10,1773967560.5021765,1773967562.523346,2.021169424057007,success
"sender: client81, message: > hello from client81"
11,1773967567.687136,1773967569.7104666,2.0233306884765625,success
"sender: client81, message: > hello from client81"
12,1773967574.84237,1773967576.887413,2.0450429916381836,success
"sender: client81, message: > hello from client81"
13,1773967581.9993718,1773967584.0755575,2.076185703277588,success
"sender: client81, message: > hello from client81"
14,1773967589.1835961,1773967591.238129,2.054532766342163,success
"sender: client81, message: > hello from client81"
15,1773967596.3995893,1773967598.4202144,2.020625114440918,success
16,1773967603.605022,1773967605.6271298,2.0221078395843506,success
"sender: client81, message: > hello from client81"
17,1773967610.7621362,1773967612.7712128,2.0090765953063965,success
"sender: client81, message: > hello from client81"
18,1773967617.9379528,1773967619.9489446,2.0109918117523193,success
"sender: client81, message: > hello from client81"
19,1773967625.1192303,1773967627.139505,2.0202746391296387,success
"sender: client81, message: > hello from client81"
20,1773967632.2683449,1773967634.330625,2.0622801780700684,success
"sender: client81, message: > hello from client81"
