round,send_time,recv_time,rtt,status
2,1773967503.161774,1773967505.1810954,2.0193214416503906,success
3,1773967510.3312144,1773967512.3298965,1.9986820220947266,success
4,1773967517.6573653,1773967519.492553,1.8351876735687256,success
5,1773967524.7990537,1773967526.6576595,1.8586058616638184,success
6,1773967531.7542455,1773967533.828321,2.07407546043396,success
7,1773967539.005154,1773967540.9950511,1.9898972511291504,success
"sender: client11, message: > hello from client11"
8,1773967546.1455622,1773967548.1573243,2.0117621421813965,success
"sender: client11, message: > hello from client11"
9,1773967553.3116684,1773967555.338214,2.026545524597168,success
"sender: client11, message: > hello from client11"
10,1773967560.4895566,1773967562.5252845,2.0357279777526855,success
"sender: client11, message: > hello from client11"
11,1773967567.684891,1773967569.7125998,2.0277087688446045,success
"sender: client11, message: > hello from client11"
12,1773967574.856544,1773967576.8851283,2.0285842418670654,success
"sender: client11, message: > hello from client11"
13,1773967582.0298707,1773967584.076183,2.0463123321533203,success
"sender: client11, message: > hello from client11"
14,1773967589.166763,1773967591.2369812,2.070218086242676,success
"sender: client11, message: > hello from client11"
15,1773967596.3901803,1773967598.4157314,2.0255510807037354,success
"sender: client11, message: > hello from client11"
16,1773967603.599145,1773967605.6264026,2.0272576808929443,success
"sender: client11, message: > hello from client11"
17,1773967610.756948,1773967612.7844446,2.027496576309204,success
"sender: client11, message: > hello from client11"
18,1773967617.9361105,1773967619.9596176,2.0235071182250977,success
"sender: client11, message: > hello from client11"
19,1773967625.1447823,1773967627.1376941,1.9929118156433105,success
"sender: client11, message: > hello from client11"
20,1773967632.259432,1773967634.3118994,2.0524673461914062,success
