round,send_time,recv_time,rtt,status
4,1773967517.5309844,1773967519.4972394,1.9662549495697021,success
5,1773967524.7490876,1773967526.6733105,1.9242229461669922,success
6,1773967531.7815251,1773967533.839436,2.057910919189453,success
7,1773967538.9938626,1773967540.9977117,2.0038490295410156,success
"sender: client185, message: > hello from client185"
8,1773967546.1493723,1773967548.179619,2.0302467346191406,success
"sender: client185, message: > hello from client185"
9,1773967553.3177106,1773967555.3459582,2.028247594833374,success
"sender: client185, message: > hello from client185"
10,1773967560.4769483,1773967562.5270257,2.050077438354492,success
"sender: client185, message: > hello from client185"
11,1773967567.6540263,1773967569.7153006,2.061274290084839,success
"sender: client185, message: > hello from client185"
12,1773967574.8539522,1773967576.879971,2.0260188579559326,success
"sender: client185, message: > hello from client185"
13,1773967582.0008085,1773967584.058344,2.057535409927368,success
"sender: client185, message: > hello from client185"
14,1773967589.2072794,1773967591.2510626,2.043783187866211,success
"sender: client185, message: > hello from client185"
15,1773967596.4017065,1773967598.4235618,2.021855354309082,success
"sender: client185, message: > hello from client185"
16,1773967603.6079488,1773967605.6393814,2.031432628631592,success
"sender: client185, message: > hello from client185"
17,1773967610.7678318,1773967612.7738328,2.0060009956359863,success
"sender: client185, message: > hello from client185"
18,1773967617.9315782,1773967619.9544954,2.0229172706604004,success
"sender: client185, message: > hello from client185"
19,1773967625.0982287,1773967627.143216,2.044987201690674,success
"sender: client185, message: > hello from client185"
20,1773967632.2985063,1773967634.3248181,2.0263118743896484,success
"sender: client185, message: > hello from client185"
