round,send_time,recv_time,rtt,status
2,1773960709.864101,1773960711.7844462,1.9203453063964844,success
3,1773960717.039715,1773960718.854806,1.8150908946990967,success
4,1773960724.1493747,1773960725.9403036,1.790928840637207,success
5,1773960731.184812,1773960733.0623548,1.8775427341461182,success
6,1773960738.1617172,1773960740.123856,1.9621388912200928,success
"sender: client52, message: > hello from client52"
7,1773960745.2761364,1773960747.225955,1.9498186111450195,success
"sender: client52, message: > hello from client52"
8,1773960752.371466,1773960754.3015032,1.930037260055542,success
9,1773960759.4420521,1773960761.3957603,1.9537081718444824,success
"sender: client52, message: > hello from client52"
10,1773960766.536358,1773960768.4865031,1.9501450061798096,success
"sender: client52, message: > hello from client52"
11,1773960773.5922103,1773960775.5739474,1.9817371368408203,success
"sender: client52, message: > hello from client52"
12,1773960780.8290658,1773960782.6707845,1.8417186737060547,success
"sender: client52, message: > hello from client52"
13,1773960787.8183792,1773960789.7591846,1.940805435180664,success
"sender: client52, message: > hello from client52"
14,1773960794.949434,1773960796.8344169,1.8849828243255615,success
"sender: client52, message: > hello from client52"
15,1773960802.0169227,1773960803.928962,1.9120392799377441,success
"sender: client52, message: > hello from client52"
16,1773960809.0498192,1773960811.014168,1.9643487930297852,success
"sender: client52, message: > hello from client52"
17,1773960816.154503,1773960818.0947251,1.9402220249176025,success
18,1773960823.1993673,1773960825.1902242,1.9908568859100342,success
"sender: client52, message: > hello from client52"
19,1773960830.315843,1773960832.2696435,1.9538004398345947,success
"sender: client52, message: > hello from client52"
20,1773960837.4098191,1773960839.3857727,1.9759535789489746,success
"sender: client52, message: > hello from client52"
21,1773960844.5452526,1773960846.4896207,1.9443681240081787,success
"sender: client52, message: > hello from client52"
22,1773960851.6070113,1773960853.549596,1.942584753036499,success
"sender: client52, message: > hello from client52"
23,1773960858.717893,1773960860.6342793,1.916386365890503,success
"sender: client52, message: > hello from client52"
24,1773960865.7655823,1773960867.7132769,1.9476945400238037,success
"sender: client52, message: > hello from client52"
