round,send_time,recv_time,rtt,status
3,1773967510.400128,1773967512.3259287,1.9258008003234863,success
4,1773967517.6553423,1773967519.496931,1.8415887355804443,success
5,1773967524.7886431,1773967526.6586094,1.8699662685394287,success
6,1773967531.7644582,1773967533.831375,2.0669167041778564,success
7,1773967539.0801234,1773967541.0004294,1.9203059673309326,success
"sender: client84, message: > hello from client84"
8,1773967546.136579,1773967548.1751993,2.0386202335357666,success
"sender: client84, message: > hello from client84"
9,1773967553.2853236,1773967555.339374,2.0540504455566406,success
"sender: client84, message: > hello from client84"
10,1773967560.4863615,1773967562.5236835,2.0373220443725586,success
"sender: client84, message: > hello from client84"
11,1773967567.6743073,1773967569.7099774,2.035670042037964,success
"sender: client84, message: > hello from client84"
12,1773967574.8375595,1773967576.8876216,2.0500621795654297,success
"sender: client84, message: > hello from client84"
13,1773967582.043691,1773967584.0558612,2.0121703147888184,success
"sender: client84, message: > hello from client84"
14,1773967589.184889,1773967591.2511458,2.0662567615509033,success
"sender: client84, message: > hello from client84"
15,1773967596.399565,1773967598.4203484,2.0207834243774414,success
"sender: client84, message: > hello from client84"
16,1773967603.6020248,1773967605.6059897,2.003964900970459,success
"sender: client84, message: > hello from client84"
17,1773967610.7708864,1773967612.778493,2.0076065063476562,success
"sender: client84, message: > hello from client84"
18,1773967617.9348967,1773967619.9591513,2.024254560470581,success
"sender: client84, message: > hello from client84"
19,1773967625.1447856,1773967627.1395414,1.994755744934082,success
"sender: client84, message: > hello from client84"
20,1773967632.2507854,1773967634.3157144,2.0649290084838867,success
"sender: client84, message: > hello from client84"
