round,send_time,recv_time,rtt,status
2,1773967503.202642,1773967505.1804693,1.9778273105621338,success
3,1773967510.3625164,1773967512.3279552,1.9654388427734375,success
4,1773967517.563169,1773967519.491703,1.9285340309143066,success
5,1773967524.7988963,1773967526.6567063,1.8578100204467773,success
6,1773967531.8838084,1773967533.8280995,1.944291114807129,success
"sender: client4, message: > hello from client4"
7,1773967538.9607584,1773967541.0080833,2.0473248958587646,success
8,1773967546.1071334,1773967548.179347,2.072213649749756,success
"sender: client4, message: > hello from client4"
9,1773967553.3031182,1773967555.3401554,2.0370371341705322,success
10,1773967560.4913266,1773967562.5395207,2.048194169998169,success
"sender: client4, message: > hello from client4"
11,1773967567.6820605,1773967569.7067819,2.024721384048462,success
"sender: client4, message: > hello from client4"
12,1773967574.8108695,1773967576.8821304,2.071260929107666,success
"sender: client4, message: > hello from client4"
13,1773967582.0126152,1773967584.0550554,2.042440176010132,success
"sender: client4, message: > hello from client4"
14,1773967589.1940463,1773967591.237332,2.043285846710205,success
"sender: client4, message: > hello from client4"
15,1773967596.3977954,1773967598.4161155,2.018320083618164,success
"sender: client4, message: > hello from client4"
16,1773967603.588067,1773967605.6059697,2.0179026126861572,success
"sender: client4, message: > hello from client4"
17,1773967610.733344,1773967612.7853103,2.0519661903381348,success
"sender: client4, message: > hello from client4"
18,1773967617.9094312,1773967619.9511857,2.0417544841766357,success
"sender: client4, message: > hello from client4"
19,1773967625.1338232,1773967627.1372557,2.003432512283325,success
"sender: client4, message: > hello from client4"
20,1773967632.3014276,1773967634.3117714,2.0103437900543213,success
"sender: client4, message: > hello from client4"
