round,send_time,recv_time,rtt,status
3,1773967510.3624763,1773967512.3315907,1.9691143035888672,success
4,1773967517.6130502,1773967519.501626,1.888575792312622,success
5,1773967524.7996194,1773967526.6663146,1.8666951656341553,success
6,1773967531.9436808,1773967533.8306866,1.8870058059692383,success
7,1773967538.926685,1773967540.9927714,2.0660862922668457,success
"sender: client94, message: > hello from client94"
8,1773967546.1584692,1773967548.1638727,2.005403518676758,success
"sender: client94, message: > hello from client94"
9,1773967553.3275607,1773967555.3431196,2.015558958053589,success
"sender: client94, message: > hello from client94"
10,1773967560.493765,1773967562.5228796,2.0291144847869873,success
"sender: client94, message: > hello from client94"
11,1773967567.68855,1773967569.7140784,2.0255284309387207,success
"sender: client94, message: > hello from client94"
12,1773967574.8411632,1773967576.8815124,2.040349245071411,success
"sender: client94, message: > hello from client94"
13,1773967582.0410852,1773967584.07511,2.034024715423584,success
"sender: client94, message: > hello from client94"
14,1773967589.2209358,1773967591.2513554,2.0304195880889893,success
"sender: client94, message: > hello from client94"
15,1773967596.3646336,1773967598.4204922,2.055858612060547,success
"sender: client94, message: > hello from client94"
16,1773967603.5938485,1773967605.6271522,2.033303737640381,success
"sender: client94, message: > hello from client94"
17,1773967610.7698905,1773967612.78552,2.015629529953003,success
"sender: client94, message: > hello from client94"
18,1773967617.9371243,1773967619.9491627,2.012038469314575,success
"sender: client94, message: > hello from client94"
19,1773967625.119141,1773967627.139588,2.020447015762329,success
"sender: client94, message: > hello from client94"
20,1773967632.2571084,1773967634.3157394,2.05863094329834,success
"sender: client94, message: > hello from client94"
