round,send_time,recv_time,rtt,status
3,1773960717.0554647,1773960718.8503532,1.7948884963989258,success
4,1773960724.0974095,1773960725.9423776,1.8449680805206299,success
5,1773960731.1715963,1773960733.055263,1.883666753768921,success
6,1773960738.1965787,1773960740.1251054,1.9285266399383545,success
"sender: client138, message: > hello from client138"
7,1773960745.2597914,1773960747.2141507,1.9543592929840088,success
8,1773960752.3756528,1773960754.3083265,1.932673692703247,success
"sender: client138, message: > hello from client138"
9,1773960759.4556298,1773960761.3908234,1.9351935386657715,success
"sender: client138, message: > hello from client138"
10,1773960766.5454426,1773960768.4990406,1.9535980224609375,success
"sender: client138, message: > hello from client138"
11,1773960773.6132388,1773960775.5719352,1.9586963653564453,success
"sender: client138, message: > hello from client138"
12,1773960780.84851,1773960782.6726215,1.8241114616394043,success
"sender: client138, message: > hello from client138"
13,1773960787.811258,1773960789.7573223,1.9460642337799072,success
"sender: client138, message: > hello from client138"
14,1773960794.943312,1773960796.8364637,1.8931517601013184,success
"sender: client138, message: > hello from client138"
15,1773960802.0358682,1773960803.9240458,1.8881776332855225,success
"sender: client138, message: > hello from client138"
16,1773960809.0587842,1773960811.0094752,1.9506909847259521,success
"sender: client138, message: > hello from client138"
17,1773960816.133926,1773960818.101608,1.967682123184204,success
"sender: client138, message: > hello from client138"
18,1773960823.244229,1773960825.189079,1.944849967956543,success
"sender: client138, message: > hello from client138"
19,1773960830.3341568,1773960832.264463,1.9303061962127686,success
"sender: client138, message: > hello from client138"
20,1773960837.396,1773960839.3880134,1.9920134544372559,success
"sender: client138, message: > hello from client138"
21,1773960844.5341265,1773960846.4876678,1.9535412788391113,success
"sender: client138, message: > hello from client138"
22,1773960851.6721964,1773960853.5499783,1.877781867980957,success
"sender: client138, message: > hello from client138"
23,1773960858.733048,1773960860.6464858,1.913437843322754,success
"sender: client138, message: > hello from client138"
24,1773960865.769259,1773960867.714763,1.9455039501190186,success
"sender: client138, message: > hello from client138"
