round,send_time,recv_time,rtt,status
3,1773967510.3480177,1773967512.3341687,1.9861509799957275,success
4,1773967517.6690347,1773967519.5077624,1.8387277126312256,success
5,1773967524.757684,1773967526.6578631,1.900179147720337,success
6,1773967531.9065285,1773967533.8440363,1.9375078678131104,success
7,1773967538.9718745,1773967541.0083382,2.036463737487793,success
"sender: client115, message: > hello from client115"
8,1773967546.1233273,1773967548.174327,2.050999641418457,success
9,1773967553.320029,1773967555.3440197,2.0239906311035156,success
"sender: client115, message: > hello from client115"
10,1773967560.460525,1773967562.5239098,2.063384771347046,success
"sender: client115, message: > hello from client115"
11,1773967567.6832786,1773967569.718777,2.0354983806610107,success
"sender: client115, message: > hello from client115"
12,1773967574.842539,1773967576.8786404,2.0361013412475586,success
"sender: client115, message: > hello from client115"
13,1773967582.0342762,1773967584.060894,2.0266177654266357,success
"sender: client115, message: > hello from client115"
14,1773967589.213581,1773967591.251254,2.037672996520996,success
"sender: client115, message: > hello from client115"
15,1773967596.4055302,1773967598.4224858,2.016955614089966,success
"sender: client115, message: > hello from client115"
16,1773967603.585286,1773967605.627444,2.0421581268310547,success
"sender: client115, message: > hello from client115"
17,1773967610.7645838,1773967612.7707818,2.006197929382324,success
"sender: client115, message: > hello from client115"
18,1773967617.9359725,1773967619.9493508,2.013378381729126,success
"sender: client115, message: > hello from client115"
19,1773967625.1301167,1773967627.1403406,2.010223865509033,success
"sender: client115, message: > hello from client115"
20,1773967632.2632098,1773967634.334184,2.070974111557007,success
"sender: client115, message: > hello from client115"
