round,send_time,recv_time,rtt,status
4,1773967517.545576,1773967519.508748,1.9631719589233398,success
5,1773967524.7874262,1773967526.6674967,1.880070447921753,success
6,1773967531.8868773,1773967533.834113,1.9472355842590332,success
7,1773967538.960549,1773967541.0158741,2.0553250312805176,success
"sender: client167, message: > hello from client167"
8,1773967546.147647,1773967548.1729717,2.025324821472168,success
"sender: client167, message: > hello from client167"
9,1773967553.3055198,1773967555.3408515,2.0353317260742188,success
"sender: client167, message: > hello from client167"
10,1773967560.5077486,1773967562.524933,2.0171844959259033,success
"sender: client167, message: > hello from client167"
11,1773967567.6809509,1773967569.718442,2.0374910831451416,success
"sender: client167, message: > hello from client167"
12,1773967574.8451457,1773967576.8883345,2.0431888103485107,success
"sender: client167, message: > hello from client167"
13,1773967582.0269358,1773967584.073911,2.0469751358032227,success
"sender: client167, message: > hello from client167"
14,1773967589.210904,1773967591.2505445,2.0396406650543213,success
"sender: client167, message: > hello from client167"
15,1773967596.4057443,1773967598.4240623,2.018317937850952,success
"sender: client167, message: > hello from client167"
16,1773967603.6033442,1773967605.630967,2.027622699737549,success
"sender: client167, message: > hello from client167"
17,1773967610.7337377,1773967612.7781894,2.0444517135620117,success
"sender: client167, message: > hello from client167"
18,1773967617.9085505,1773967619.9535584,2.0450079441070557,success
"sender: client167, message: > hello from client167"
19,1773967625.1336665,1773967627.1416745,2.0080080032348633,success
"sender: client167, message: > hello from client167"
20,1773967632.2843947,1773967634.3358688,2.051474094390869,success
"sender: client167, message: > hello from client167"
