round,send_time,recv_time,rtt,status
3,1773960717.0617754,1773960718.8557549,1.7939794063568115,success
4,1773960724.1627603,1773960725.9422514,1.7794911861419678,success
5,1773960731.2260106,1773960733.0662162,1.8402056694030762,success
6,1773960738.1768303,1773960740.130832,1.9540016651153564,success
"sender: client135, message: > hello from client135"
7,1773960745.2517536,1773960747.214083,1.962329387664795,success
8,1773960752.3807755,1773960754.302034,1.9212584495544434,success
"sender: client135, message: > hello from client135"
9,1773960759.4631793,1773960761.396662,1.9334826469421387,success
"sender: client135, message: > hello from client135"
10,1773960766.5178611,1773960768.499774,1.9819128513336182,success
11,1773960773.6273184,1773960775.5769267,1.949608325958252,success
"sender: client135, message: > hello from client135"
12,1773960780.881484,1773960782.662425,1.7809410095214844,success
"sender: client135, message: > hello from client135"
13,1773960787.815424,1773960789.7573488,1.941924810409546,success
"sender: client135, message: > hello from client135"
14,1773960794.9104583,1773960796.8511107,1.9406523704528809,success
"sender: client135, message: > hello from client135"
15,1773960802.035845,1773960803.925815,1.889970064163208,success
"sender: client135, message: > hello from client135"
16,1773960809.0607643,1773960811.009419,1.9486546516418457,success
"sender: client135, message: > hello from client135"
17,1773960816.1257977,1773960818.0964382,1.9706404209136963,success
"sender: client135, message: > hello from client135"
18,1773960823.212776,1773960825.1829786,1.9702026844024658,success
"sender: client135, message: > hello from client135"
19,1773960830.3477774,1773960832.264218,1.916440725326538,success
"sender: client135, message: > hello from client135"
20,1773960837.3673968,1773960839.4009957,2.0335988998413086,success
"sender: client135, message: > hello from client135"
21,1773960844.5440035,1773960846.4912448,1.9472413063049316,success
"sender: client135, message: > hello from client135"
22,1773960851.664731,1773960853.5511885,1.8864574432373047,success
"sender: client135, message: > hello from client135"
23,1773960858.7208452,1773960860.635733,1.9148876667022705,success
"sender: client135, message: > hello from client135"
24,1773960865.755381,1773960867.7353852,1.980004072189331,success
"sender: client135, message: > hello from client135"
