round,send_time,recv_time,rtt,status
3,1773960717.0498102,1773960718.8537765,1.8039662837982178,success
4,1773960724.1250677,1773960725.944988,1.819920301437378,success
5,1773960731.2244506,1773960733.0622444,1.8377938270568848,success
6,1773960738.18193,1773960740.1297598,1.9478297233581543,success
"sender: client144, message: > hello from client144"
7,1773960745.2505562,1773960747.2142277,1.9636714458465576,success
8,1773960752.371813,1773960754.3019357,1.9301226139068604,success
"sender: client144, message: > hello from client144"
9,1773960759.4212327,1773960761.390979,1.9697463512420654,success
10,1773960766.51858,1773960768.4915082,1.9729282855987549,success
11,1773960773.6203237,1773960775.5692413,1.9489176273345947,success
"sender: client144, message: > hello from client144"
12,1773960780.8390937,1773960782.6646032,1.8255095481872559,success
"sender: client144, message: > hello from client144"
13,1773960787.8104925,1773960789.7528446,1.942352056503296,success
"sender: client144, message: > hello from client144"
14,1773960794.9122553,1773960796.83588,1.9236247539520264,success
"sender: client144, message: > hello from client144"
15,1773960802.0472882,1773960803.9233172,1.8760290145874023,success
"sender: client144, message: > hello from client144"
16,1773960809.022312,1773960811.0095959,1.9872839450836182,success
17,1773960816.1567461,1773960818.1079845,1.9512383937835693,success
"sender: client144, message: > hello from client144"
18,1773960823.2339246,1773960825.1894271,1.9555025100708008,success
19,1773960830.3212547,1773960832.268917,1.947662353515625,success
"sender: client144, message: > hello from client144"
20,1773960837.3976223,1773960839.3879545,1.9903321266174316,success
"sender: client144, message: > hello from client144"
21,1773960844.5416737,1773960846.4902887,1.9486150741577148,success
"sender: client144, message: > hello from client144"
22,1773960851.6091633,1773960853.5584126,1.949249267578125,success
"sender: client144, message: > hello from client144"
23,1773960858.6963367,1773960860.635613,1.9392762184143066,success
"sender: client144, message: > hello from client144"
24,1773960865.779547,1773960867.7176635,1.9381165504455566,success
"sender: client144, message: > hello from client144"
