round,send_time,recv_time,rtt,status
3,1773960716.9793253,1773960718.854459,1.875133752822876,success
4,1773960724.068147,1773960725.9426165,1.874469518661499,success
5,1773960731.0614703,1773960733.0566585,1.9951882362365723,success
6,1773960738.1865764,1773960740.1260002,1.9394237995147705,success
"sender: client163, message: > hello from client163"
7,1773960745.262826,1773960747.218322,1.955496072769165,success
"sender: client163, message: > hello from client163"
8,1773960752.367062,1773960754.3028216,1.9357595443725586,success
9,1773960759.465083,1773960761.3976686,1.9325857162475586,success
"sender: client163, message: > hello from client163"
10,1773960766.502688,1773960768.4867916,1.9841036796569824,success
"sender: client163, message: > hello from client163"
11,1773960773.6127186,1773960775.5723515,1.9596328735351562,success
"sender: client163, message: > hello from client163"
12,1773960780.8693814,1773960782.66835,1.7989685535430908,success
"sender: client163, message: > hello from client163"
13,1773960787.8191004,1773960789.759316,1.9402155876159668,success
"sender: client163, message: > hello from client163"
14,1773960794.9440045,1773960796.8362293,1.8922247886657715,success
"sender: client163, message: > hello from client163"
15,1773960802.0073218,1773960803.9238381,1.9165163040161133,success
"sender: client163, message: > hello from client163"
16,1773960809.073619,1773960811.0128782,1.9392592906951904,success
"sender: client163, message: > hello from client163"
17,1773960816.155083,1773960818.110128,1.9550449848175049,success
"sender: client163, message: > hello from client163"
18,1773960823.2418742,1773960825.1850774,1.9432032108306885,success
"sender: client163, message: > hello from client163"
19,1773960830.3391476,1773960832.2717106,1.932563066482544,success
"sender: client163, message: > hello from client163"
20,1773960837.405176,1773960839.3884325,1.9832565784454346,success
"sender: client163, message: > hello from client163"
21,1773960844.551354,1773960846.4849308,1.9335768222808838,success
22,1773960851.6254086,1773960853.5651743,1.9397656917572021,success
"sender: client163, message: > hello from client163"
23,1773960858.7251923,1773960860.636383,1.9111907482147217,success
24,1773960865.7711022,1773960867.7216702,1.9505679607391357,success
"sender: client163, message: > hello from client163"
