round,send_time,recv_time,rtt,status
4,1773967517.6592715,1773967519.5030427,1.84377121925354,success
5,1773967524.7835107,1773967526.6749024,1.8913917541503906,success
6,1773967531.8622093,1773967533.8308883,1.9686789512634277,success
7,1773967538.9012086,1773967541.0007598,2.099551200866699,success
"sender: client183, message: > hello from client183"
8,1773967546.1525583,1773967548.1787035,2.0261452198028564,success
"sender: client183, message: > hello from client183"
9,1773967553.3338838,1773967555.34219,2.0083062648773193,success
"sender: client183, message: > hello from client183"
10,1773967560.496088,1773967562.5276475,2.031559467315674,success
"sender: client183, message: > hello from client183"
11,1773967567.6604865,1773967569.720494,2.0600075721740723,success
"sender: client183, message: > hello from client183"
12,1773967574.8632057,1773967576.8853085,2.0221028327941895,success
"sender: client183, message: > hello from client183"
13,1773967582.0372581,1773967584.0743966,2.0371384620666504,success
"sender: client183, message: > hello from client183"
14,1773967589.200644,1773967591.2500927,2.0494487285614014,success
"sender: client183, message: > hello from client183"
15,1773967596.3976932,1773967598.424301,2.0266077518463135,success
"sender: client183, message: > hello from client183"
16,1773967603.607464,1773967605.639513,2.0320489406585693,success
17,1773967610.7463713,1773967612.7763298,2.029958486557007,success
18,1773967617.9203427,1773967619.9498346,2.029491901397705,success
"sender: client183, message: > hello from client183"
19,1773967625.1424775,1773967627.1449788,2.0025012493133545,success
"sender: client183, message: > hello from client183"
20,1773967632.2709239,1773967634.3175874,2.046663522720337,success
"sender: client183, message: > hello from client183"
