round,send_time,recv_time,rtt,status
2,1773967503.1650147,1773967505.1791089,2.014094114303589,success
3,1773967510.4031394,1773967512.3306699,1.9275305271148682,success
4,1773967517.66586,1773967519.4919617,1.8261017799377441,success
5,1773967524.8009403,1773967526.6576252,1.856684923171997,success
6,1773967531.9071074,1773967533.8299556,1.9228482246398926,success
7,1773967538.9266498,1773967541.0132535,2.0866036415100098,success
"sender: client51, message: > hello from client51"
8,1773967546.1508229,1773967548.1617439,2.010921001434326,success
"sender: client51, message: > hello from client51"
9,1773967553.2920814,1773967555.3388789,2.046797513961792,success
"sender: client51, message: > hello from client51"
10,1773967560.504371,1773967562.5235279,2.0191569328308105,success
"sender: client51, message: > hello from client51"
11,1773967567.6609828,1773967569.708044,2.0470612049102783,success
"sender: client51, message: > hello from client51"
12,1773967574.8634374,1773967576.8855374,2.0220999717712402,success
"sender: client51, message: > hello from client51"
13,1773967582.0385664,1773967584.0757744,2.037208080291748,success
"sender: client51, message: > hello from client51"
14,1773967589.218169,1773967591.2333732,2.0152041912078857,success
"sender: client51, message: > hello from client51"
15,1773967596.4035845,1773967598.4175305,2.013946056365967,success
"sender: client51, message: > hello from client51"
16,1773967603.5921855,1773967605.627973,2.035787582397461,success
"sender: client51, message: > hello from client51"
17,1773967610.7649682,1773967612.78549,2.020521879196167,success
"sender: client51, message: > hello from client51"
18,1773967617.9368958,1773967619.9485228,2.011626958847046,success
"sender: client51, message: > hello from client51"
19,1773967625.1343882,1773967627.1389315,2.0045433044433594,success
"sender: client51, message: > hello from client51"
20,1773967632.2818115,1773967634.313342,2.0315306186676025,success
"sender: client51, message: > hello from client51"
