round,send_time,recv_time,rtt,status
4,1773967517.5457115,1773967519.5000043,1.9542927742004395,success
5,1773967524.7914755,1773967526.6619987,1.87052321434021,success
6,1773967531.935154,1773967533.8429818,1.9078278541564941,success
7,1773967538.9885423,1773967541.0003355,2.0117931365966797,success
"sender: client187, message: > hello from client187"
8,1773967546.1448958,1773967548.1653378,2.020442008972168,success
"sender: client187, message: > hello from client187"
9,1773967553.3171144,1773967555.3449137,2.027799367904663,success
"sender: client187, message: > hello from client187"
10,1773967560.5035672,1773967562.5408068,2.0372395515441895,success
"sender: client187, message: > hello from client187"
11,1773967567.6827285,1773967569.7163184,2.0335898399353027,success
"sender: client187, message: > hello from client187"
12,1773967574.8561494,1773967576.8799934,2.023844003677368,success
"sender: client187, message: > hello from client187"
13,1773967582.0118139,1773967584.0746615,2.06284761428833,success
"sender: client187, message: > hello from client187"
14,1773967589.2079992,1773967591.2508101,2.0428109169006348,success
"sender: client187, message: > hello from client187"
15,1773967596.4036658,1773967598.425281,2.0216152667999268,success
"sender: client187, message: > hello from client187"
16,1773967603.5965889,1773967605.6343763,2.037787437438965,success
17,1773967610.76104,1773967612.7729406,2.0119006633758545,success
"sender: client187, message: > hello from client187"
18,1773967617.9376392,1773967619.9511626,2.0135233402252197,success
"sender: client187, message: > hello from client187"
19,1773967625.1482358,1773967627.1451619,1.9969260692596436,success
"sender: client187, message: > hello from client187"
20,1773967632.2927997,1773967634.3247209,2.031921148300171,success
"sender: client187, message: > hello from client187"
