round,send_time,recv_time,rtt,status
2,1773960709.8662503,1773960711.7858272,1.91957688331604,success
3,1773960717.0517666,1773960718.8546026,1.8028359413146973,success
4,1773960724.1212802,1773960725.9401894,1.8189091682434082,success
5,1773960731.2126079,1773960733.0547972,1.8421893119812012,success
6,1773960738.172552,1773960740.1300476,1.9574954509735107,success
"sender: client44, message: > hello from client44"
7,1773960745.2614255,1773960747.2302725,1.9688470363616943,success
"sender: client44, message: > hello from client44"
8,1773960752.3604975,1773960754.3006637,1.9401662349700928,success
"sender: client44, message: > hello from client44"
9,1773960759.4199157,1773960761.3888402,1.9689245223999023,success
10,1773960766.5003738,1773960768.4860985,1.985724687576294,success
"sender: client44, message: > hello from client44"
11,1773960773.6319149,1773960775.5672333,1.9353184700012207,success
"sender: client44, message: > hello from client44"
12,1773960780.8807383,1773960782.6610785,1.7803401947021484,success
"sender: client44, message: > hello from client44"
13,1773960787.8133051,1773960789.7541714,1.940866231918335,success
14,1773960794.9454968,1773960796.8339784,1.888481616973877,success
"sender: client44, message: > hello from client44"
15,1773960802.0299041,1773960803.9277506,1.8978464603424072,success
"sender: client44, message: > hello from client44"
16,1773960809.081873,1773960811.0084693,1.9265964031219482,success
"sender: client44, message: > hello from client44"
17,1773960816.135694,1773960818.0930839,1.9573898315429688,success
"sender: client44, message: > hello from client44"
18,1773960823.2483842,1773960825.1880133,1.939629077911377,success
19,1773960830.3385825,1773960832.2680018,1.9294192790985107,success
"sender: client44, message: > hello from client44"
20,1773960837.349873,1773960839.3856754,2.0358023643493652,success
"sender: client44, message: > hello from client44"
21,1773960844.5148208,1773960846.486084,1.9712631702423096,success
"sender: client44, message: > hello from client44"
22,1773960851.6513703,1773960853.5510702,1.8996999263763428,success
"sender: client44, message: > hello from client44"
23,1773960858.7321682,1773960860.6531384,1.9209702014923096,success
"sender: client44, message: > hello from client44"
24,1773960865.778767,1773960867.7129865,1.9342193603515625,success
"sender: client44, message: > hello from client44"
