round,send_time,recv_time,rtt,status
3,1773967510.3952606,1773967512.330368,1.9351074695587158,success
4,1773967517.6594527,1773967519.4933207,1.8338680267333984,success
5,1773967524.792056,1773967526.6753435,1.8832874298095703,success
6,1773967531.9094994,1773967533.8305972,1.921097755432129,success
7,1773967539.0562935,1773967540.9913247,1.9350311756134033,success
"sender: client117, message: > hello from client117"
8,1773967546.1054385,1773967548.1647274,2.05928897857666,success
"sender: client117, message: > hello from client117"
9,1773967553.286527,1773967555.3397543,2.053227424621582,success
"sender: client117, message: > hello from client117"
10,1773967560.4738204,1773967562.5232732,2.049452781677246,success
"sender: client117, message: > hello from client117"
11,1773967567.6802428,1773967569.7175837,2.0373408794403076,success
"sender: client117, message: > hello from client117"
12,1773967574.842543,1773967576.8793724,2.0368294715881348,success
"sender: client117, message: > hello from client117"
13,1773967582.026379,1773967584.0560308,2.029651641845703,success
"sender: client117, message: > hello from client117"
14,1773967589.2096772,1773967591.2402723,2.030595064163208,success
"sender: client117, message: > hello from client117"
15,1773967596.4051256,1773967598.420136,2.015010356903076,success
"sender: client117, message: > hello from client117"
16,1773967603.6000218,1773967605.6286218,2.028599977493286,success
"sender: client117, message: > hello from client117"
17,1773967610.7688613,1773967612.7719724,2.0031111240386963,success
"sender: client117, message: > hello from client117"
18,1773967617.9382796,1773967619.9493735,2.011093854904175,success
19,1773967625.1193018,1773967627.1392076,2.0199058055877686,success
"sender: client117, message: > hello from client117"
20,1773967632.401984,1773967634.3280346,1.9260506629943848,success
"sender: client117, message: > hello from client117"
