round,send_time,recv_time,rtt,status
4,1773960724.0983002,1773960725.9427743,1.8444740772247314,success
5,1773960731.2098129,1773960733.042019,1.8322060108184814,success
6,1773960738.1636562,1773960740.126271,1.9626147747039795,success
"sender: client179, message: > hello from client179"
7,1773960745.28026,1773960747.2147927,1.934532642364502,success
"sender: client179, message: > hello from client179"
8,1773960752.3629305,1773960754.3028886,1.939958095550537,success
"sender: client179, message: > hello from client179"
9,1773960759.458462,1773960761.392891,1.9344289302825928,success
"sender: client179, message: > hello from client179"
10,1773960766.5119607,1773960768.4993339,1.9873731136322021,success
"sender: client179, message: > hello from client179"
11,1773960773.6346142,1773960775.5738857,1.9392714500427246,success
"sender: client179, message: > hello from client179"
12,1773960780.886826,1773960782.6631188,1.7762928009033203,success
"sender: client179, message: > hello from client179"
13,1773960787.7901573,1773960789.7539358,1.9637784957885742,success
"sender: client179, message: > hello from client179"
14,1773960794.9441202,1773960796.8499548,1.905834674835205,success
"sender: client179, message: > hello from client179"
15,1773960802.0374243,1773960803.9242241,1.8867998123168945,success
16,1773960809.0565882,1773960811.0167618,1.9601736068725586,success
"sender: client179, message: > hello from client179"
17,1773960816.1565707,1773960818.100805,1.9442343711853027,success
"sender: client179, message: > hello from client179"
18,1773960823.2090478,1773960825.1908598,1.9818120002746582,success
"sender: client179, message: > hello from client179"
19,1773960830.2873652,1773960832.2647388,1.9773736000061035,success
"sender: client179, message: > hello from client179"
20,1773960837.4071946,1773960839.3981884,1.9909937381744385,success
"sender: client179, message: > hello from client179"
21,1773960844.530502,1773960846.490213,1.9597108364105225,success
"sender: client179, message: > hello from client179"
22,1773960851.656413,1773960853.553106,1.8966929912567139,success
"sender: client179, message: > hello from client179"
23,1773960858.7268355,1773960860.6492398,1.9224042892456055,success
"sender: client179, message: > hello from client179"
24,1773960865.7799463,1773960867.715963,1.93601655960083,success
"sender: client179, message: > hello from client179"
