round,send_time,recv_time,rtt,status
4,1773967517.6693184,1773967519.5085716,1.8392531871795654,success
5,1773967524.7458038,1773967526.6626825,1.9168787002563477,success
6,1773967531.780261,1773967533.8305676,2.050306558609009,success
"sender: client190, message: > hello from client190"
7,1773967538.9472032,1773967540.9976141,2.0504109859466553,success
"sender: client190, message: > hello from client190"
8,1773967546.1198466,1773967548.1761053,2.0562586784362793,success
"sender: client190, message: > hello from client190"
9,1773967553.2976038,1773967555.3463302,2.0487263202667236,success
10,1773967560.4981823,1773967562.5328064,2.0346240997314453,success
"sender: client190, message: > hello from client190"
11,1773967567.6604795,1773967569.7189453,2.0584657192230225,success
"sender: client190, message: > hello from client190"
12,1773967574.859816,1773967576.880088,2.0202720165252686,success
"sender: client190, message: > hello from client190"
13,1773967582.0125875,1773967584.0601804,2.047592878341675,success
"sender: client190, message: > hello from client190"
14,1773967589.1805217,1773967591.2423573,2.061835527420044,success
"sender: client190, message: > hello from client190"
15,1773967596.4026363,1773967598.4210606,2.0184242725372314,success
"sender: client190, message: > hello from client190"
16,1773967603.579853,1773967605.629513,2.0496599674224854,success
"sender: client190, message: > hello from client190"
17,1773967610.7532735,1773967612.775874,2.0226004123687744,success
"sender: client190, message: > hello from client190"
18,1773967617.9096413,1773967619.9596407,2.049999475479126,success
"sender: client190, message: > hello from client190"
19,1773967625.1046157,1773967627.1438172,2.039201498031616,success
"sender: client190, message: > hello from client190"
20,1773967632.2909095,1773967634.328283,2.0373735427856445,success
"sender: client190, message: > hello from client190"
