round,send_time,recv_time,rtt,status
3,1773960717.0045762,1773960718.852712,1.8481357097625732,success
4,1773960724.113182,1773960725.945684,1.8325018882751465,success
5,1773960731.2112598,1773960733.062641,1.8513810634613037,success
6,1773960738.1753223,1773960740.1250603,1.9497380256652832,success
"sender: client137, message: > hello from client137"
7,1773960745.2741964,1773960747.2141118,1.939915418624878,success
8,1773960752.362717,1773960754.3185718,1.955854892730713,success
"sender: client137, message: > hello from client137"
9,1773960759.4273157,1773960761.3908453,1.9635295867919922,success
10,1773960766.5303257,1773960768.491677,1.9613513946533203,success
"sender: client137, message: > hello from client137"
11,1773960773.628143,1773960775.5688307,1.940687656402588,success
"sender: client137, message: > hello from client137"
12,1773960780.8866,1773960782.6624718,1.775871753692627,success
"sender: client137, message: > hello from client137"
13,1773960787.8183928,1773960789.7579756,1.9395828247070312,success
"sender: client137, message: > hello from client137"
14,1773960794.9448535,1773960796.8356533,1.8907997608184814,success
"sender: client137, message: > hello from client137"
15,1773960802.0126176,1773960803.928271,1.9156534671783447,success
"sender: client137, message: > hello from client137"
16,1773960809.0806782,1773960811.0094388,1.9287605285644531,success
"sender: client137, message: > hello from client137"
17,1773960816.1649094,1773960818.0964873,1.9315779209136963,success
"sender: client137, message: > hello from client137"
18,1773960823.238756,1773960825.1851008,1.9463448524475098,success
"sender: client137, message: > hello from client137"
19,1773960830.3383937,1773960832.2643282,1.9259345531463623,success
"sender: client137, message: > hello from client137"
20,1773960837.4126341,1773960839.3876324,1.9749982357025146,success
21,1773960844.4993567,1773960846.4750617,1.9757049083709717,success
22,1773960851.658572,1773960853.5516098,1.8930377960205078,success
"sender: client137, message: > hello from client137"
23,1773960858.729623,1773960860.635888,1.9062650203704834,success
"sender: client137, message: > hello from client137"
24,1773960865.7470915,1773960867.7234836,1.9763920307159424,success
"sender: client137, message: > hello from client137"
