round,send_time,recv_time,rtt,status
3,1773967510.3677566,1773967512.3282356,1.9604790210723877,success
4,1773967517.6421785,1773967519.5050366,1.8628580570220947,success
5,1773967524.802548,1773967526.658408,1.8558599948883057,success
6,1773967531.91436,1773967533.8410304,1.9266703128814697,success
"sender: client72, message: > hello from client72"
7,1773967538.9604998,1773967540.9973032,2.0368034839630127,success
"sender: client72, message: > hello from client72"
8,1773967546.1359181,1773967548.17934,2.043421745300293,success
"sender: client72, message: > hello from client72"
9,1773967553.3236248,1773967555.3415666,2.01794171333313,success
"sender: client72, message: > hello from client72"
10,1773967560.502325,1773967562.5236158,2.0212907791137695,success
"sender: client72, message: > hello from client72"
11,1773967567.6481366,1773967569.7194166,2.071280002593994,success
"sender: client72, message: > hello from client72"
12,1773967574.8183339,1773967576.8886752,2.0703413486480713,success
"sender: client72, message: > hello from client72"
13,1773967582.0414257,1773967584.073145,2.031719207763672,success
"sender: client72, message: > hello from client72"
14,1773967589.2009232,1773967591.2380323,2.037109136581421,success
"sender: client72, message: > hello from client72"
15,1773967596.404319,1773967598.4174259,2.0131068229675293,success
16,1773967603.5612764,1773967605.6264882,2.065211772918701,success
"sender: client72, message: > hello from client72"
17,1773967610.7678816,1773967612.7711408,2.0032591819763184,success
"sender: client72, message: > hello from client72"
18,1773967617.9295144,1773967619.9488332,2.0193188190460205,success
"sender: client72, message: > hello from client72"
19,1773967625.1454346,1773967627.1394398,1.9940052032470703,success
20,1773967632.2688317,1773967634.314034,2.0452022552490234,success
"sender: client72, message: > hello from client72"
