round,send_time,recv_time,rtt,status
3,1773960717.0372121,1773960718.8503194,1.8131072521209717,success
4,1773960724.1633909,1773960725.9416401,1.7782492637634277,success
5,1773960731.2097037,1773960733.0394216,1.8297178745269775,success
6,1773960738.2140856,1773960740.1248934,1.9108078479766846,success
"sender: client118, message: > hello from client118"
7,1773960745.2653987,1773960747.2139792,1.9485805034637451,success
"sender: client118, message: > hello from client118"
8,1773960752.3342075,1773960754.316143,1.9819355010986328,success
"sender: client118, message: > hello from client118"
9,1773960759.4659083,1773960761.3901281,1.9242198467254639,success
"sender: client118, message: > hello from client118"
10,1773960766.5459096,1773960768.4869165,1.9410068988800049,success
"sender: client118, message: > hello from client118"
11,1773960773.615648,1773960775.5723834,1.956735372543335,success
"sender: client118, message: > hello from client118"
12,1773960780.8711698,1773960782.6711786,1.800008773803711,success
13,1773960787.7886736,1773960789.7571502,1.9684765338897705,success
14,1773960794.944153,1773960796.8409152,1.8967621326446533,success
"sender: client118, message: > hello from client118"
15,1773960802.0334456,1773960803.929016,1.8955705165863037,success
"sender: client118, message: > hello from client118"
16,1773960809.0775595,1773960811.0186522,1.9410927295684814,success
"sender: client118, message: > hello from client118"
17,1773960816.1468253,1773960818.0952296,1.948404312133789,success
"sender: client118, message: > hello from client118"
18,1773960823.248913,1773960825.184991,1.9360778331756592,success
"sender: client118, message: > hello from client118"
19,1773960830.333987,1773960832.2638414,1.929854393005371,success
"sender: client118, message: > hello from client118"
20,1773960837.4048579,1773960839.39119,1.9863321781158447,success
"sender: client118, message: > hello from client118"
21,1773960844.5503783,1773960846.4823518,1.9319734573364258,success
"sender: client118, message: > hello from client118"
22,1773960851.664657,1773960853.5511525,1.8864953517913818,success
"sender: client118, message: > hello from client118"
23,1773960858.6887217,1773960860.6351824,1.9464607238769531,success
"sender: client118, message: > hello from client118"
24,1773960865.7849874,1773960867.7240314,1.9390439987182617,success
"sender: client118, message: > hello from client118"
