round,send_time,recv_time,rtt,status
1,1773960702.7471027,1773960704.8070428,2.0599400997161865,success
2,1773960709.7892342,1773960711.799722,2.0104877948760986,success
3,1773960717.0544004,1773960718.8487673,1.7943668365478516,success
4,1773960724.156317,1773960725.9397092,1.7833921909332275,success
5,1773960731.2176752,1773960733.0404918,1.8228166103363037,success
6,1773960738.1978428,1773960740.1232276,1.925384759902954,success
"sender: client11, message: > hello from client11"
7,1773960745.2597876,1773960747.226083,1.9662954807281494,success
"sender: client11, message: > hello from client11"
8,1773960752.3642135,1773960754.307034,1.9428205490112305,success
9,1773960759.447908,1773960761.3885138,1.940605878829956,success
"sender: client11, message: > hello from client11"
10,1773960766.5137982,1773960768.4800649,1.9662666320800781,success
"sender: client11, message: > hello from client11"
11,1773960773.622986,1773960775.5671701,1.9441840648651123,success
"sender: client11, message: > hello from client11"
12,1773960780.8713403,1773960782.662735,1.7913947105407715,success
"sender: client11, message: > hello from client11"
13,1773960787.8083808,1773960789.7521534,1.943772554397583,success
"sender: client11, message: > hello from client11"
14,1773960794.9346898,1773960796.8410528,1.9063630104064941,success
"sender: client11, message: > hello from client11"
15,1773960801.9980073,1773960803.9244933,1.9264860153198242,success
"sender: client11, message: > hello from client11"
16,1773960809.0244908,1773960811.0078757,1.9833848476409912,success
"sender: client11, message: > hello from client11"
17,1773960816.1633956,1773960818.0932996,1.9299039840698242,success
"sender: client11, message: > hello from client11"
18,1773960823.205835,1773960825.1801534,1.974318265914917,success
"sender: client11, message: > hello from client11"
19,1773960830.3097868,1773960832.2610161,1.9512293338775635,success
"sender: client11, message: > hello from client11"
20,1773960837.4054508,1773960839.3821797,1.976728916168213,success
21,1773960844.5379653,1773960846.4742277,1.9362623691558838,success
"sender: client11, message: > hello from client11"
22,1773960851.6502,1773960853.5487943,1.8985943794250488,success
"sender: client11, message: > hello from client11"
23,1773960858.685497,1773960860.6329105,1.947413444519043,success
24,1773960865.7548938,1773960867.7112877,1.9563939571380615,success
"sender: client11, message: > hello from client11"
