round,send_time,recv_time,rtt,status
4,1773967517.5278745,1773967519.5093892,1.9815146923065186,success
5,1773967524.786185,1773967526.6754541,1.8892691135406494,success
6,1773967531.892564,1773967533.8296018,1.937037706375122,success
"sender: client132, message: > hello from client132"
7,1773967538.9961846,1773967540.9959085,1.9997239112854004,success
"sender: client132, message: > hello from client132"
8,1773967546.145248,1773967548.1768136,2.0315656661987305,success
"sender: client132, message: > hello from client132"
9,1773967553.3018026,1773967555.3437016,2.0418989658355713,success
"sender: client132, message: > hello from client132"
10,1773967560.5007303,1773967562.5317264,2.030996084213257,success
"sender: client132, message: > hello from client132"
11,1773967567.6821063,1773967569.711908,2.029801845550537,success
"sender: client132, message: > hello from client132"
12,1773967574.8655176,1773967576.8794158,2.0138981342315674,success
"sender: client132, message: > hello from client132"
13,1773967582.024679,1773967584.0616026,2.03692364692688,success
"sender: client132, message: > hello from client132"
14,1773967589.2044683,1773967591.250491,2.046022653579712,success
"sender: client132, message: > hello from client132"
15,1773967596.3922603,1773967598.4200914,2.0278310775756836,success
"sender: client132, message: > hello from client132"
16,1773967603.6020792,1773967605.6360772,2.0339980125427246,success
"sender: client132, message: > hello from client132"
17,1773967610.7675352,1773967612.7737377,2.006202459335327,success
"sender: client132, message: > hello from client132"
18,1773967617.9322956,1773967619.9497256,2.017430067062378,success
"sender: client132, message: > hello from client132"
19,1773967625.1483135,1773967627.1404505,1.9921369552612305,success
"sender: client132, message: > hello from client132"
20,1773967632.2951438,1773967634.3170278,2.021883964538574,success
"sender: client132, message: > hello from client132"
