round,send_time,recv_time,rtt,status
3,1773967510.3611705,1773967512.3327973,1.9716267585754395,success
4,1773967517.6238725,1773967519.4974163,1.8735437393188477,success
5,1773967524.8014746,1773967526.6765742,1.8750996589660645,success
6,1773967531.8975863,1773967533.8413537,1.9437673091888428,success
7,1773967539.054618,1773967540.993618,1.939000129699707,success
"sender: client108, message: > hello from client108"
8,1773967546.1560407,1773967548.1643646,2.008323907852173,success
"sender: client108, message: > hello from client108"
9,1773967553.3019269,1773967555.3396068,2.03767991065979,success
"sender: client108, message: > hello from client108"
10,1773967560.4779098,1773967562.528054,2.0501441955566406,success
"sender: client108, message: > hello from client108"
11,1773967567.6685414,1773967569.7183328,2.0497913360595703,success
12,1773967574.854374,1773967576.8830664,2.0286924839019775,success
"sender: client108, message: > hello from client108"
13,1773967582.0402853,1773967584.07235,2.03206467628479,success
"sender: client108, message: > hello from client108"
14,1773967589.2192876,1773967591.2421796,2.0228919982910156,success
"sender: client108, message: > hello from client108"
15,1773967596.3921027,1773967598.4209836,2.0288808345794678,success
"sender: client108, message: > hello from client108"
16,1773967603.603316,1773967605.6348264,2.031510353088379,success
"sender: client108, message: > hello from client108"
17,1773967610.7653406,1773967612.78582,2.020479440689087,success
"sender: client108, message: > hello from client108"
18,1773967617.937849,1773967619.9548988,2.017049789428711,success
"sender: client108, message: > hello from client108"
19,1773967625.1414368,1773967627.1401234,1.9986865520477295,success
"sender: client108, message: > hello from client108"
20,1773967632.2544255,1773967634.3221064,2.067680835723877,success
"sender: client108, message: > hello from client108"
