round,send_time,recv_time,rtt,status
3,1773967510.3992777,1773967512.333096,1.9338183403015137,success
4,1773967517.6379588,1773967519.503132,1.86517333984375,success
5,1773967524.7861245,1773967526.6578324,1.8717079162597656,success
6,1773967531.9256907,1773967533.8304858,1.9047951698303223,success
7,1773967539.0035975,1773967540.995001,1.991403579711914,success
"sender: client111, message: > hello from client111"
8,1773967546.1388743,1773967548.1643941,2.025519847869873,success
"sender: client111, message: > hello from client111"
9,1773967553.3224661,1773967555.33962,2.0171539783477783,success
"sender: client111, message: > hello from client111"
10,1773967560.500173,1773967562.523167,2.022993803024292,success
"sender: client111, message: > hello from client111"
11,1773967567.687359,1773967569.712177,2.024817943572998,success
"sender: client111, message: > hello from client111"
12,1773967574.8638728,1773967576.8832827,2.0194098949432373,success
"sender: client111, message: > hello from client111"
13,1773967582.0352514,1773967584.0712988,2.0360474586486816,success
"sender: client111, message: > hello from client111"
14,1773967589.2108078,1773967591.2416642,2.0308563709259033,success
"sender: client111, message: > hello from client111"
15,1773967596.3894777,1773967598.4198458,2.0303680896759033,success
"sender: client111, message: > hello from client111"
16,1773967603.5948126,1773967605.6276333,2.032820701599121,success
"sender: client111, message: > hello from client111"
17,1773967610.744712,1773967612.7861211,2.0414090156555176,success
"sender: client111, message: > hello from client111"
18,1773967617.9263704,1773967619.9492795,2.022909164428711,success
"sender: client111, message: > hello from client111"
19,1773967625.1298525,1773967627.1400723,2.0102198123931885,success
"sender: client111, message: > hello from client111"
20,1773967632.4072514,1773967634.3267624,1.919511079788208,success
"sender: client111, message: > hello from client111"
