round,send_time,recv_time,rtt,status
2,1773967503.1654909,1773967505.1805048,2.0150139331817627,success
3,1773967510.4018571,1773967512.3317637,1.9299066066741943,success
4,1773967517.6693783,1773967519.5049438,1.8355655670166016,success
5,1773967524.7761087,1773967526.6571317,1.8810229301452637,success
6,1773967531.8800786,1773967533.828338,1.9482593536376953,success
7,1773967539.000716,1773967541.0043325,2.0036165714263916,success
8,1773967546.124398,1773967548.1636472,2.0392491817474365,success
"sender: client21, message: > hello from client21"
9,1773967553.3269074,1773967555.3403397,2.013432264328003,success
"sender: client21, message: > hello from client21"
10,1773967560.4770994,1773967562.5407739,2.0636744499206543,success
"sender: client21, message: > hello from client21"
11,1773967567.6902413,1773967569.7193325,2.0290911197662354,success
"sender: client21, message: > hello from client21"
12,1773967574.863902,1773967576.8848479,2.0209457874298096,success
"sender: client21, message: > hello from client21"
13,1773967582.0399792,1773967584.0770972,2.0371179580688477,success
"sender: client21, message: > hello from client21"
14,1773967589.2167685,1773967591.232449,2.0156805515289307,success
"sender: client21, message: > hello from client21"
15,1773967596.3661659,1773967598.417823,2.051657199859619,success
"sender: client21, message: > hello from client21"
16,1773967603.572324,1773967605.6052685,2.032944440841675,success
"sender: client21, message: > hello from client21"
17,1773967610.7706866,1773967612.7707171,2.000030517578125,success
18,1773967617.9126427,1773967619.9477248,2.0350821018218994,success
"sender: client21, message: > hello from client21"
19,1773967625.1149998,1773967627.137307,2.0223071575164795,success
"sender: client21, message: > hello from client21"
20,1773967632.2638218,1773967634.3124309,2.0486090183258057,success
"sender: client21, message: > hello from client21"
