round,send_time,recv_time,rtt,status
4,1773967517.6420474,1773967519.4953089,1.8532614707946777,success
5,1773967524.7992406,1773967526.6690068,1.8697662353515625,success
6,1773967531.9348006,1773967533.843792,1.9089913368225098,success
7,1773967538.9926307,1773967540.9925606,1.9999299049377441,success
"sender: client186, message: > hello from client186"
8,1773967546.1064188,1773967548.1662674,2.0598485469818115,success
"sender: client186, message: > hello from client186"
9,1773967553.3046157,1773967555.3431842,2.0385684967041016,success
"sender: client186, message: > hello from client186"
10,1773967560.4929473,1773967562.5423322,2.049384832382202,success
"sender: client186, message: > hello from client186"
11,1773967567.673909,1773967569.7155697,2.041660785675049,success
"sender: client186, message: > hello from client186"
12,1773967574.8603039,1773967576.8800604,2.019756555557251,success
"sender: client186, message: > hello from client186"
13,1773967582.009462,1773967584.0649195,2.055457353591919,success
"sender: client186, message: > hello from client186"
14,1773967589.2001238,1773967591.2513447,2.0512208938598633,success
"sender: client186, message: > hello from client186"
15,1773967596.391364,1773967598.4213963,2.030032157897949,success
"sender: client186, message: > hello from client186"
16,1773967603.6058547,1773967605.636015,2.0301601886749268,success
17,1773967610.748878,1773967612.7756214,2.0267434120178223,success
"sender: client186, message: > hello from client186"
18,1773967617.9269204,1773967619.954056,2.0271356105804443,success
"sender: client186, message: > hello from client186"
19,1773967625.1093452,1773967627.1451097,2.035764455795288,success
"sender: client186, message: > hello from client186"
20,1773967632.2958689,1773967634.321895,2.0260260105133057,success
"sender: client186, message: > hello from client186"
