round,send_time,recv_time,rtt,status
3,1773960717.0599816,1773960718.85034,1.790358304977417,success
4,1773960724.161025,1773960725.9424071,1.7813820838928223,success
5,1773960731.0679886,1773960733.0402446,1.9722559452056885,success
6,1773960738.175458,1773960740.1250224,1.9495644569396973,success
"sender: client133, message: > hello from client133"
7,1773960745.2809103,1773960747.2140665,1.9331562519073486,success
"sender: client133, message: > hello from client133"
8,1773960752.365263,1773960754.3115087,1.9462456703186035,success
"sender: client133, message: > hello from client133"
9,1773960759.424473,1773960761.3906345,1.9661614894866943,success
"sender: client133, message: > hello from client133"
10,1773960766.545072,1773960768.502265,1.9571928977966309,success
"sender: client133, message: > hello from client133"
11,1773960773.623786,1773960775.5689247,1.945138692855835,success
"sender: client133, message: > hello from client133"
12,1773960780.885317,1773960782.6717718,1.786454677581787,success
"sender: client133, message: > hello from client133"
13,1773960787.8095202,1773960789.75722,1.947699785232544,success
14,1773960794.9216328,1773960796.8359559,1.914323091506958,success
"sender: client133, message: > hello from client133"
15,1773960802.0400755,1773960803.925143,1.8850674629211426,success
"sender: client133, message: > hello from client133"
16,1773960809.0792851,1773960811.0093548,1.9300696849822998,success
"sender: client133, message: > hello from client133"
17,1773960816.1634796,1773960818.0970764,1.9335968494415283,success
"sender: client133, message: > hello from client133"
18,1773960823.2512665,1773960825.1829407,1.9316742420196533,success
"sender: client133, message: > hello from client133"
19,1773960830.3404002,1773960832.2657793,1.9253790378570557,success
"sender: client133, message: > hello from client133"
20,1773960837.378615,1773960839.3989038,2.0202889442443848,success
"sender: client133, message: > hello from client133"
21,1773960844.55383,1773960846.493675,1.939845085144043,success
"sender: client133, message: > hello from client133"
22,1773960851.657165,1773960853.550279,1.8931138515472412,success
"sender: client133, message: > hello from client133"
23,1773960858.7283816,1773960860.6383302,1.9099485874176025,success
"sender: client133, message: > hello from client133"
24,1773960865.768897,1773960867.7210722,1.9521751403808594,success
"sender: client133, message: > hello from client133"
