round,send_time,recv_time,rtt,status
4,1773960724.1067185,1773960725.945015,1.8382964134216309,success
5,1773960731.219867,1773960733.0371792,1.817312240600586,success
"sender: client191, message: > hello from client191"
6,1773960738.1731818,1773960740.131471,1.9582891464233398,success
7,1773960745.2601066,1773960747.2233214,1.9632148742675781,success
"sender: client191, message: > hello from client191"
8,1773960752.3691878,1773960754.3086057,1.939417839050293,success
"sender: client191, message: > hello from client191"
9,1773960759.4615426,1773960761.3917322,1.930189609527588,success
"sender: client191, message: > hello from client191"
10,1773960766.5338585,1773960768.496595,1.9627363681793213,success
11,1773960773.6294901,1773960775.5700917,1.9406015872955322,success
"sender: client191, message: > hello from client191"
12,1773960780.8834271,1773960782.668459,1.785031795501709,success
"sender: client191, message: > hello from client191"
13,1773960787.8182313,1773960789.757648,1.9394166469573975,success
"sender: client191, message: > hello from client191"
14,1773960794.9196515,1773960796.837822,1.91817045211792,success
"sender: client191, message: > hello from client191"
15,1773960802.024382,1773960803.9264498,1.9020676612854004,success
"sender: client191, message: > hello from client191"
16,1773960809.058383,1773960811.0117056,1.9533226490020752,success
"sender: client191, message: > hello from client191"
17,1773960816.14975,1773960818.100753,1.951003074645996,success
18,1773960823.2020662,1773960825.185136,1.983069896697998,success
19,1773960830.3469207,1773960832.2726655,1.9257447719573975,success
"sender: client191, message: > hello from client191"
20,1773960837.4121897,1773960839.3887534,1.9765636920928955,success
"sender: client191, message: > hello from client191"
21,1773960844.511549,1773960846.4889755,1.977426528930664,success
"sender: client191, message: > hello from client191"
22,1773960851.6499858,1773960853.5574203,1.9074344635009766,success
"sender: client191, message: > hello from client191"
23,1773960858.696343,1773960860.6431534,1.9468104839324951,success
"sender: client191, message: > hello from client191"
24,1773960865.7560668,1773960867.716069,1.9600021839141846,success
"sender: client191, message: > hello from client191"
