round,send_time,recv_time,rtt,status
3,1773960717.0342076,1773960718.853436,1.8192284107208252,success
4,1773960724.1548226,1773960725.9417238,1.7869012355804443,success
5,1773960731.0412073,1773960733.035675,1.9944677352905273,success
6,1773960738.1770878,1773960740.1247792,1.9476914405822754,success
"sender: client125, message: > hello from client125"
7,1773960745.2782428,1773960747.2140026,1.9357597827911377,success
"sender: client125, message: > hello from client125"
8,1773960752.377528,1773960754.3016355,1.924107551574707,success
9,1773960759.3948867,1773960761.390251,1.9953641891479492,success
"sender: client125, message: > hello from client125"
10,1773960766.5407925,1773960768.4913545,1.9505620002746582,success
"sender: client125, message: > hello from client125"
11,1773960773.6325612,1773960775.5684004,1.9358391761779785,success
"sender: client125, message: > hello from client125"
12,1773960780.887151,1773960782.662347,1.7751960754394531,success
"sender: client125, message: > hello from client125"
13,1773960787.813777,1773960789.761269,1.9474921226501465,success
"sender: client125, message: > hello from client125"
14,1773960794.9469223,1773960796.8371584,1.8902361392974854,success
"sender: client125, message: > hello from client125"
15,1773960802.041279,1773960803.923026,1.8817470073699951,success
16,1773960809.079736,1773960811.016908,1.9371719360351562,success
"sender: client125, message: > hello from client125"
17,1773960816.13633,1773960818.111733,1.975403070449829,success
"sender: client125, message: > hello from client125"
18,1773960823.2329493,1773960825.189032,1.956082820892334,success
"sender: client125, message: > hello from client125"
19,1773960830.3442192,1773960832.2737415,1.9295222759246826,success
"sender: client125, message: > hello from client125"
20,1773960837.3787124,1773960839.3918293,2.0131168365478516,success
"sender: client125, message: > hello from client125"
21,1773960844.537752,1773960846.493502,1.9557499885559082,success
"sender: client125, message: > hello from client125"
22,1773960851.674239,1773960853.5490842,1.874845266342163,success
"sender: client125, message: > hello from client125"
23,1773960858.710802,1773960860.635257,1.924454927444458,success
"sender: client125, message: > hello from client125"
24,1773960865.7346628,1773960867.7132945,1.9786317348480225,success
"sender: client125, message: > hello from client125"
