round,send_time,recv_time,rtt,status
2,1773967503.1704948,1773967505.1790788,2.0085840225219727,success
3,1773967510.3432293,1773967512.3278735,1.9846441745758057,success
4,1773967517.6693609,1773967519.4922383,1.8228774070739746,success
5,1773967524.6870596,1773967526.6713142,1.9842545986175537,success
6,1773967531.7695134,1773967533.8306415,2.0611281394958496,success
"sender: client57, message: > hello from client57"
7,1773967539.062727,1773967540.9923422,1.9296152591705322,success
"sender: client57, message: > hello from client57"
8,1773967546.1125488,1773967548.156994,2.044445276260376,success
"sender: client57, message: > hello from client57"
9,1773967553.3238502,1773967555.3413432,2.0174930095672607,success
"sender: client57, message: > hello from client57"
10,1773967560.504817,1773967562.5284276,2.0236105918884277,success
"sender: client57, message: > hello from client57"
11,1773967567.6666265,1773967569.7194805,2.052854061126709,success
"sender: client57, message: > hello from client57"
12,1773967574.865918,1773967576.8784082,2.0124902725219727,success
"sender: client57, message: > hello from client57"
13,1773967582.0181866,1773967584.0557873,2.0376007556915283,success
"sender: client57, message: > hello from client57"
14,1773967589.2152991,1773967591.2340426,2.0187435150146484,success
"sender: client57, message: > hello from client57"
15,1773967596.40889,1773967598.418769,2.0098788738250732,success
"sender: client57, message: > hello from client57"
16,1773967603.5857944,1773967605.6083663,2.0225718021392822,success
"sender: client57, message: > hello from client57"
17,1773967610.7712502,1773967612.7710247,1.99977445602417,success
"sender: client57, message: > hello from client57"
18,1773967617.8950753,1773967619.9500449,2.054969549179077,success
"sender: client57, message: > hello from client57"
19,1773967625.139183,1773967627.1390774,1.999894380569458,success
"sender: client57, message: > hello from client57"
20,1773967632.2655783,1773967634.3134391,2.047860860824585,success
"sender: client57, message: > hello from client57"
