round,send_time,recv_time,rtt,status
2,1773967503.158802,1773967505.1792963,2.020494222640991,success
3,1773967510.3838372,1773967512.325824,1.9419867992401123,success
4,1773967517.6677008,1773967519.5107203,1.8430194854736328,success
5,1773967524.782077,1773967526.656676,1.8745989799499512,success
6,1773967531.786468,1773967533.828283,2.0418150424957275,success
"sender: client9, message: > hello from client9"
7,1773967538.930052,1773967541.023483,2.093430995941162,success
8,1773967546.1396918,1773967548.1745985,2.0349066257476807,success
"sender: client9, message: > hello from client9"
9,1773967553.3176844,1773967555.3384893,2.0208048820495605,success
"sender: client9, message: > hello from client9"
10,1773967560.4951227,1773967562.5219953,2.0268726348876953,success
"sender: client9, message: > hello from client9"
11,1773967567.6809056,1773967569.7066119,2.0257062911987305,success
"sender: client9, message: > hello from client9"
12,1773967574.8630369,1773967576.877443,2.014406204223633,success
"sender: client9, message: > hello from client9"
13,1773967582.020533,1773967584.0564435,2.0359103679656982,success
"sender: client9, message: > hello from client9"
14,1773967589.2211876,1773967591.2341251,2.012937545776367,success
"sender: client9, message: > hello from client9"
15,1773967596.3957543,1773967598.4176877,2.0219333171844482,success
"sender: client9, message: > hello from client9"
16,1773967603.5818403,1773967605.6294467,2.0476064682006836,success
"sender: client9, message: > hello from client9"
17,1773967610.7656622,1773967612.7796154,2.01395320892334,success
"sender: client9, message: > hello from client9"
18,1773967617.921872,1773967619.9641142,2.0422422885894775,success
"sender: client9, message: > hello from client9"
19,1773967625.147064,1773967627.1370487,1.9899847507476807,success
"sender: client9, message: > hello from client9"
20,1773967632.2506688,1773967634.3121433,2.061474561691284,success
"sender: client9, message: > hello from client9"
