round,send_time,recv_time,rtt,status
2,1773967503.2016914,1773967505.179506,1.9778146743774414,success
3,1773967510.3678513,1773967512.331528,1.9636766910552979,success
4,1773967517.6633885,1773967519.4969766,1.8335881233215332,success
5,1773967524.7941794,1773967526.658356,1.8641765117645264,success
6,1773967531.932962,1773967533.829033,1.896070957183838,success
7,1773967538.963686,1773967541.0127892,2.049103260040283,success
"sender: client67, message: > hello from client67"
8,1773967546.1395495,1773967548.172679,2.0331294536590576,success
"sender: client67, message: > hello from client67"
9,1773967553.328209,1773967555.3414316,2.0132226943969727,success
"sender: client67, message: > hello from client67"
10,1773967560.4959335,1773967562.530473,2.0345394611358643,success
"sender: client67, message: > hello from client67"
11,1773967567.6729128,1773967569.719571,2.0466582775115967,success
"sender: client67, message: > hello from client67"
12,1773967574.8438237,1773967576.8770432,2.033219575881958,success
13,1773967582.0342727,1773967584.056641,2.0223684310913086,success
"sender: client67, message: > hello from client67"
14,1773967589.1829143,1773967591.234539,2.0516247749328613,success
"sender: client67, message: > hello from client67"
15,1773967596.3719592,1773967598.4169638,2.0450046062469482,success
"sender: client67, message: > hello from client67"
16,1773967603.5994747,1773967605.626849,2.027374267578125,success
"sender: client67, message: > hello from client67"
17,1773967610.7649033,1773967612.7711556,2.0062522888183594,success
"sender: client67, message: > hello from client67"
18,1773967617.9200397,1773967619.948763,2.0287232398986816,success
"sender: client67, message: > hello from client67"
19,1773967625.1485646,1773967627.1396189,1.9910542964935303,success
"sender: client67, message: > hello from client67"
20,1773967632.270652,1773967634.313765,2.0431129932403564,success
"sender: client67, message: > hello from client67"
