round,send_time,recv_time,rtt,status
2,1773967503.199511,1773967505.1774702,1.977959156036377,success
3,1773967510.3486404,1773967512.33034,1.9816994667053223,success
4,1773967517.5368514,1773967519.491831,1.954979658126831,success
5,1773967524.7839537,1773967526.6559837,1.8720300197601318,success
6,1773967531.7480292,1773967533.8445399,2.096510648727417,success
7,1773967538.965695,1773967541.013914,2.0482192039489746,success
"sender: client12, message: > hello from client12"
8,1773967546.1503499,1773967548.1742904,2.0239405632019043,success
"sender: client12, message: > hello from client12"
9,1773967553.3249638,1773967555.3383763,2.0134124755859375,success
"sender: client12, message: > hello from client12"
10,1773967560.4839585,1773967562.5367122,2.0527536869049072,success
"sender: client12, message: > hello from client12"
11,1773967567.6506865,1773967569.7126703,2.061983823776245,success
"sender: client12, message: > hello from client12"
12,1773967574.851357,1773967576.8775957,2.0262386798858643,success
"sender: client12, message: > hello from client12"
13,1773967582.0188882,1773967584.0564938,2.0376055240631104,success
"sender: client12, message: > hello from client12"
14,1773967589.2012024,1773967591.2462764,2.045073986053467,success
"sender: client12, message: > hello from client12"
15,1773967596.382749,1773967598.417733,2.0349838733673096,success
16,1773967603.5691466,1773967605.6060264,2.036879777908325,success
"sender: client12, message: > hello from client12"
17,1773967610.7467093,1773967612.7749367,2.0282273292541504,success
"sender: client12, message: > hello from client12"
18,1773967617.938577,1773967619.9475734,2.0089964866638184,success
"sender: client12, message: > hello from client12"
19,1773967625.1331294,1773967627.1373703,2.0042409896850586,success
"sender: client12, message: > hello from client12"
20,1773967632.2560923,1773967634.3250923,2.069000005722046,success
"sender: client12, message: > hello from client12"
