round,send_time,recv_time,rtt,status
4,1773967517.6701124,1773967519.5008678,1.8307554721832275,success
5,1773967524.7740376,1773967526.6669576,1.8929200172424316,success
6,1773967531.7945797,1773967533.8427799,2.0482001304626465,success
7,1773967538.9938588,1773967540.9923282,1.998469352722168,success
"sender: client162, message: > hello from client162"
8,1773967546.1433487,1773967548.1749234,2.0315747261047363,success
"sender: client162, message: > hello from client162"
9,1773967553.3185132,1773967555.340731,2.0222177505493164,success
"sender: client162, message: > hello from client162"
10,1773967560.4927726,1773967562.533581,2.0408084392547607,success
"sender: client162, message: > hello from client162"
11,1773967567.647782,1773967569.718184,2.070401906967163,success
"sender: client162, message: > hello from client162"
12,1773967574.862263,1773967576.8796883,2.017425298690796,success
"sender: client162, message: > hello from client162"
13,1773967582.012591,1773967584.060929,2.0483381748199463,success
"sender: client162, message: > hello from client162"
14,1773967589.208792,1773967591.2514503,2.0426583290100098,success
"sender: client162, message: > hello from client162"
15,1773967596.4071147,1773967598.421274,2.0141592025756836,success
"sender: client162, message: > hello from client162"
16,1773967603.6076376,1773967605.629434,2.021796464920044,success
"sender: client162, message: > hello from client162"
17,1773967610.7732673,1773967612.7843728,2.011105537414551,success
"sender: client162, message: > hello from client162"
18,1773967617.888942,1773967619.9573681,2.0684261322021484,success
"sender: client162, message: > hello from client162"
19,1773967625.1409445,1773967627.1463773,2.0054328441619873,success
"sender: client162, message: > hello from client162"
20,1773967632.2472656,1773967634.3175218,2.070256233215332,success
"sender: client162, message: > hello from client162"
