round,send_time,recv_time,rtt,status
2,1773960709.8773203,1773960711.7856,1.9082796573638916,success
3,1773960717.0136926,1773960718.8494644,1.8357717990875244,success
4,1773960724.092421,1773960725.9411106,1.8486895561218262,success
5,1773960731.0540147,1773960733.05386,1.999845266342163,success
6,1773960738.2031786,1773960740.1287248,1.9255461692810059,success
"sender: client77, message: > hello from client77"
7,1773960745.2396147,1773960747.2132235,1.9736087322235107,success
"sender: client77, message: > hello from client77"
8,1773960752.3579977,1773960754.3009932,1.942995548248291,success
"sender: client77, message: > hello from client77"
9,1773960759.449936,1773960761.3892233,1.9392874240875244,success
"sender: client77, message: > hello from client77"
10,1773960766.532192,1773960768.487083,1.9548909664154053,success
"sender: client77, message: > hello from client77"
11,1773960773.5984943,1773960775.5766594,1.9781651496887207,success
"sender: client77, message: > hello from client77"
12,1773960780.8868072,1773960782.6717234,1.7849161624908447,success
"sender: client77, message: > hello from client77"
13,1773960787.7992074,1773960789.7510202,1.951812744140625,success
"sender: client77, message: > hello from client77"
14,1773960794.8851297,1773960796.834668,1.949538230895996,success
"sender: client77, message: > hello from client77"
15,1773960802.038403,1773960803.9270859,1.8886828422546387,success
"sender: client77, message: > hello from client77"
16,1773960809.0804758,1773960811.0087748,1.9282989501953125,success
"sender: client77, message: > hello from client77"
17,1773960816.1198745,1773960818.0949345,1.975059986114502,success
"sender: client77, message: > hello from client77"
18,1773960823.2239995,1773960825.1822197,1.9582202434539795,success
19,1773960830.34441,1773960832.2759545,1.931544542312622,success
"sender: client77, message: > hello from client77"
20,1773960837.401335,1773960839.389597,1.9882619380950928,success
"sender: client77, message: > hello from client77"
21,1773960844.5045538,1773960846.4907439,1.9861900806427002,success
22,1773960851.6254804,1773960853.5493042,1.9238238334655762,success
"sender: client77, message: > hello from client77"
23,1773960858.7228618,1773960860.6417525,1.9188907146453857,success
"sender: client77, message: > hello from client77"
24,1773960865.7742097,1773960867.7174814,1.9432716369628906,success
"sender: client77, message: > hello from client77"
