round,send_time,recv_time,rtt,status
3,1773967510.3856938,1773967512.32678,1.9410862922668457,success
4,1773967517.566889,1773967519.4991808,1.9322917461395264,success
5,1773967524.8009367,1773967526.6578786,1.8569419384002686,success
6,1773967531.942696,1773967533.8303416,1.8876454830169678,success
7,1773967539.0053601,1773967541.012538,2.0071778297424316,success
"sender: client101, message: > hello from client101"
8,1773967546.1421165,1773967548.1738799,2.0317633152008057,success
"sender: client101, message: > hello from client101"
9,1773967553.2873628,1773967555.339634,2.0522711277008057,success
"sender: client101, message: > hello from client101"
10,1773967560.508943,1773967562.531485,2.0225419998168945,success
"sender: client101, message: > hello from client101"
11,1773967567.6668954,1773967569.7182844,2.05138897895813,success
"sender: client101, message: > hello from client101"
12,1773967574.8528633,1773967576.878098,2.0252346992492676,success
13,1773967582.0436513,1773967584.0738938,2.030242443084717,success
"sender: client101, message: > hello from client101"
14,1773967589.2209728,1773967591.2492812,2.028308391571045,success
"sender: client101, message: > hello from client101"
15,1773967596.3815868,1773967598.4197335,2.038146734237671,success
"sender: client101, message: > hello from client101"
16,1773967603.5993915,1773967605.6150854,2.0156939029693604,success
"sender: client101, message: > hello from client101"
17,1773967610.760298,1773967612.7855737,2.025275707244873,success
"sender: client101, message: > hello from client101"
18,1773967617.9316928,1773967619.9493022,2.0176093578338623,success
"sender: client101, message: > hello from client101"
19,1773967625.1484756,1773967627.1426604,1.9941847324371338,success
"sender: client101, message: > hello from client101"
20,1773967632.2993639,1773967634.3244672,2.0251033306121826,success
"sender: client101, message: > hello from client101"
