round,send_time,recv_time,rtt,status
2,1773967503.1828744,1773967505.1794298,1.9965553283691406,success
3,1773967510.3876693,1773967512.3356602,1.947990894317627,success
4,1773967517.6386125,1773967519.5086377,1.8700251579284668,success
5,1773967524.7596483,1773967526.6558104,1.8961620330810547,success
6,1773967531.9080176,1773967533.8448067,1.9367890357971191,success
7,1773967539.0690517,1773967540.9992087,1.930156946182251,success
"sender: client33, message: > hello from client33"
8,1773967546.1127808,1773967548.1731129,2.0603320598602295,success
"sender: client33, message: > hello from client33"
9,1773967553.3096125,1773967555.3389297,2.0293171405792236,success
"sender: client33, message: > hello from client33"
10,1773967560.5038924,1773967562.5233295,2.019437074661255,success
"sender: client33, message: > hello from client33"
11,1773967567.6681693,1773967569.7173486,2.0491793155670166,success
"sender: client33, message: > hello from client33"
12,1773967574.8662655,1773967576.87747,2.011204481124878,success
"sender: client33, message: > hello from client33"
13,1773967582.012965,1773967584.055304,2.0423390865325928,success
"sender: client33, message: > hello from client33"
14,1773967589.1882749,1773967591.2372942,2.0490193367004395,success
"sender: client33, message: > hello from client33"
15,1773967596.380924,1773967598.4164977,2.035573720932007,success
"sender: client33, message: > hello from client33"
16,1773967603.593837,1773967605.6050596,2.0112226009368896,success
"sender: client33, message: > hello from client33"
17,1773967610.762333,1773967612.7707338,2.0084009170532227,success
"sender: client33, message: > hello from client33"
18,1773967617.9213526,1773967619.9600687,2.0387160778045654,success
"sender: client33, message: > hello from client33"
19,1773967625.1356864,1773967627.1377232,2.0020368099212646,success
"sender: client33, message: > hello from client33"
20,1773967632.2702649,1773967634.312771,2.042506217956543,success
"sender: client33, message: > hello from client33"
