round,send_time,recv_time,rtt,status
2,1773960709.8624437,1773960711.7846596,1.9222159385681152,success
3,1773960717.0447938,1773960718.849561,1.80476713180542,success
4,1773960724.1528678,1773960725.9410994,1.788231611251831,success
5,1773960731.0272655,1773960733.0417497,2.014484167098999,success
6,1773960738.1600883,1773960740.1248178,1.9647295475006104,success
"sender: client78, message: > hello from client78"
7,1773960745.2454207,1773960747.2317865,1.986365795135498,success
"sender: client78, message: > hello from client78"
8,1773960752.3675895,1773960754.301832,1.9342424869537354,success
"sender: client78, message: > hello from client78"
9,1773960759.4567995,1773960761.3894482,1.9326486587524414,success
"sender: client78, message: > hello from client78"
10,1773960766.4986491,1773960768.4878967,1.9892475605010986,success
"sender: client78, message: > hello from client78"
11,1773960773.6165943,1773960775.568106,1.9515116214752197,success
"sender: client78, message: > hello from client78"
12,1773960780.6927648,1773960782.6611614,1.9683966636657715,success
"sender: client78, message: > hello from client78"
13,1773960787.8110142,1773960789.7512305,1.940216302871704,success
"sender: client78, message: > hello from client78"
14,1773960794.8964884,1773960796.835162,1.938673496246338,success
"sender: client78, message: > hello from client78"
15,1773960802.0010772,1773960803.9220805,1.9210033416748047,success
16,1773960809.0624714,1773960811.0088325,1.9463610649108887,success
"sender: client78, message: > hello from client78"
17,1773960816.1556742,1773960818.0951219,1.9394476413726807,success
"sender: client78, message: > hello from client78"
18,1773960823.2507808,1773960825.182852,1.9320712089538574,success
"sender: client78, message: > hello from client78"
19,1773960830.3394716,1773960832.2649453,1.925473690032959,success
"sender: client78, message: > hello from client78"
20,1773960837.3854952,1773960839.4013047,2.0158095359802246,success
"sender: client78, message: > hello from client78"
21,1773960844.5279849,1773960846.4744234,1.9464385509490967,success
22,1773960851.6646972,1773960853.5499113,1.88521409034729,success
"sender: client78, message: > hello from client78"
23,1773960858.699457,1773960860.6379383,1.938481330871582,success
"sender: client78, message: > hello from client78"
24,1773960865.7743523,1773960867.7201436,1.945791244506836,success
"sender: client78, message: > hello from client78"
