round,send_time,recv_time,rtt,status
2,1773967503.2025712,1773967505.179762,1.9771907329559326,success
3,1773967510.2977858,1773967512.324541,2.0267553329467773,success
4,1773967517.6307714,1773967519.5056558,1.8748843669891357,success
5,1773967524.7947032,1773967526.6630483,1.868345022201538,success
6,1773967531.9218707,1773967533.8306572,1.9087865352630615,success
7,1773967538.9977565,1773967541.0155277,2.0177712440490723,success
"sender: client60, message: > hello from client60"
8,1773967546.1388843,1773967548.1581302,2.0192458629608154,success
"sender: client60, message: > hello from client60"
9,1773967553.2950723,1773967555.3391407,2.0440683364868164,success
"sender: client60, message: > hello from client60"
10,1773967560.4903338,1773967562.5366104,2.046276569366455,success
"sender: client60, message: > hello from client60"
11,1773967567.680066,1773967569.7195146,2.0394484996795654,success
12,1773967574.866371,1773967576.8833287,2.0169577598571777,success
13,1773967582.0170798,1773967584.0741584,2.0570785999298096,success
"sender: client60, message: > hello from client60"
14,1773967589.2076209,1773967591.2343252,2.0267043113708496,success
"sender: client60, message: > hello from client60"
15,1773967596.3913746,1773967598.4169154,2.025540828704834,success
"sender: client60, message: > hello from client60"
16,1773967603.5798335,1773967605.626979,2.0471456050872803,success
"sender: client60, message: > hello from client60"
17,1773967610.7655218,1773967612.7854462,2.0199244022369385,success
"sender: client60, message: > hello from client60"
18,1773967617.9102724,1773967619.9617918,2.0515193939208984,success
"sender: client60, message: > hello from client60"
19,1773967625.1365793,1773967627.1446276,2.0080482959747314,success
"sender: client60, message: > hello from client60"
20,1773967632.2863402,1773967634.330066,2.0437257289886475,success
"sender: client60, message: > hello from client60"
