round,send_time,recv_time,rtt,status
2,1773960709.8479888,1773960711.787036,1.93904709815979,success
3,1773960716.9557035,1773960718.8491564,1.8934528827667236,success
4,1773960724.136727,1773960725.9399214,1.803194284439087,success
5,1773960731.2228127,1773960733.0355945,1.812781810760498,success
6,1773960738.1640778,1773960740.1234891,1.959411382675171,success
7,1773960745.2781525,1773960747.2134886,1.9353361129760742,success
"sender: client23, message: > hello from client23"
8,1773960752.3230724,1773960754.3080354,1.9849629402160645,success
9,1773960759.463988,1773960761.398943,1.9349548816680908,success
"sender: client23, message: > hello from client23"
10,1773960766.5085537,1773960768.4862344,1.9776806831359863,success
"sender: client23, message: > hello from client23"
11,1773960773.6251426,1773960775.572212,1.9470694065093994,success
"sender: client23, message: > hello from client23"
12,1773960780.8546805,1773960782.6597002,1.8050196170806885,success
"sender: client23, message: > hello from client23"
13,1773960787.8137407,1773960789.7524803,1.938739538192749,success
"sender: client23, message: > hello from client23"
14,1773960794.9215386,1773960796.833927,1.9123883247375488,success
"sender: client23, message: > hello from client23"
15,1773960802.0206835,1773960803.9212477,1.900564193725586,success
"sender: client23, message: > hello from client23"
16,1773960809.0761716,1773960811.008184,1.9320123195648193,success
"sender: client23, message: > hello from client23"
17,1773960816.1345837,1773960818.0926647,1.9580810070037842,success
"sender: client23, message: > hello from client23"
18,1773960823.2344327,1773960825.1796613,1.9452285766601562,success
"sender: client23, message: > hello from client23"
19,1773960830.2900567,1773960832.2694898,1.9794330596923828,success
"sender: client23, message: > hello from client23"
20,1773960837.408282,1773960839.3823888,1.974106788635254,success
"sender: client23, message: > hello from client23"
21,1773960844.5504026,1773960846.4747283,1.924325704574585,success
"sender: client23, message: > hello from client23"
22,1773960851.5782464,1773960853.5564718,1.9782254695892334,success
"sender: client23, message: > hello from client23"
23,1773960858.687559,1773960860.6484199,1.9608609676361084,success
"sender: client23, message: > hello from client23"
24,1773960865.7666657,1773960867.736356,1.9696903228759766,success
"sender: client23, message: > hello from client23"
