round,send_time,recv_time,rtt,status
3,1773967510.3693802,1773967512.3311038,1.9617235660552979,success
4,1773967517.6466315,1773967519.5069904,1.8603589534759521,success
5,1773967524.804169,1773967526.673185,1.869016170501709,success
6,1773967531.7941139,1773967533.8313413,2.0372273921966553,success
7,1773967538.9793198,1773967541.0139916,2.0346717834472656,success
"sender: client76, message: > hello from client76"
8,1773967546.1505272,1773967548.1730216,2.022494316101074,success
"sender: client76, message: > hello from client76"
9,1773967553.3277233,1773967555.339311,2.011587619781494,success
"sender: client76, message: > hello from client76"
10,1773967560.495448,1773967562.5241067,2.028658628463745,success
"sender: client76, message: > hello from client76"
11,1773967567.6812634,1773967569.7086701,2.027406692504883,success
"sender: client76, message: > hello from client76"
12,1773967574.8574016,1773967576.8831663,2.0257647037506104,success
"sender: client76, message: > hello from client76"
13,1773967582.002894,1773967584.0608177,2.0579237937927246,success
"sender: client76, message: > hello from client76"
14,1773967589.2192912,1773967591.25108,2.0317888259887695,success
"sender: client76, message: > hello from client76"
15,1773967596.407656,1773967598.4170582,2.009402275085449,success
"sender: client76, message: > hello from client76"
16,1773967603.6007063,1773967605.6270223,2.026315927505493,success
"sender: client76, message: > hello from client76"
17,1773967610.7524018,1773967612.7711709,2.0187690258026123,success
"sender: client76, message: > hello from client76"
18,1773967617.9330041,1773967619.9599595,2.0269553661346436,success
"sender: client76, message: > hello from client76"
19,1773967625.1321423,1773967627.146054,2.013911724090576,success
"sender: client76, message: > hello from client76"
20,1773967632.252391,1773967634.315591,2.063199996948242,success
"sender: client76, message: > hello from client76"
