round,send_time,recv_time,rtt,status
4,1773967517.6497395,1773967519.5092068,1.8594672679901123,success
5,1773967524.74492,1773967526.6669028,1.921982765197754,success
6,1773967531.9146564,1773967533.8443859,1.9297294616699219,success
7,1773967539.0036035,1773967541.0128133,2.0092098712921143,success
"sender: client177, message: > hello from client177"
8,1773967546.146773,1773967548.178936,2.03216290473938,success
"sender: client177, message: > hello from client177"
9,1773967553.323476,1773967555.348864,2.02538800239563,success
"sender: client177, message: > hello from client177"
10,1773967560.4696453,1773967562.5285423,2.058897018432617,success
"sender: client177, message: > hello from client177"
11,1773967567.6764033,1773967569.719311,2.04290771484375,success
12,1773967574.8470094,1773967576.8861983,2.039188861846924,success
"sender: client177, message: > hello from client177"
13,1773967582.0379508,1773967584.074087,2.0361361503601074,success
14,1773967589.200633,1773967591.2462163,2.0455832481384277,success
"sender: client177, message: > hello from client177"
15,1773967596.3999794,1773967598.4252586,2.0252792835235596,success
"sender: client177, message: > hello from client177"
16,1773967603.5854387,1773967605.6311233,2.045684576034546,success
"sender: client177, message: > hello from client177"
17,1773967610.7705286,1773967612.7776134,2.007084846496582,success
"sender: client177, message: > hello from client177"
18,1773967617.9099553,1773967619.9499652,2.0400099754333496,success
"sender: client177, message: > hello from client177"
19,1773967625.149752,1773967627.141352,1.9916000366210938,success
"sender: client177, message: > hello from client177"
20,1773967632.2524185,1773967634.3427544,2.0903358459472656,success
"sender: client177, message: > hello from client177"
