round,send_time,recv_time,rtt,status
2,1773967503.197483,1773967505.180673,1.9831898212432861,success
3,1773967510.3570492,1773967512.325086,1.9680368900299072,success
4,1773967517.5330698,1773967519.4919932,1.95892333984375,success
5,1773967524.7255144,1773967526.658049,1.9325346946716309,success
6,1773967531.8907082,1773967533.8444467,1.9537384510040283,success
7,1773967539.0714052,1773967541.0118291,1.9404239654541016,success
"sender: client36, message: > hello from client36"
8,1773967546.1124973,1773967548.1748524,2.0623550415039062,success
"sender: client36, message: > hello from client36"
9,1773967553.311488,1773967555.3385968,2.027108907699585,success
"sender: client36, message: > hello from client36"
10,1773967560.4851506,1773967562.521962,2.036811351776123,success
"sender: client36, message: > hello from client36"
11,1773967567.6702898,1773967569.7180638,2.047774076461792,success
"sender: client36, message: > hello from client36"
12,1773967574.8515232,1773967576.881797,2.030273914337158,success
"sender: client36, message: > hello from client36"
13,1773967582.0278,1773967584.0575888,2.0297887325286865,success
"sender: client36, message: > hello from client36"
14,1773967589.2115312,1773967591.2325373,2.0210061073303223,success
"sender: client36, message: > hello from client36"
15,1773967596.3557315,1773967598.4167044,2.0609729290008545,success
"sender: client36, message: > hello from client36"
16,1773967603.5435371,1773967605.6057472,2.0622100830078125,success
"sender: client36, message: > hello from client36"
17,1773967610.7383065,1773967612.7862794,2.0479729175567627,success
"sender: client36, message: > hello from client36"
18,1773967617.9305398,1773967619.94807,2.0175302028656006,success
"sender: client36, message: > hello from client36"
19,1773967625.1424527,1773967627.1473105,2.0048577785491943,success
"sender: client36, message: > hello from client36"
20,1773967632.2808845,1773967634.3128264,2.0319418907165527,success
"sender: client36, message: > hello from client36"
