round,send_time,recv_time,rtt,status
2,1773960709.8615465,1773960711.7859461,1.9243996143341064,success
3,1773960717.0248404,1773960718.85308,1.8282396793365479,success
4,1773960724.1641352,1773960725.9404733,1.7763381004333496,success
5,1773960731.0408037,1773960733.0464296,2.0056259632110596,success
6,1773960738.1482522,1773960740.1236115,1.9753592014312744,success
"sender: client37, message: > hello from client37"
7,1773960745.280487,1773960747.2261367,1.9456496238708496,success
"sender: client37, message: > hello from client37"
8,1773960752.357256,1773960754.306334,1.94907808303833,success
"sender: client37, message: > hello from client37"
9,1773960759.460143,1773960761.388691,1.9285478591918945,success
"sender: client37, message: > hello from client37"
10,1773960766.5165756,1773960768.4798448,1.9632692337036133,success
"sender: client37, message: > hello from client37"
11,1773960773.6401145,1773960775.57723,1.9371154308319092,success
"sender: client37, message: > hello from client37"
12,1773960780.878856,1773960782.6704278,1.791571855545044,success
"sender: client37, message: > hello from client37"
13,1773960787.7915387,1773960789.753251,1.96171236038208,success
"sender: client37, message: > hello from client37"
14,1773960794.943289,1773960796.8338764,1.890587329864502,success
"sender: client37, message: > hello from client37"
15,1773960802.0406606,1773960803.926792,1.8861312866210938,success
16,1773960809.0657218,1773960811.0079348,1.9422130584716797,success
17,1773960816.1277182,1773960818.0957413,1.9680230617523193,success
"sender: client37, message: > hello from client37"
18,1773960823.2344184,1773960825.1827445,1.9483261108398438,success
19,1773960830.3191311,1773960832.2704399,1.9513087272644043,success
"sender: client37, message: > hello from client37"
20,1773960837.4056356,1773960839.3851144,1.9794788360595703,success
"sender: client37, message: > hello from client37"
21,1773960844.4975529,1773960846.4910495,1.9934966564178467,success
"sender: client37, message: > hello from client37"
22,1773960851.631223,1773960853.5506544,1.919431447982788,success
"sender: client37, message: > hello from client37"
23,1773960858.7223687,1773960860.6312282,1.9088594913482666,success
"sender: client37, message: > hello from client37"
24,1773960865.7553174,1773960867.7140777,1.9587602615356445,success
