round,send_time,recv_time,rtt,status
4,1773967517.5467901,1773967519.4936688,1.9468786716461182,success
5,1773967524.776116,1773967526.6583061,1.882190227508545,success
6,1773967531.9116907,1773967533.8335779,1.9218871593475342,success
"sender: client172, message: > hello from client172"
7,1773967539.0526433,1773967540.9924042,1.9397609233856201,success
"sender: client172, message: > hello from client172"
8,1773967546.1273162,1773967548.1782324,2.0509161949157715,success
9,1773967553.2984934,1773967555.3456101,2.047116756439209,success
"sender: client172, message: > hello from client172"
10,1773967560.4986036,1773967562.5330381,2.0344345569610596,success
"sender: client172, message: > hello from client172"
11,1773967567.6581445,1773967569.716415,2.0582704544067383,success
"sender: client172, message: > hello from client172"
12,1773967574.865153,1773967576.8809404,2.015787363052368,success
"sender: client172, message: > hello from client172"
13,1773967582.0307605,1773967584.056528,2.0257675647735596,success
"sender: client172, message: > hello from client172"
14,1773967589.2163646,1773967591.2415228,2.025158166885376,success
"sender: client172, message: > hello from client172"
15,1773967596.4096663,1773967598.4233594,2.01369309425354,success
"sender: client172, message: > hello from client172"
16,1773967603.5834682,1773967605.6387103,2.0552420616149902,success
"sender: client172, message: > hello from client172"
17,1773967610.7511399,1773967612.7755935,2.024453639984131,success
18,1773967617.9392538,1773967619.9599855,2.0207316875457764,success
"sender: client172, message: > hello from client172"
19,1773967625.1366408,1773967627.1446588,2.0080180168151855,success
"sender: client172, message: > hello from client172"
20,1773967632.2796233,1773967634.3277316,2.0481083393096924,success
"sender: client172, message: > hello from client172"
