round,send_time,recv_time,rtt,status
2,1773967503.1578102,1773967505.1783247,2.020514488220215,success
3,1773967510.3785112,1773967512.326401,1.947889804840088,success
4,1773967517.6693428,1773967519.5018065,1.8324637413024902,success
5,1773967524.7946103,1773967526.6577094,1.8630990982055664,success
6,1773967531.9327369,1773967533.8299756,1.8972387313842773,success
"sender: client41, message: > hello from client41"
7,1773967539.0538392,1773967540.9971502,1.9433109760284424,success
"sender: client41, message: > hello from client41"
8,1773967546.1338842,1773967548.1744523,2.0405681133270264,success
"sender: client41, message: > hello from client41"
9,1773967553.3273764,1773967555.340715,2.013338565826416,success
"sender: client41, message: > hello from client41"
10,1773967560.509259,1773967562.5409923,2.031733274459839,success
"sender: client41, message: > hello from client41"
11,1773967567.682049,1773967569.7069194,2.0248703956604004,success
"sender: client41, message: > hello from client41"
12,1773967574.842648,1773967576.8833864,2.040738344192505,success
"sender: client41, message: > hello from client41"
13,1773967582.025548,1773967584.0723279,2.0467798709869385,success
"sender: client41, message: > hello from client41"
14,1773967589.207676,1773967591.237813,2.030137062072754,success
"sender: client41, message: > hello from client41"
15,1773967596.4021118,1773967598.416892,2.014780282974243,success
"sender: client41, message: > hello from client41"
16,1773967603.5942833,1773967605.6146648,2.020381450653076,success
"sender: client41, message: > hello from client41"
17,1773967610.7497098,1773967612.77075,2.021040201187134,success
"sender: client41, message: > hello from client41"
18,1773967617.9049046,1773967619.9528074,2.047902822494507,success
"sender: client41, message: > hello from client41"
19,1773967625.1427276,1773967627.1385012,1.9957735538482666,success
"sender: client41, message: > hello from client41"
20,1773967632.2937584,1773967634.330026,2.0362675189971924,success
"sender: client41, message: > hello from client41"
