round,send_time,recv_time,rtt,status
2,1773967503.1583204,1773967505.17755,2.0192296504974365,success
3,1773967510.366534,1773967512.3311741,1.9646401405334473,success
4,1773967517.6508136,1773967519.493955,1.8431413173675537,success
5,1773967524.5648363,1773967526.6557076,2.0908713340759277,success
6,1773967531.9086926,1773967533.8434606,1.9347679615020752,success
7,1773967538.947816,1773967540.9899147,2.0420987606048584,success
8,1773967546.117753,1773967548.1670446,2.0492916107177734,success
"sender: client17, message: > hello from client17"
9,1773967553.3237717,1773967555.338802,2.0150303840637207,success
"sender: client17, message: > hello from client17"
10,1773967560.4809172,1773967562.5220742,2.0411570072174072,success
"sender: client17, message: > hello from client17"
11,1773967567.6858578,1773967569.7127044,2.0268466472625732,success
"sender: client17, message: > hello from client17"
12,1773967574.8636532,1773967576.877871,2.0142178535461426,success
"sender: client17, message: > hello from client17"
13,1773967582.007151,1773967584.0744994,2.0673484802246094,success
"sender: client17, message: > hello from client17"
14,1773967589.2144551,1773967591.2310154,2.0165603160858154,success
"sender: client17, message: > hello from client17"
15,1773967596.4023614,1773967598.4175732,2.015211820602417,success
"sender: client17, message: > hello from client17"
16,1773967603.6086211,1773967605.6054351,1.9968140125274658,success
"sender: client17, message: > hello from client17"
17,1773967610.7720697,1773967612.770827,1.9987573623657227,success
"sender: client17, message: > hello from client17"
18,1773967617.9188633,1773967619.9479055,2.0290422439575195,success
"sender: client17, message: > hello from client17"
19,1773967625.1466682,1773967627.1376514,1.990983247756958,success
"sender: client17, message: > hello from client17"
20,1773967632.4077291,1773967634.329108,1.9213788509368896,success
"sender: client17, message: > hello from client17"
