round,send_time,recv_time,rtt,status
2,1773967503.1288621,1773967505.1797097,2.0508475303649902,success
3,1773967510.399565,1773967512.324308,1.9247429370880127,success
4,1773967517.6553206,1773967519.4922595,1.8369388580322266,success
5,1773967524.784158,1773967526.6556728,1.8715147972106934,success
6,1773967531.9397967,1773967533.8408575,1.9010608196258545,success
7,1773967538.9734871,1773967540.9961824,2.022695302963257,success
"sender: client15, message: > hello from client15"
8,1773967546.157357,1773967548.1776829,2.0203258991241455,success
"sender: client15, message: > hello from client15"
9,1773967553.308214,1773967555.340297,2.032083034515381,success
"sender: client15, message: > hello from client15"
10,1773967560.4882958,1773967562.521926,2.033630132675171,success
"sender: client15, message: > hello from client15"
11,1773967567.6683924,1773967569.7061503,2.0377578735351562,success
"sender: client15, message: > hello from client15"
12,1773967574.8578546,1773967576.885171,2.0273163318634033,success
"sender: client15, message: > hello from client15"
13,1773967582.0379474,1773967584.0745716,2.0366241931915283,success
"sender: client15, message: > hello from client15"
14,1773967589.2172902,1773967591.2338507,2.0165605545043945,success
"sender: client15, message: > hello from client15"
15,1773967596.3805745,1773967598.4149573,2.0343828201293945,success
"sender: client15, message: > hello from client15"
16,1773967603.5981681,1773967605.6053388,2.0071706771850586,success
"sender: client15, message: > hello from client15"
17,1773967610.7385633,1773967612.7705717,2.032008409500122,success
"sender: client15, message: > hello from client15"
18,1773967617.9201636,1773967619.9475489,2.0273852348327637,success
19,1773967625.135179,1773967627.137408,2.0022289752960205,success
"sender: client15, message: > hello from client15"
20,1773967632.267951,1773967634.3120716,2.0441205501556396,success
"sender: client15, message: > hello from client15"
