round,send_time,recv_time,rtt,status
4,1773967517.60877,1773967519.5113158,1.9025459289550781,success
5,1773967524.8031218,1773967526.6765025,1.8733806610107422,success
6,1773967531.9270236,1773967533.8429077,1.915884017944336,success
"sender: client154, message: > hello from client154"
7,1773967538.9844034,1773967540.992034,2.0076305866241455,success
"sender: client154, message: > hello from client154"
8,1773967546.1188352,1773967548.1744797,2.0556445121765137,success
"sender: client154, message: > hello from client154"
9,1773967553.3180423,1773967555.34375,2.025707721710205,success
"sender: client154, message: > hello from client154"
10,1773967560.505316,1773967562.5241299,2.0188138484954834,success
11,1773967567.6561038,1773967569.719102,2.062998056411743,success
"sender: client154, message: > hello from client154"
12,1773967574.8392975,1773967576.8795512,2.0402536392211914,success
"sender: client154, message: > hello from client154"
13,1773967582.0429091,1773967584.0564284,2.013519287109375,success
"sender: client154, message: > hello from client154"
14,1773967589.1666446,1773967591.2426078,2.075963258743286,success
"sender: client154, message: > hello from client154"
15,1773967596.4052656,1773967598.4201596,2.0148940086364746,success
16,1773967603.5813265,1773967605.6347117,2.0533852577209473,success
"sender: client154, message: > hello from client154"
17,1773967610.7642727,1773967612.7808633,2.0165905952453613,success
"sender: client154, message: > hello from client154"
18,1773967617.9176157,1773967619.9499428,2.032327175140381,success
"sender: client154, message: > hello from client154"
19,1773967625.1114151,1773967627.1410215,2.029606342315674,success
"sender: client154, message: > hello from client154"
20,1773967632.2866905,1773967634.329078,2.0423874855041504,success
"sender: client154, message: > hello from client154"
