round,send_time,recv_time,rtt,status
2,1773960709.8678136,1773960711.7842445,1.916430950164795,success
3,1773960717.0455372,1773960718.8557425,1.8102052211761475,success
4,1773960724.0432093,1773960725.9438658,1.9006564617156982,success
5,1773960731.0578802,1773960733.0543535,1.9964733123779297,success
6,1773960738.2131588,1773960740.1253457,1.912186861038208,success
7,1773960745.277259,1773960747.22618,1.9489209651947021,success
"sender: client38, message: > hello from client38"
8,1773960752.3384635,1773960754.2999496,1.9614861011505127,success
"sender: client38, message: > hello from client38"
9,1773960759.4203968,1773960761.3972912,1.9768943786621094,success
"sender: client38, message: > hello from client38"
10,1773960766.5057442,1773960768.4799712,1.974226951599121,success
"sender: client38, message: > hello from client38"
11,1773960773.6285837,1773960775.5669658,1.9383821487426758,success
"sender: client38, message: > hello from client38"
12,1773960780.8444726,1773960782.661185,1.8167123794555664,success
"sender: client38, message: > hello from client38"
13,1773960787.7994716,1773960789.753643,1.9541714191436768,success
"sender: client38, message: > hello from client38"
14,1773960794.8802507,1773960796.834293,1.9540421962738037,success
"sender: client38, message: > hello from client38"
15,1773960802.0239346,1773960803.921589,1.8976542949676514,success
"sender: client38, message: > hello from client38"
16,1773960809.080244,1773960811.0093377,1.929093599319458,success
"sender: client38, message: > hello from client38"
17,1773960816.1184633,1773960818.0931494,1.9746861457824707,success
"sender: client38, message: > hello from client38"
18,1773960823.2408485,1773960825.1912773,1.9504287242889404,success
19,1773960830.3128803,1773960832.2613876,1.948507308959961,success
"sender: client38, message: > hello from client38"
20,1773960837.4116945,1773960839.3853781,1.9736835956573486,success
"sender: client38, message: > hello from client38"
21,1773960844.5470934,1773960846.474681,1.9275875091552734,success
"sender: client38, message: > hello from client38"
22,1773960851.655364,1773960853.555973,1.900609016418457,success
"sender: client38, message: > hello from client38"
23,1773960858.7190378,1773960860.646331,1.927293300628662,success
"sender: client38, message: > hello from client38"
24,1773960865.7725432,1773960867.7134302,1.9408869743347168,success
"sender: client38, message: > hello from client38"
