round,send_time,recv_time,rtt,status
2,1773967503.1693637,1773967505.1796443,2.0102806091308594,success
3,1773967510.3903222,1773967512.3321762,1.9418540000915527,success
4,1773967517.5440748,1773967519.4968758,1.952800989151001,success
5,1773967524.7563913,1773967526.6560483,1.8996570110321045,success
6,1773967531.9257123,1773967533.829623,1.9039106369018555,success
7,1773967538.9766192,1773967541.012568,2.0359487533569336,success
"sender: client18, message: > hello from client18"
8,1773967546.134584,1773967548.1566975,2.022113561630249,success
"sender: client18, message: > hello from client18"
9,1773967553.3273096,1773967555.338945,2.0116353034973145,success
"sender: client18, message: > hello from client18"
10,1773967560.5057724,1773967562.5221741,2.016401767730713,success
"sender: client18, message: > hello from client18"
11,1773967567.6902902,1773967569.7141616,2.023871421813965,success
"sender: client18, message: > hello from client18"
12,1773967574.8347735,1773967576.8818507,2.047077178955078,success
"sender: client18, message: > hello from client18"
13,1773967582.0393271,1773967584.0724602,2.033133029937744,success
"sender: client18, message: > hello from client18"
14,1773967589.198818,1773967591.250389,2.0515711307525635,success
"sender: client18, message: > hello from client18"
15,1773967596.406644,1773967598.4178011,2.0111570358276367,success
"sender: client18, message: > hello from client18"
16,1773967603.6041346,1773967605.636316,2.03218150138855,success
"sender: client18, message: > hello from client18"
17,1773967610.7689228,1773967612.770655,2.001732110977173,success
"sender: client18, message: > hello from client18"
18,1773967617.8951404,1773967619.9476767,2.0525362491607666,success
"sender: client18, message: > hello from client18"
19,1773967625.1387098,1773967627.1447294,2.0060195922851562,success
"sender: client18, message: > hello from client18"
20,1773967632.260835,1773967634.3124561,2.051621198654175,success
"sender: client18, message: > hello from client18"
