round,send_time,recv_time,rtt,status
3,1773967510.394253,1773967512.3289347,1.9346816539764404,success
4,1773967517.5500314,1773967519.5020661,1.9520347118377686,success
5,1773967524.8049977,1773967526.65731,1.8523123264312744,success
6,1773967531.9366517,1773967533.8409164,1.9042646884918213,success
7,1773967539.0045552,1773967540.9917145,1.987159252166748,success
"sender: client129, message: > hello from client129"
8,1773967546.1319027,1773967548.1749609,2.043058156967163,success
"sender: client129, message: > hello from client129"
9,1773967553.326903,1773967555.3439853,2.0170822143554688,success
"sender: client129, message: > hello from client129"
10,1773967560.50857,1773967562.5413687,2.0327987670898438,success
"sender: client129, message: > hello from client129"
11,1773967567.683627,1773967569.7117984,2.0281715393066406,success
"sender: client129, message: > hello from client129"
12,1773967574.8335357,1773967576.8794863,2.0459506511688232,success
"sender: client129, message: > hello from client129"
13,1773967582.0296001,1773967584.0724113,2.042811155319214,success
"sender: client129, message: > hello from client129"
14,1773967589.1899018,1773967591.2411485,2.0512466430664062,success
"sender: client129, message: > hello from client129"
15,1773967596.3943892,1773967598.4201891,2.0257999897003174,success
"sender: client129, message: > hello from client129"
16,1773967603.5837517,1773967605.6277213,2.0439696311950684,success
"sender: client129, message: > hello from client129"
17,1773967610.7549176,1773967612.7805717,2.0256540775299072,success
"sender: client129, message: > hello from client129"
18,1773967617.9061663,1773967619.949573,2.0434067249298096,success
"sender: client129, message: > hello from client129"
19,1773967625.1408803,1773967627.1456451,2.0047647953033447,success
"sender: client129, message: > hello from client129"
20,1773967632.4057276,1773967634.3245537,1.9188261032104492,success
"sender: client129, message: > hello from client129"
