round,send_time,recv_time,rtt,status
3,1773960717.012884,1773960718.853095,1.8402111530303955,success
4,1773960724.1642125,1773960725.9424455,1.7782330513000488,success
5,1773960731.1790261,1773960733.0410504,1.8620243072509766,success
6,1773960738.2031267,1773960740.1258326,1.922705888748169,success
"sender: client147, message: > hello from client147"
7,1773960745.2481995,1773960747.229208,1.981008529663086,success
"sender: client147, message: > hello from client147"
8,1773960752.3383493,1773960754.3022597,1.9639103412628174,success
9,1773960759.4420154,1773960761.3909569,1.9489414691925049,success
"sender: client147, message: > hello from client147"
10,1773960766.527363,1773960768.4989314,1.9715683460235596,success
"sender: client147, message: > hello from client147"
11,1773960773.6057556,1773960775.5741465,1.968390941619873,success
"sender: client147, message: > hello from client147"
12,1773960780.8888562,1773960782.6627147,1.7738585472106934,success
"sender: client147, message: > hello from client147"
13,1773960787.8013484,1773960789.7583196,1.9569711685180664,success
14,1773960794.9473274,1773960796.8374815,1.8901541233062744,success
"sender: client147, message: > hello from client147"
15,1773960802.0390422,1773960803.9233415,1.8842992782592773,success
"sender: client147, message: > hello from client147"
16,1773960809.067575,1773960811.0096858,1.9421107769012451,success
"sender: client147, message: > hello from client147"
17,1773960816.1586502,1773960818.1071453,1.9484951496124268,success
"sender: client147, message: > hello from client147"
18,1773960823.2410386,1773960825.1847434,1.9437048435211182,success
"sender: client147, message: > hello from client147"
19,1773960830.330393,1773960832.2688668,1.9384737014770508,success
"sender: client147, message: > hello from client147"
20,1773960837.4046838,1773960839.3881173,1.983433485031128,success
"sender: client147, message: > hello from client147"
21,1773960844.5319116,1773960846.4804642,1.9485526084899902,success
"sender: client147, message: > hello from client147"
22,1773960851.6306036,1773960853.5627286,1.9321250915527344,success
"sender: client147, message: > hello from client147"
23,1773960858.708255,1773960860.6456513,1.9373962879180908,success
"sender: client147, message: > hello from client147"
24,1773960865.769269,1773960867.719115,1.9498460292816162,success
"sender: client147, message: > hello from client147"
