round,send_time,recv_time,rtt,status
2,1773960709.888945,1773960711.7860608,1.897115707397461,success
3,1773960717.0404308,1773960718.8481302,1.80769944190979,success
4,1773960724.0942771,1773960725.9437475,1.8494703769683838,success
5,1773960731.1564348,1773960733.0356967,1.8792619705200195,success
6,1773960738.1942616,1773960740.1234667,1.9292051792144775,success
"sender: client19, message: > hello from client19"
7,1773960745.2759593,1773960747.2250917,1.9491324424743652,success
"sender: client19, message: > hello from client19"
8,1773960752.359381,1773960754.3069406,1.9475595951080322,success
"sender: client19, message: > hello from client19"
9,1773960759.418297,1773960761.3883252,1.9700281620025635,success
10,1773960766.5303724,1773960768.4800127,1.9496402740478516,success
"sender: client19, message: > hello from client19"
11,1773960773.6309278,1773960775.573917,1.9429891109466553,success
12,1773960780.8598886,1773960782.6601,1.8002114295959473,success
"sender: client19, message: > hello from client19"
13,1773960787.817103,1773960789.7524061,1.9353032112121582,success
"sender: client19, message: > hello from client19"
14,1773960794.9265926,1773960796.8344588,1.9078662395477295,success
"sender: client19, message: > hello from client19"
15,1773960802.0343354,1773960803.9254315,1.8910961151123047,success
"sender: client19, message: > hello from client19"
16,1773960809.0286202,1773960811.0107095,1.9820892810821533,success
"sender: client19, message: > hello from client19"
17,1773960816.1310346,1773960818.095261,1.964226484298706,success
"sender: client19, message: > hello from client19"
18,1773960823.2366478,1773960825.1796267,1.942978858947754,success
"sender: client19, message: > hello from client19"
19,1773960830.2879956,1773960832.2738786,1.9858829975128174,success
"sender: client19, message: > hello from client19"
20,1773960837.4146783,1773960839.3835397,1.9688613414764404,success
"sender: client19, message: > hello from client19"
21,1773960844.5303628,1773960846.478013,1.9476501941680908,success
"sender: client19, message: > hello from client19"
22,1773960851.6608539,1773960853.5562918,1.8954379558563232,success
"sender: client19, message: > hello from client19"
23,1773960858.733818,1773960860.6468859,1.9130678176879883,success
"sender: client19, message: > hello from client19"
24,1773960865.753487,1773960867.7116046,1.9581174850463867,success
"sender: client19, message: > hello from client19"
