round,send_time,recv_time,rtt,status
3,1773967510.375828,1773967512.3258011,1.9499731063842773,success
4,1773967517.5249712,1773967519.4978018,1.9728305339813232,success
5,1773967524.7578921,1773967526.65759,1.8996977806091309,success
6,1773967531.9438467,1773967533.8339448,1.8900980949401855,success
"sender: client118, message: > hello from client118"
7,1773967538.989992,1773967541.015855,2.0258631706237793,success
"sender: client118, message: > hello from client118"
8,1773967546.119021,1773967548.1654387,2.046417713165283,success
"sender: client118, message: > hello from client118"
9,1773967553.3195817,1773967555.3398023,2.0202205181121826,success
"sender: client118, message: > hello from client118"
10,1773967560.4902737,1773967562.5234642,2.0331904888153076,success
"sender: client118, message: > hello from client118"
11,1773967567.6901991,1773967569.711821,2.0216219425201416,success
"sender: client118, message: > hello from client118"
12,1773967574.8648243,1773967576.8833077,2.0184834003448486,success
"sender: client118, message: > hello from client118"
13,1773967581.9984348,1773967584.0760355,2.0776007175445557,success
"sender: client118, message: > hello from client118"
14,1773967589.2185206,1773967591.250723,2.0322022438049316,success
"sender: client118, message: > hello from client118"
15,1773967596.387861,1773967598.4198942,2.0320332050323486,success
"sender: client118, message: > hello from client118"
16,1773967603.6044133,1773967605.6274166,2.023003339767456,success
"sender: client118, message: > hello from client118"
17,1773967610.7687497,1773967612.7846162,2.01586651802063,success
18,1773967617.9365258,1773967619.9495506,2.0130248069763184,success
"sender: client118, message: > hello from client118"
19,1773967625.1311836,1773967627.1398518,2.0086681842803955,success
"sender: client118, message: > hello from client118"
20,1773967632.2753985,1773967634.3293865,2.053987979888916,success
"sender: client118, message: > hello from client118"
