round,send_time,recv_time,rtt,status
4,1773967517.635246,1773967519.5017154,1.866469383239746,success
5,1773967524.7959,1773967526.6756556,1.8797554969787598,success
6,1773967531.9192097,1773967533.840169,1.920959234237671,success
"sender: client152, message: > hello from client152"
7,1773967538.9149268,1773967541.0135465,2.0986196994781494,success
"sender: client152, message: > hello from client152"
8,1773967546.133057,1773967548.1681402,2.035083055496216,success
"sender: client152, message: > hello from client152"
9,1773967553.323622,1773967555.3443775,2.0207555294036865,success
"sender: client152, message: > hello from client152"
10,1773967560.4828086,1773967562.542606,2.059797525405884,success
"sender: client152, message: > hello from client152"
11,1773967567.6779282,1773967569.7192705,2.041342258453369,success
"sender: client152, message: > hello from client152"
12,1773967574.840019,1773967576.8809147,2.040895700454712,success
"sender: client152, message: > hello from client152"
13,1773967582.04378,1773967584.0587413,2.0149612426757812,success
"sender: client152, message: > hello from client152"
14,1773967589.2074993,1773967591.2424676,2.034968376159668,success
"sender: client152, message: > hello from client152"
15,1773967596.4019394,1773967598.4233048,2.0213654041290283,success
16,1773967603.5837584,1773967605.6293786,2.0456202030181885,success
17,1773967610.7717302,1773967612.7862544,2.014524221420288,success
"sender: client152, message: > hello from client152"
18,1773967617.933329,1773967619.9625275,2.029198408126831,success
"sender: client152, message: > hello from client152"
19,1773967625.1439624,1773967627.1407728,1.9968104362487793,success
20,1773967632.2717397,1773967634.32734,2.055600166320801,success
"sender: client152, message: > hello from client152"
