round,send_time,recv_time,rtt,status
4,1773967517.6650379,1773967519.4975953,1.8325574398040771,success
5,1773967524.7865171,1773967526.6680052,1.8814880847930908,success
6,1773967531.8935068,1773967533.843065,1.9495582580566406,success
7,1773967539.0055447,1773967540.9974992,1.9919545650482178,success
"sender: client176, message: > hello from client176"
8,1773967546.124582,1773967548.164946,2.0403640270233154,success
"sender: client176, message: > hello from client176"
9,1773967553.295956,1773967555.3412921,2.0453362464904785,success
"sender: client176, message: > hello from client176"
10,1773967560.4882622,1773967562.5383468,2.0500845909118652,success
"sender: client176, message: > hello from client176"
11,1773967567.6558218,1773967569.7170155,2.0611937046051025,success
12,1773967574.8227525,1773967576.885076,2.062323570251465,success
"sender: client176, message: > hello from client176"
13,1773967582.0083869,1773967584.0730352,2.064648389816284,success
14,1773967589.2207246,1773967591.2426775,2.0219528675079346,success
"sender: client176, message: > hello from client176"
15,1773967596.4079452,1773967598.421584,2.013638734817505,success
"sender: client176, message: > hello from client176"
16,1773967603.5745947,1773967605.628596,2.0540013313293457,success
"sender: client176, message: > hello from client176"
17,1773967610.7662325,1773967612.7817416,2.0155091285705566,success
"sender: client176, message: > hello from client176"
18,1773967617.9121904,1773967619.954848,2.0426576137542725,success
"sender: client176, message: > hello from client176"
19,1773967625.1198545,1773967627.1416237,2.0217692852020264,success
"sender: client176, message: > hello from client176"
20,1773967632.2760913,1773967634.329555,2.0534636974334717,success
"sender: client176, message: > hello from client176"
