round,send_time,recv_time,rtt,status
2,1773967503.1974554,1773967505.178404,1.9809486865997314,success
3,1773967510.3816,1773967512.3253543,1.9437544345855713,success
4,1773967517.622751,1773967519.5050774,1.882326364517212,success
5,1773967524.7994156,1773967526.6584253,1.8590097427368164,success
6,1773967531.9331872,1773967533.8305826,1.897395372390747,success
7,1773967539.000943,1773967540.9915898,1.9906468391418457,success
"sender: client54, message: > hello from client54"
8,1773967546.159681,1773967548.1788454,2.0191643238067627,success
"sender: client54, message: > hello from client54"
9,1773967553.3237748,1773967555.3390687,2.015293836593628,success
"sender: client54, message: > hello from client54"
10,1773967560.5060928,1773967562.5235095,2.0174167156219482,success
"sender: client54, message: > hello from client54"
11,1773967567.686344,1773967569.7163012,2.0299572944641113,success
"sender: client54, message: > hello from client54"
12,1773967574.8657274,1773967576.886309,2.0205814838409424,success
"sender: client54, message: > hello from client54"
13,1773967582.0278032,1773967584.0649626,2.0371594429016113,success
"sender: client54, message: > hello from client54"
14,1773967589.2043478,1773967591.2339482,2.0296003818511963,success
"sender: client54, message: > hello from client54"
15,1773967596.4029706,1773967598.4167953,2.013824701309204,success
"sender: client54, message: > hello from client54"
16,1773967603.5895808,1773967605.6297178,2.0401370525360107,success
"sender: client54, message: > hello from client54"
17,1773967610.7719529,1773967612.7708874,1.9989345073699951,success
"sender: client54, message: > hello from client54"
18,1773967617.929266,1773967619.9586263,2.029360294342041,success
"sender: client54, message: > hello from client54"
19,1773967625.1235292,1773967627.1382103,2.014681100845337,success
"sender: client54, message: > hello from client54"
20,1773967632.2763035,1773967634.321852,2.045548439025879,success
"sender: client54, message: > hello from client54"
