round,send_time,recv_time,rtt,status
3,1773960717.048108,1773960718.8550825,1.8069744110107422,success
4,1773960724.1541054,1773960725.942552,1.7884466648101807,success
5,1773960731.1550171,1773960733.0660295,1.9110124111175537,success
"sender: client152, message: > hello from client152"
6,1773960738.1868913,1773960740.1254196,1.938528299331665,success
"sender: client152, message: > hello from client152"
7,1773960745.2809165,1773960747.214613,1.9336965084075928,success
"sender: client152, message: > hello from client152"
8,1773960752.3292859,1773960754.302683,1.9733972549438477,success
"sender: client152, message: > hello from client152"
9,1773960759.4616315,1773960761.3973699,1.9357383251190186,success
10,1773960766.5227916,1773960768.4871423,1.964350700378418,success
"sender: client152, message: > hello from client152"
11,1773960773.6392357,1773960775.573507,1.9342713356018066,success
"sender: client152, message: > hello from client152"
12,1773960780.8477993,1773960782.6629133,1.8151140213012695,success
13,1773960787.8168824,1773960789.758266,1.9413836002349854,success
"sender: client152, message: > hello from client152"
14,1773960794.9497495,1773960796.8363662,1.8866167068481445,success
"sender: client152, message: > hello from client152"
15,1773960802.045052,1773960803.923509,1.8784568309783936,success
"sender: client152, message: > hello from client152"
16,1773960809.0622172,1773960811.0097232,1.9475059509277344,success
"sender: client152, message: > hello from client152"
17,1773960816.136738,1773960818.1011724,1.9644343852996826,success
"sender: client152, message: > hello from client152"
18,1773960823.2076147,1773960825.1850548,1.9774401187896729,success
"sender: client152, message: > hello from client152"
19,1773960830.3173375,1773960832.2774858,1.9601483345031738,success
"sender: client152, message: > hello from client152"
20,1773960837.3908596,1773960839.388365,1.9975054264068604,success
"sender: client152, message: > hello from client152"
21,1773960844.5464833,1773960846.494731,1.9482476711273193,success
"sender: client152, message: > hello from client152"
22,1773960851.59292,1773960853.552898,1.9599778652191162,success
"sender: client152, message: > hello from client152"
23,1773960858.7049758,1773960860.6359293,1.9309535026550293,success
24,1773960865.7517455,1773960867.7184002,1.9666547775268555,success
"sender: client152, message: > hello from client152"
