round,send_time,recv_time,rtt,status
3,1773960717.0520215,1773960718.8503838,1.7983622550964355,success
4,1773960724.1057408,1773960725.9422421,1.8365013599395752,success
5,1773960731.1960804,1773960733.0561035,1.860023021697998,success
6,1773960738.188805,1773960740.124704,1.935898780822754,success
"sender: client116, message: > hello from client116"
7,1773960745.2699385,1773960747.2228932,1.9529547691345215,success
"sender: client116, message: > hello from client116"
8,1773960752.3507748,1773960754.3084464,1.9576716423034668,success
"sender: client116, message: > hello from client116"
9,1773960759.4492621,1773960761.3900702,1.9408080577850342,success
"sender: client116, message: > hello from client116"
10,1773960766.540867,1773960768.496739,1.955871820449829,success
"sender: client116, message: > hello from client116"
11,1773960773.6382651,1773960775.56828,1.9300148487091064,success
"sender: client116, message: > hello from client116"
12,1773960780.8690495,1773960782.6624868,1.7934372425079346,success
"sender: client116, message: > hello from client116"
13,1773960787.819056,1773960789.7554867,1.9364306926727295,success
"sender: client116, message: > hello from client116"
14,1773960794.9439907,1773960796.8383634,1.8943727016448975,success
"sender: client116, message: > hello from client116"
15,1773960802.0358508,1773960803.9232655,1.8874146938323975,success
"sender: client116, message: > hello from client116"
16,1773960809.0394683,1773960811.0092208,1.969752550125122,success
"sender: client116, message: > hello from client116"
17,1773960816.1571693,1773960818.10011,1.9429407119750977,success
"sender: client116, message: > hello from client116"
18,1773960823.2164955,1773960825.189444,1.9729485511779785,success
19,1773960830.3263273,1773960832.2722862,1.9459588527679443,success
"sender: client116, message: > hello from client116"
20,1773960837.3901756,1773960839.3872073,1.9970316886901855,success
"sender: client116, message: > hello from client116"
21,1773960844.5544007,1773960846.4890528,1.9346520900726318,success
"sender: client116, message: > hello from client116"
22,1773960851.670534,1773960853.557225,1.8866910934448242,success
23,1773960858.6952689,1773960860.6412213,1.9459524154663086,success
"sender: client116, message: > hello from client116"
24,1773960865.7799559,1773960867.7218678,1.9419119358062744,success
"sender: client116, message: > hello from client116"
