round,send_time,recv_time,rtt,status
2,1773967503.2006779,1773967505.1786795,1.978001594543457,success
3,1773967510.3998275,1773967512.3317816,1.9319541454315186,success
4,1773967517.6424415,1773967519.4990175,1.8565759658813477,success
5,1773967524.7986448,1773967526.662595,1.863950252532959,success
6,1773967531.9445174,1773967533.830672,1.8861546516418457,success
7,1773967538.9987304,1773967541.0138798,2.0151493549346924,success
"sender: client52, message: > hello from client52"
8,1773967546.1375408,1773967548.1746395,2.0370986461639404,success
"sender: client52, message: > hello from client52"
9,1773967553.3101618,1773967555.3387415,2.0285797119140625,success
10,1773967560.500169,1773967562.5222085,2.0220394134521484,success
"sender: client52, message: > hello from client52"
11,1773967567.6888573,1773967569.70785,2.0189926624298096,success
"sender: client52, message: > hello from client52"
12,1773967574.8332593,1773967576.878666,2.0454065799713135,success
"sender: client52, message: > hello from client52"
13,1773967582.0418115,1773967584.0606966,2.0188851356506348,success
"sender: client52, message: > hello from client52"
14,1773967589.1699119,1773967591.23365,2.0637381076812744,success
"sender: client52, message: > hello from client52"
15,1773967596.352211,1773967598.4185352,2.066324234008789,success
"sender: client52, message: > hello from client52"
16,1773967603.6004682,1773967605.6344502,2.033982038497925,success
"sender: client52, message: > hello from client52"
17,1773967610.7605045,1773967612.7759285,2.0154240131378174,success
"sender: client52, message: > hello from client52"
18,1773967617.9161565,1773967619.9583485,2.042191982269287,success
"sender: client52, message: > hello from client52"
19,1773967625.1477706,1773967627.137388,1.9896173477172852,success
"sender: client52, message: > hello from client52"
20,1773967632.2956123,1773967634.31331,2.01769757270813,success
"sender: client52, message: > hello from client52"
