round,send_time,recv_time,rtt,status
2,1773967503.1621602,1773967505.178881,2.016720771789551,success
3,1773967510.4017336,1773967512.3264904,1.9247567653656006,success
4,1773967517.6662548,1773967519.496337,1.8300821781158447,success
5,1773967524.75287,1773967526.6621697,1.909299612045288,success
6,1773967531.920319,1773967533.8290877,1.908768653869629,success
7,1773967539.0560174,1773967540.9909842,1.934966802597046,success
"sender: client64, message: > hello from client64"
8,1773967546.1273122,1773967548.1785703,2.051258087158203,success
"sender: client64, message: > hello from client64"
9,1773967553.328475,1773967555.3414059,2.0129308700561523,success
"sender: client64, message: > hello from client64"
10,1773967560.5026379,1773967562.522459,2.0198211669921875,success
"sender: client64, message: > hello from client64"
11,1773967567.683039,1773967569.717418,2.034379005432129,success
"sender: client64, message: > hello from client64"
12,1773967574.8332808,1773967576.8785436,2.0452628135681152,success
"sender: client64, message: > hello from client64"
13,1773967581.9870505,1773967584.0736947,2.086644172668457,success
"sender: client64, message: > hello from client64"
14,1773967589.2119923,1773967591.2367795,2.024787187576294,success
"sender: client64, message: > hello from client64"
15,1773967596.4074478,1773967598.4190178,2.0115699768066406,success
"sender: client64, message: > hello from client64"
16,1773967603.6041436,1773967605.6353438,2.0312001705169678,success
"sender: client64, message: > hello from client64"
17,1773967610.7497196,1773967612.7817702,2.032050609588623,success
18,1773967617.9357784,1773967619.9486523,2.012873888015747,success
"sender: client64, message: > hello from client64"
19,1773967625.1256366,1773967627.1430779,2.0174412727355957,success
"sender: client64, message: > hello from client64"
20,1773967632.2996662,1773967634.313972,2.014305830001831,success
"sender: client64, message: > hello from client64"
