round,send_time,recv_time,rtt,status
3,1773960716.98792,1773960718.8499918,1.8620717525482178,success
4,1773960724.1330194,1773960725.9434063,1.8103868961334229,success
5,1773960731.049432,1773960733.0406606,1.9912285804748535,success
"sender: client106, message: > hello from client106"
6,1773960738.1815085,1773960740.1246865,1.9431779384613037,success
"sender: client106, message: > hello from client106"
7,1773960745.2259321,1773960747.226203,2.0002708435058594,success
"sender: client106, message: > hello from client106"
8,1773960752.3399782,1773960754.3099937,1.970015525817871,success
"sender: client106, message: > hello from client106"
9,1773960759.4468822,1773960761.3979387,1.9510564804077148,success
"sender: client106, message: > hello from client106"
10,1773960766.541807,1773960768.489609,1.9478020668029785,success
"sender: client106, message: > hello from client106"
11,1773960773.6140912,1773960775.5681837,1.9540925025939941,success
"sender: client106, message: > hello from client106"
12,1773960780.8829641,1773960782.6622257,1.779261589050293,success
"sender: client106, message: > hello from client106"
13,1773960787.818421,1773960789.758229,1.9398081302642822,success
14,1773960794.9463475,1773960796.8348632,1.8885157108306885,success
15,1773960802.0461345,1773960803.9279711,1.8818366527557373,success
"sender: client106, message: > hello from client106"
16,1773960809.0265353,1773960811.009018,1.982482671737671,success
"sender: client106, message: > hello from client106"
17,1773960816.1396332,1773960818.0959473,1.9563140869140625,success
"sender: client106, message: > hello from client106"
18,1773960823.239937,1773960825.1837535,1.9438164234161377,success
"sender: client106, message: > hello from client106"
19,1773960830.3415885,1773960832.26305,1.921461582183838,success
"sender: client106, message: > hello from client106"
20,1773960837.4113383,1773960839.398994,1.9876556396484375,success
"sender: client106, message: > hello from client106"
21,1773960844.5238252,1773960846.4883277,1.9645025730133057,success
22,1773960851.649028,1773960853.5514727,1.90244460105896,success
"sender: client106, message: > hello from client106"
23,1773960858.7010245,1773960860.6331089,1.932084321975708,success
"sender: client106, message: > hello from client106"
24,1773960865.7710686,1773960867.719256,1.9481873512268066,success
"sender: client106, message: > hello from client106"
