round,send_time,recv_time,rtt,status
11,1773956243.2390254,1773956245.2742538,2.0352284908294678,success
