round,send_time,recv_time,rtt,status
11,1773956243.236021,1773956245.2737963,2.0377752780914307,success
