round,send_time,recv_time,rtt,status
11,1773956243.229487,1773956245.273725,2.0442380905151367,success
