round,send_time,recv_time,rtt,status
11,1773956243.234301,1773956245.274496,2.0401949882507324,success
