round,send_time,recv_time,rtt,status
11,1773956243.239505,1773956245.273687,2.034181833267212,success
