round,send_time,recv_time,rtt,status
11,1773956243.2305582,1773956245.2742372,2.0436789989471436,success
