round,send_time,recv_time,rtt,status
11,1773956243.235415,1773956245.2732515,2.0378365516662598,success
