round,send_time,recv_time,rtt,status
11,1773956243.238512,1773956245.2738142,2.03530216217041,success
