round,send_time,recv_time,rtt,status
11,1773956243.2364433,1773956245.274481,2.0380377769470215,success
