round,send_time,recv_time,rtt,status
2,1773954788.5860486,1773954790.5220716,1.9360229969024658,success
