round,send_time,recv_time,rtt,status
2,1773954788.5741613,1773954790.5213277,1.9471664428710938,success
