round,send_time,recv_time,rtt,status
44,1773958772.7599459,1773958774.8573,2.0973541736602783,success
45,1773958779.772722,1773958781.883993,2.1112709045410156,success
46,1773958786.796822,1773958788.9062355,2.1094133853912354,success
47,1773958793.8202062,1773958795.8831744,2.0629682540893555,success
48,1773958800.8500843,1773958802.9665067,2.116422414779663,success
"sender: client5, message: > hello"
49,1773958807.8832185,1773958809.9727354,2.0895168781280518,success
"sender: client5, message: > how are you"
50,1773958814.909353,1773958817.0172575,2.1079044342041016,success
"sender: client5, message: > a;lsdkfj;"
51,1773958821.9285913,1773958823.9836466,2.0550553798675537,success
"sender: client5, message: > akdf'"
