round,send_time,recv_time,rtt,status
1,1773954783.4736032,1773954785.5213146,2.0477113723754883,success
2,1773954788.5576746,1773954790.5209756,1.9633009433746338,success
