round,send_time,recv_time,rtt,status
11,1773958540.7208593,1773958542.8307085,2.109849214553833,success
12,1773958547.7452624,1773958549.8568408,2.1115784645080566,success
13,1773958554.7733545,1773958556.8677745,2.0944199562072754,success
14,1773958561.7935953,1773958563.835879,2.042283773422241,success
15,1773958568.8179307,1773958570.9339879,2.1160571575164795,success
16,1773958575.8579516,1773958577.9567227,2.098771095275879,success
17,1773958582.87513,1773958584.989902,2.114772081375122,success
18,1773958589.9028282,1773958592.018654,2.115825891494751,success
19,1773958596.9343154,1773958599.027727,2.093411445617676,success
20,1773958603.9663112,1773958606.097964,2.13165283203125,success
21,1773958611.0062985,1773958613.0528264,2.046527862548828,success
22,1773958618.0281386,1773958620.0799885,2.051849842071533,success
23,1773958625.0543003,1773958627.117808,2.0635077953338623,success
24,1773958632.0889986,1773958634.1348681,2.0458695888519287,success
25,1773958639.1786163,1773958641.267704,2.089087724685669,success
26,1773958646.1811426,1773958648.2928889,2.111746311187744,success
27,1773958653.211187,1773958655.3145764,2.1033895015716553,success
28,1773958660.2299528,1773958662.2826421,2.05268931388855,success
29,1773958667.260963,1773958669.3806756,2.1197125911712646,success
30,1773958674.2981184,1773958676.4056585,2.1075401306152344,success
31,1773958681.322997,1773958683.4334583,2.1104612350463867,success
32,1773958688.3487058,1773958690.4514415,2.102735757827759,success
33,1773958695.447855,1773958697.4394014,1.991546392440796,success
34,1773958702.4614992,1773958704.5619018,2.100402593612671,success
35,1773958709.4843209,1773958711.600946,2.1166250705718994,success
36,1773958716.5098937,1773958718.6208084,2.110914707183838,success
37,1773958723.5392962,1773958725.613327,2.074030876159668,success
38,1773958730.5615902,1773958732.6790266,2.117436408996582,success
39,1773958737.5947793,1773958739.7028885,2.10810923576355,success
40,1773958744.613165,1773958746.6769977,2.0638327598571777,success
41,1773958751.6459236,1773958753.7238023,2.077878713607788,success
