round,send_time,recv_time,rtt,status
2,1773954788.585682,1773954790.5224643,1.9367823600769043,success
