round,send_time,recv_time,rtt,status
2,1773954788.584602,1773954790.5236564,1.939054250717163,success
