round,send_time,recv_time,rtt,status
2,1773954788.5863936,1773954790.5238702,1.937476634979248,success
