round,send_time,recv_time,rtt,status
2,1773954788.5581017,1773954790.5231614,1.965059757232666,success
