round,send_time,recv_time,rtt,status
45,1773958779.774752,1773958781.8512847,2.0765328407287598,success
46,1773958786.7958207,1773958788.9050906,2.109269857406616,success
47,1773958793.8199508,1773958795.8816295,2.061678647994995,success
48,1773958800.8485413,1773958802.9653473,2.1168060302734375,success
49,1773958807.8821156,1773958809.9926991,2.110583543777466,success
50,1773958814.9083087,1773958816.9946573,2.086348533630371,success
51,1773958821.9292,1773958824.0505233,2.121323347091675,success
