round,send_time,recv_time,rtt,status
1,1773958470.4346335,1773958472.5063958,2.0717623233795166,success
2,1773958477.462397,1773958479.574135,2.1117379665374756,success
3,1773958484.4908884,1773958486.606286,2.1153976917266846,success
4,1773958491.5178347,1773958493.6401565,2.122321844100952,success
5,1773958498.549875,1773958500.657082,2.1072070598602295,success
6,1773958505.5743997,1773958507.683921,2.1095213890075684,success
7,1773958512.6090553,1773958514.7190747,2.1100194454193115,success
8,1773958519.6381962,1773958521.7294888,2.0912926197052,success
9,1773958526.6535819,1773958528.7766566,2.123074769973755,success
