round,send_time,recv_time,rtt,status
1,1773953308.5130641,,,missed
1,1773953308.5130641,1773953313.6102343,5.097170114517212,late
2,1773953316.531438,,,missed
2,1773953316.531438,1773953321.5778234,5.046385288238525,late
3,1773953324.5685484,,,missed
3,1773953324.5685484,1773953329.6600618,5.091513395309448,late
4,1773953332.5965905,,,missed
4,1773953332.5965905,1773953337.693746,5.097155570983887,late
5,1773953340.614482,,,missed
5,1773953340.614482,1773953345.7019436,5.087461709976196,late
