round,send_time,recv_time,rtt,status
2,1773954788.585834,1773954790.523062,1.9372279644012451,success
