round,send_time,recv_time,rtt,status
2,1773954788.5572255,1773954790.522763,1.9655375480651855,success
