round,send_time,recv_time,rtt,status
2,1773954788.5790596,1773954790.5235977,1.9445381164550781,success
