round,send_time,recv_time,rtt,status
1,1773955216.5182798,1773955218.5387065,2.0204267501831055,success
