round,send_time,recv_time,rtt,status
1,1773955216.520883,1773955218.506936,1.9860529899597168,success
