round,send_time,recv_time,rtt,status
2,1773955117.900471,1773955119.8403623,1.9398913383483887,success
