round,send_time,recv_time,rtt,status
2,1773955117.9055972,1773955119.8406234,1.9350261688232422,success
