round,send_time,recv_time,rtt,status
1,1773955216.5212972,1773955218.5072298,1.9859325885772705,success
