round,send_time,recv_time,rtt,status
2,1773955117.8872566,1773955119.8404143,1.953157663345337,success
