round,send_time,recv_time,rtt,status
2,1773955117.8968415,1773955119.840828,1.943986415863037,success
