round,send_time,recv_time,rtt,status
1,1773955216.525347,1773955218.5062885,1.9809415340423584,success
