round,send_time,recv_time,rtt,status
1,1773955112.8229394,1773955114.7983127,1.9753732681274414,success
2,1773955117.8907232,1773955119.84226,1.9515366554260254,success
