round,send_time,recv_time,rtt,status
2,1773955117.8831584,1773955119.8381429,1.954984426498413,success
