round,send_time,recv_time,rtt,status
1,1773955298.1330707,1773955300.22718,2.094109296798706,success
2,1773955303.146572,1773955305.241437,2.094864845275879,success
3,1773955308.1726253,1773955310.2122068,2.039581537246704,success
"sender: client2, message: > hello from client2"
4,1773955313.1914062,1773955315.2735689,2.082162618637085,success
"sender: client2, message: > hello from client2"
5,1773955318.2202103,1773955320.3112545,2.0910441875457764,success
6,1773955323.2421923,1773955325.3470104,2.104818105697632,success
"sender: client2, message: > hello from client2"
7,1773955328.2827182,1773955330.3681297,2.085411548614502,success
"sender: client2, message: > hello from client2"
8,1773955333.2976482,1773955335.3540823,2.056434154510498,success
"sender: client2, message: > hello from client2"
9,1773955338.3409743,1773955340.4354491,2.0944747924804688,success
"sender: client2, message: > hello from client2"
10,1773955343.3782423,1773955345.3551967,1.976954460144043,success
"sender: client2, message: > hello from client2"
11,1773955348.389179,1773955350.4856963,2.096517324447632,success
"sender: client2, message: > hello from client2"
12,1773955353.4071448,1773955355.498842,2.0916972160339355,success
"sender: client2, message: > hello from client2"
13,1773955358.4193003,1773955360.5105634,2.0912630558013916,success
"sender: client2, message: > hello from client2"
14,1773955363.467762,1773955365.5420718,2.074309825897217,success
"sender: client2, message: > hello from client2"
15,1773955368.492671,1773955370.5783296,2.085658550262451,success
"sender: client2, message: > hello from client2"
