round,send_time,recv_time,rtt,status
1,1773955112.8241768,1773955114.8007014,1.9765245914459229,success
2,1773955117.8938081,1773955119.8420126,1.948204517364502,success
