round,send_time,recv_time,rtt,status
1,1773955112.81573,1773955114.821017,2.005286931991577,success
2,1773955117.896276,1773955119.8402066,1.9439306259155273,success
