round,send_time,recv_time,rtt,status
1,1773955112.8268492,1773955114.798275,1.9714257717132568,success
2,1773955117.88677,1773955119.838873,1.9521028995513916,success
