round,send_time,recv_time,rtt,status
1,1773955298.1310678,1773955300.2267299,2.0956621170043945,success
2,1773955303.160672,1773955305.2412996,2.080627679824829,success
3,1773955308.171191,1773955310.2121525,2.040961503982544,success
"sender: client5, message: > hello from client5"
4,1773955313.195817,1773955315.2737849,2.077967882156372,success
"sender: client5, message: > hello from client5"
5,1773955318.2184546,1773955320.3119087,2.093454122543335,success
6,1773955323.254668,1773955325.3470657,2.092397689819336,success
"sender: client5, message: > hello from client5"
7,1773955328.2762911,1773955330.368232,2.0919408798217773,success
8,1773955333.2954261,1773955335.3538847,2.0584585666656494,success
"sender: client5, message: > hello from client5"
9,1773955338.343407,1773955340.435507,2.092100143432617,success
"sender: client5, message: > hello from client5"
10,1773955343.3788674,1773955345.3552315,1.9763641357421875,success
11,1773955348.3821537,1773955350.4852333,2.1030795574188232,success
"sender: client5, message: > hello from client5"
12,1773955353.4160688,1773955355.498828,2.082759141921997,success
"sender: client5, message: > hello from client5"
13,1773955358.4201808,1773955360.5093884,2.089207649230957,success
"sender: client5, message: > hello from client5"
14,1773955363.4670932,1773955365.54227,2.07517671585083,success
15,1773955368.488223,1773955370.5794435,2.0912203788757324,success
"sender: client5, message: > hello from client5"
