round,send_time,recv_time,rtt,status
2,1773955117.904962,1773955119.8387983,1.9338362216949463,success
