round,send_time,recv_time,rtt,status
1,1773955112.830206,1773955114.7985997,1.9683938026428223,success
2,1773955117.8713021,1773955119.8376038,1.966301679611206,success
