round,send_time,recv_time,rtt,status
1,1773955216.517732,1773955218.5387766,2.0210447311401367,success
