round,send_time,recv_time,rtt,status
1,1773955216.5250382,1773955218.50719,1.982151746749878,success
