round,send_time,recv_time,rtt,status
1,1773955216.520067,1773955218.5060594,1.985992431640625,success
