round,send_time,recv_time,rtt,status
1,1773955112.8169675,1773955114.7998862,1.9829187393188477,success
2,1773955117.8662965,1773955119.8399897,1.9736931324005127,success
