round,send_time,recv_time,rtt,status
2,1773955117.8998904,1773955119.8422074,1.942317008972168,success
