round,send_time,recv_time,rtt,status
1,1773955216.5276003,1773955218.5064926,1.9788923263549805,success
