round,send_time,recv_time,rtt,status
1,1773955112.82121,1773955114.7993956,1.9781856536865234,success
2,1773955117.897459,1773955119.8397114,1.9422523975372314,success
