round,send_time,recv_time,rtt,status
2,1773955117.9047887,1773955119.8422787,1.9374899864196777,success
