round,send_time,recv_time,rtt,status
2,1773955117.8940587,1773955119.8443415,1.9502828121185303,success
