round,send_time,recv_time,rtt,status
2,1773955117.895803,1773955119.839637,1.9438340663909912,success
