round,send_time,recv_time,rtt,status
1,1773955216.529817,1773955218.5064633,1.9766461849212646,success
