round,send_time,recv_time,rtt,status
2,1773955117.8827705,1773955119.8381157,1.9553451538085938,success
