round,send_time,recv_time,rtt,status
2,1773955117.900189,1773955119.8420439,1.9418549537658691,success
