round,send_time,recv_time,rtt,status
2,1773955117.897399,1773955119.838099,1.9407000541687012,success
