round,send_time,recv_time,rtt,status
1,1773955216.5264113,1773955218.5069768,1.9805655479431152,success
