round,send_time,recv_time,rtt,status
1,1773955112.8083737,1773955114.819945,2.0115714073181152,success
2,1773955117.9065728,1773955119.839565,1.9329922199249268,success
