round,send_time,recv_time,rtt,status
1,1773955112.8303018,1773955114.8007412,1.9704394340515137,success
2,1773955117.9007459,1773955119.8391623,1.9384164810180664,success
