round,send_time,recv_time,rtt,status
2,1773955117.868146,1773955119.8392642,1.9711182117462158,success
