round,send_time,recv_time,rtt,status
1,1773955112.8256452,1773955114.7999156,1.9742703437805176,success
2,1773955117.9021683,1773955119.840341,1.9381728172302246,success
