round,send_time,recv_time,rtt,status
1,1773955216.5269053,1773955218.5063157,1.9794104099273682,success
