round,send_time,recv_time,rtt,status
2,1773955117.8990786,1773955119.8433099,1.9442312717437744,success
