round,send_time,recv_time,rtt,status
2,1773955117.9024663,1773955119.842234,1.939767599105835,success
