round,send_time,recv_time,rtt,status
1,1773955298.1322422,1773955300.226297,2.094054698944092,success
2,1773955303.1461596,1773955305.2417045,2.0955448150634766,success
3,1773955308.165345,1773955310.212194,2.046849012374878,success
"sender: client9, message: > hello from client9"
4,1773955313.1982079,1773955315.27384,2.075632095336914,success
"sender: client9, message: > hello from client9"
5,1773955318.2164907,1773955320.3113782,2.0948874950408936,success
6,1773955323.2479358,1773955325.3470411,2.0991053581237793,success
"sender: client9, message: > hello from client9"
7,1773955328.2769039,1773955330.3681648,2.0912609100341797,success
"sender: client9, message: > hello from client9"
8,1773955333.298075,1773955335.3540068,2.055931806564331,success
"sender: client9, message: > hello from client9"
9,1773955338.3316762,1773955340.4353168,2.103640556335449,success
"sender: client9, message: > hello from client9"
10,1773955343.3789399,1773955345.3552861,1.9763462543487549,success
11,1773955348.389406,1773955350.485459,2.096053123474121,success
"sender: client9, message: > hello from client9"
12,1773955353.4097507,1773955355.4987898,2.0890390872955322,success
"sender: client9, message: > hello from client9"
13,1773955358.4140441,1773955360.509756,2.0957119464874268,success
"sender: client9, message: > hello from client9"
14,1773955363.4691312,1773955365.5415719,2.0724406242370605,success
"sender: client9, message: > hello from client9"
15,1773955368.489945,1773955370.5791538,2.0892088413238525,success
"sender: client9, message: > hello from client9"
