round,send_time,recv_time,rtt,status
1,1773955112.8160665,1773955114.82,2.0039334297180176,success
2,1773955117.8928742,1773955119.8427665,1.949892282485962,success
