round,send_time,recv_time,rtt,status
1,1773955216.518983,1773955218.5387979,2.019814968109131,success
