round,send_time,recv_time,rtt,status
1,1773955112.8047955,1773955114.8200126,2.0152170658111572,success
2,1773955117.900765,1773955119.8403196,1.9395546913146973,success
