round,send_time,recv_time,rtt,status
1,1773955298.12699,1773955300.2270205,2.1000304222106934,success
2,1773955303.1631496,1773955305.2413971,2.078247547149658,success
3,1773955308.1633694,1773955310.2122173,2.0488479137420654,success
"sender: client6, message: > hello from client6"
4,1773955313.189682,1773955315.2737076,2.0840256214141846,success
5,1773955318.2193618,1773955320.3120089,2.092647075653076,success
"sender: client6, message: > hello from client6"
6,1773955323.2474856,1773955325.3469813,2.0994956493377686,success
"sender: client6, message: > hello from client6"
7,1773955328.2777514,1773955330.3683176,2.0905661582946777,success
8,1773955333.3001952,1773955335.3540282,2.0538330078125,success
"sender: client6, message: > hello from client6"
9,1773955338.3441103,1773955340.4357886,2.0916783809661865,success
10,1773955343.3788223,1773955345.3550832,1.9762609004974365,success
"sender: client6, message: > hello from client6"
11,1773955348.380712,1773955350.4848895,2.104177474975586,success
"sender: client6, message: > hello from client6"
12,1773955353.4188297,1773955355.4988832,2.0800535678863525,success
13,1773955358.4174716,1773955360.5106294,2.0931577682495117,success
"sender: client6, message: > hello from client6"
14,1773955363.4642415,1773955365.5418656,2.0776240825653076,success
15,1773955368.4842553,1773955370.5779424,2.093687057495117,success
"sender: client6, message: > hello from client6"
