round,send_time,recv_time,rtt,status
2,1773955117.8752015,1773955119.839203,1.9640014171600342,success
