round,send_time,recv_time,rtt,status
1,1773955216.5223393,1773955218.5064523,1.9841129779815674,success
