round,send_time,recv_time,rtt,status
2,1773955117.905261,1773955119.844046,1.9387850761413574,success
