round,send_time,recv_time,rtt,status
1,1773955298.1290872,1773955300.226615,2.0975277423858643,success
2,1773955303.1592712,1773955305.2409856,2.081714391708374,success
"sender: client8, message: > hello from client8"
3,1773955308.1672993,1773955310.2120225,2.0447232723236084,success
"sender: client8, message: > hello from client8"
4,1773955313.193798,1773955315.2736628,2.079864740371704,success
5,1773955318.2278898,1773955320.3115623,2.083672523498535,success
"sender: client8, message: > hello from client8"
6,1773955323.2521422,1773955325.3469486,2.094806432723999,success
"sender: client8, message: > hello from client8"
7,1773955328.2757475,1773955330.3683577,2.0926101207733154,success
8,1773955333.2985134,1773955335.3539414,2.0554280281066895,success
"sender: client8, message: > hello from client8"
9,1773955338.3285637,1773955340.4356914,2.1071276664733887,success
"sender: client8, message: > hello from client8"
10,1773955343.3790512,1773955345.3553238,1.9762725830078125,success
11,1773955348.3887095,1773955350.4853487,2.0966391563415527,success
"sender: client8, message: > hello from client8"
12,1773955353.4073093,1773955355.4988585,2.0915491580963135,success
"sender: client8, message: > hello from client8"
13,1773955358.420626,1773955360.5094466,2.088820695877075,success
"sender: client8, message: > hello from client8"
14,1773955363.465072,1773955365.5423334,2.077261447906494,success
"sender: client8, message: > hello from client8"
15,1773955368.4860854,1773955370.5788693,2.0927839279174805,success
"sender: client8, message: > hello from client8"
