round,send_time,recv_time,rtt,status
1,1773955216.524571,1773955218.505991,1.9814200401306152,success
