round,send_time,recv_time,rtt,status
1,1773955216.5195694,1773955218.5061026,1.9865331649780273,success
