round,send_time,recv_time,rtt,status
1,1773955112.8236597,1773955114.7994816,1.9758219718933105,success
2,1773955117.8658412,1773955119.8406606,1.9748194217681885,success
