round,send_time,recv_time,rtt,status
1,1773955450.712081,1773955452.769558,2.0574769973754883,success
