round,send_time,recv_time,rtt,status
1,1773955450.708246,1773955452.7694702,2.0612242221832275,success
