round,send_time,recv_time,rtt,status
1,1773955450.7101579,1773955452.7695794,2.0594215393066406,success
