round,send_time,recv_time,rtt,status
1,1773955450.7021115,1773955452.7698884,2.067776918411255,success
