round,send_time,recv_time,rtt,status
1,1773955450.7035813,1773955452.7699628,2.0663814544677734,success
