round,send_time,recv_time,rtt,status
2,1773954788.5806074,1773954790.5233386,1.9427311420440674,success
