round,send_time,recv_time,rtt,status
1,1773966711.6412046,1773966713.6354606,1.9942560195922852,success
2,1773966718.730175,1773966720.701737,1.9715619087219238,success
3,1773966725.7795608,1773966727.786729,2.0071682929992676,success
"sender: client38, message: > hello from client38"
4,1773966732.8355947,1773966734.8500316,2.014436960220337,success
"sender: client38, message: > hello from client38"
5,1773966739.9445057,1773966741.9230938,1.9785881042480469,success
"sender: client38, message: > hello from client38"
6,1773966746.9952111,1773966748.9960456,2.0008344650268555,success
"sender: client38, message: > hello from client38"
7,1773966754.043536,1773966756.0665288,2.0229928493499756,success
"sender: client38, message: > hello from client38"
8,1773966761.1430728,1773966763.1659327,2.022859811782837,success
"sender: client38, message: > hello from client38"
9,1773966768.2999294,1773966770.2310653,1.931135892868042,success
10,1773966775.2771676,1773966777.2976172,2.020449638366699,success
"sender: client38, message: > hello from client38"
11,1773966782.3600128,1773966784.3631744,2.003161668777466,success
"sender: client38, message: > hello from client38"
12,1773966789.4383342,1773966791.433815,1.9954807758331299,success
"sender: client38, message: > hello from client38"
13,1773966796.5115948,1773966798.516663,2.005068302154541,success
"sender: client38, message: > hello from client38"
14,1773966803.6120322,1773966805.6123517,2.000319480895996,success
"sender: client38, message: > hello from client38"
15,1773966810.6809201,1773966812.6821575,2.001237392425537,success
"sender: client38, message: > hello from client38"
16,1773966817.7384005,1773966819.8184917,2.0800912380218506,success
"sender: client38, message: > hello from client38"
17,1773966824.9055426,1773966826.8858442,1.9803016185760498,success
"sender: client38, message: > hello from client38"
18,1773966831.9526129,1773966833.9650283,2.0124154090881348,success
"sender: client38, message: > hello from client38"
19,1773966839.060283,1773966841.052523,1.9922399520874023,success
"sender: client38, message: > hello from client38"
20,1773966846.134032,1773966848.134572,2.000540018081665,success
"sender: client38, message: > hello from client38"
