round,send_time,recv_time,rtt,status
1,1773966711.5978785,1773966713.6357965,2.0379180908203125,success
2,1773966718.737976,1773966720.7003129,1.962336778640747,success
3,1773966725.7788157,1773966727.7865534,2.007737636566162,success
"sender: client32, message: > hello from client32"
4,1773966732.833593,1773966734.8481767,2.0145838260650635,success
"sender: client32, message: > hello from client32"
5,1773966739.943534,1773966741.9212809,1.9777469635009766,success
"sender: client32, message: > hello from client32"
6,1773966746.988958,1773966748.993503,2.004545211791992,success
"sender: client32, message: > hello from client32"
7,1773966754.0690744,1773966756.0654979,1.9964234828948975,success
"sender: client32, message: > hello from client32"
8,1773966761.1439812,1773966763.1657372,2.0217559337615967,success
"sender: client32, message: > hello from client32"
9,1773966768.2641666,1773966770.231705,1.9675383567810059,success
"sender: client32, message: > hello from client32"
10,1773966775.2822406,1773966777.2988684,2.016627788543701,success
"sender: client32, message: > hello from client32"
11,1773966782.362136,1773966784.3648064,2.0026705265045166,success
"sender: client32, message: > hello from client32"
12,1773966789.4422538,1773966791.4327185,1.990464687347412,success
"sender: client32, message: > hello from client32"
13,1773966796.5123727,1773966798.5177388,2.005366086959839,success
"sender: client32, message: > hello from client32"
14,1773966803.6190484,1773966805.610451,1.9914026260375977,success
"sender: client32, message: > hello from client32"
15,1773966810.6723387,1773966812.6821084,2.0097696781158447,success
"sender: client32, message: > hello from client32"
16,1773966817.8433902,1773966819.816757,1.9733667373657227,success
"sender: client32, message: > hello from client32"
17,1773966824.9048636,1773966826.8876104,1.9827468395233154,success
"sender: client32, message: > hello from client32"
18,1773966831.971869,1773966833.9657457,1.9938766956329346,success
"sender: client32, message: > hello from client32"
19,1773966839.056782,1773966841.0528643,1.9960823059082031,success
"sender: client32, message: > hello from client32"
20,1773966846.1229188,1773966848.13248,2.009561061859131,success
"sender: client32, message: > hello from client32"
