round,send_time,recv_time,rtt,status
1,1773966711.6492527,1773966713.6333747,1.9841220378875732,success
2,1773966718.7177985,1773966720.7001455,1.982347011566162,success
3,1773966725.7926276,1773966727.788039,1.9954113960266113,success
"sender: client30, message: > hello from client30"
4,1773966732.8317707,1773966734.8500865,2.0183157920837402,success
"sender: client30, message: > hello from client30"
5,1773966739.9345183,1773966741.9227722,1.9882538318634033,success
"sender: client30, message: > hello from client30"
6,1773966746.9931357,1773966748.9964437,2.003308057785034,success
"sender: client30, message: > hello from client30"
7,1773966754.0601017,1773966756.0648928,2.004791021347046,success
"sender: client30, message: > hello from client30"
8,1773966761.144488,1773966763.1653395,2.0208513736724854,success
"sender: client30, message: > hello from client30"
9,1773966768.26949,1773966770.2314808,1.9619908332824707,success
"sender: client30, message: > hello from client30"
10,1773966775.2819676,1773966777.2970004,2.0150327682495117,success
"sender: client30, message: > hello from client30"
11,1773966782.3486657,1773966784.3662791,2.017613410949707,success
"sender: client30, message: > hello from client30"
12,1773966789.4478648,1773966791.4354806,1.9876158237457275,success
"sender: client30, message: > hello from client30"
13,1773966796.502558,1773966798.5178921,2.015334129333496,success
"sender: client30, message: > hello from client30"
14,1773966803.6156263,1773966805.60945,1.993823766708374,success
"sender: client30, message: > hello from client30"
15,1773966810.661657,1773966812.678959,2.0173017978668213,success
"sender: client30, message: > hello from client30"
16,1773966817.841106,1773966819.8178737,1.9767677783966064,success
"sender: client30, message: > hello from client30"
17,1773966824.905768,1773966826.887175,1.9814071655273438,success
"sender: client30, message: > hello from client30"
18,1773966831.9562547,1773966833.9653318,2.0090770721435547,success
"sender: client30, message: > hello from client30"
19,1773966839.0579143,1773966841.0518448,1.9939305782318115,success
"sender: client30, message: > hello from client30"
20,1773966846.1342576,1773966848.1342769,2.0000193119049072,success
"sender: client30, message: > hello from client30"
