round,send_time,recv_time,rtt,status
2,1773958230.1633,1773958232.1738474,2.010547399520874,success
3,1773958237.2269435,1773958239.1847327,1.9577891826629639,success
4,1773958244.246574,1773958246.2310805,1.984506607055664,success
"sender: client22, message: > hello from client22"
5,1773958251.305468,1773958253.2698946,1.9644265174865723,success
"sender: client22, message: > hello from client22"
6,1773958258.3335783,1773958260.322961,1.9893827438354492,success
"sender: client22, message: > hello from client22"
7,1773958265.392085,1773958267.363592,1.9715068340301514,success
"sender: client22, message: > hello from client22"
8,1773958272.416619,1773958274.4301448,2.0135257244110107,success
9,1773958279.5256484,1773958281.4802403,1.954591989517212,success
"sender: client22, message: > hello from client22"
10,1773958286.5339742,1773958288.5222201,1.988245964050293,success
"sender: client22, message: > hello from client22"
11,1773958293.5716367,1773958295.5858943,2.0142576694488525,success
12,1773958300.6368153,1773958302.6109896,1.9741742610931396,success
"sender: client22, message: > hello from client22"
13,1773958307.6767104,1773958309.6635003,1.9867899417877197,success
"sender: client22, message: > hello from client22"
14,1773958314.7149096,1773958316.7349787,2.020069122314453,success
"sender: client22, message: > hello from client22"
15,1773958321.7772143,1773958323.7539666,1.9767522811889648,success
16,1773958328.8082051,1773958330.789761,1.9815559387207031,success
"sender: client22, message: > hello from client22"
17,1773958335.8979971,1773958337.841724,1.9437267780303955,success
"sender: client22, message: > hello from client22"
18,1773958342.9122558,1773958344.891447,1.9791913032531738,success
"sender: client22, message: > hello from client22"
19,1773958349.9648342,1773958351.9391603,1.9743261337280273,success
"sender: client22, message: > hello from client22"
20,1773958357.012256,1773958358.9850175,1.972761631011963,success
"sender: client22, message: > hello from client22"
