round,send_time,recv_time,rtt,status
2,1773958230.2038136,1773958232.177865,1.9740514755249023,success
3,1773958237.2030268,1773958239.1842148,1.9811880588531494,success
4,1773958244.2447321,1773958246.232042,1.9873099327087402,success
"sender: client11, message: > hello from client11"
5,1773958251.3010404,1773958253.2690263,1.9679858684539795,success
6,1773958258.3399024,1773958260.3208244,1.980921983718872,success
"sender: client11, message: > hello from client11"
7,1773958265.378355,1773958267.366629,1.9882738590240479,success
"sender: client11, message: > hello from client11"
8,1773958272.4384766,1773958274.4209976,1.9825210571289062,success
"sender: client11, message: > hello from client11"
9,1773958279.5284135,1773958281.4794984,1.951084852218628,success
"sender: client11, message: > hello from client11"
10,1773958286.536479,1773958288.5219555,1.9854764938354492,success
11,1773958293.5856717,1773958295.5688932,1.9832215309143066,success
"sender: client11, message: > hello from client11"
12,1773958300.6305413,1773958302.6116316,1.9810903072357178,success
"sender: client11, message: > hello from client11"
13,1773958307.688922,1773958309.6671515,1.9782295227050781,success
"sender: client11, message: > hello from client11"
14,1773958314.8209898,1773958316.730892,1.9099020957946777,success
"sender: client11, message: > hello from client11"
15,1773958321.7729096,1773958323.7532628,1.9803531169891357,success
"sender: client11, message: > hello from client11"
16,1773958328.8107038,1773958330.7901597,1.9794559478759766,success
"sender: client11, message: > hello from client11"
17,1773958335.8956344,1773958337.8412926,1.9456582069396973,success
"sender: client11, message: > hello from client11"
18,1773958342.914708,1773958344.8879478,1.9732398986816406,success
"sender: client11, message: > hello from client11"
19,1773958349.9634075,1773958351.9402685,1.9768610000610352,success
20,1773958356.9981854,1773958358.9814026,1.9832172393798828,success
"sender: client11, message: > hello from client11"
