round,send_time,recv_time,rtt,status
1,1773966711.6563668,1773966713.6336687,1.977301836013794,success
2,1773966718.7358227,1773966720.699834,1.9640114307403564,success
3,1773966725.770597,1773966727.7875726,2.0169756412506104,success
"sender: client31, message: > hello from client31"
4,1773966732.8423529,1773966734.8494217,2.0070688724517822,success
"sender: client31, message: > hello from client31"
5,1773966739.9304307,1773966741.9209962,1.990565538406372,success
"sender: client31, message: > hello from client31"
6,1773966746.983524,1773966748.9934645,2.0099403858184814,success
"sender: client31, message: > hello from client31"
7,1773966754.0610256,1773966756.0656521,2.004626512527466,success
"sender: client31, message: > hello from client31"
8,1773966761.1415753,1773966763.1658633,2.0242879390716553,success
"sender: client31, message: > hello from client31"
9,1773966768.269377,1773966770.2294059,1.960028886795044,success
"sender: client31, message: > hello from client31"
10,1773966775.281578,1773966777.2971961,2.015618085861206,success
"sender: client31, message: > hello from client31"
11,1773966782.360888,1773966784.3628867,2.0019986629486084,success
"sender: client31, message: > hello from client31"
12,1773966789.4522102,1773966791.4326959,1.9804856777191162,success
"sender: client31, message: > hello from client31"
13,1773966796.5051217,1773966798.5176888,2.0125670433044434,success
"sender: client31, message: > hello from client31"
14,1773966803.6142688,1773966805.6095452,1.9952764511108398,success
"sender: client31, message: > hello from client31"
15,1773966810.6822033,1773966812.6817153,1.999511957168579,success
"sender: client31, message: > hello from client31"
16,1773966817.8269703,1773966819.8173313,1.990360975265503,success
"sender: client31, message: > hello from client31"
17,1773966824.906923,1773966826.8874218,1.9804987907409668,success
"sender: client31, message: > hello from client31"
18,1773966831.968045,1773966833.965003,1.9969580173492432,success
"sender: client31, message: > hello from client31"
19,1773966839.0584054,1773966841.0497098,1.9913043975830078,success
"sender: client31, message: > hello from client31"
20,1773966846.1340656,1773966848.1346667,2.000601053237915,success
"sender: client31, message: > hello from client31"
