round,send_time,recv_time,rtt,status
2,1773958230.2096374,1773958232.1737082,1.9640707969665527,success
3,1773958237.2255657,1773958239.1841838,1.9586181640625,success
"sender: client10, message: > hello from client10"
4,1773958244.253898,1773958246.2336552,1.979757308959961,success
"sender: client10, message: > hello from client10"
5,1773958251.3114216,1773958253.269231,1.9578094482421875,success
"sender: client10, message: > hello from client10"
6,1773958258.341675,1773958260.320853,1.9791779518127441,success
"sender: client10, message: > hello from client10"
7,1773958265.3906024,1773958267.3634465,1.972844123840332,success
"sender: client10, message: > hello from client10"
8,1773958272.4222112,1773958274.429864,2.007652759552002,success
"sender: client10, message: > hello from client10"
9,1773958279.5297785,1773958281.4795394,1.949760913848877,success
"sender: client10, message: > hello from client10"
10,1773958286.533187,1773958288.5214608,1.9882738590240479,success
11,1773958293.5789714,1773958295.5860567,2.0070853233337402,success
"sender: client10, message: > hello from client10"
12,1773958300.6404498,1773958302.6110868,1.9706370830535889,success
"sender: client10, message: > hello from client10"
13,1773958307.6672254,1773958309.6803436,2.013118267059326,success
"sender: client10, message: > hello from client10"
14,1773958314.8227031,1773958316.7278416,1.9051384925842285,success
"sender: client10, message: > hello from client10"
15,1773958321.7836342,1773958323.7543652,1.9707310199737549,success
"sender: client10, message: > hello from client10"
16,1773958328.8256116,1773958330.7893164,1.9637048244476318,success
"sender: client10, message: > hello from client10"
17,1773958335.8949904,1773958337.842083,1.9470925331115723,success
"sender: client10, message: > hello from client10"
18,1773958342.9184449,1773958344.8879743,1.969529390335083,success
"sender: client10, message: > hello from client10"
19,1773958349.9619045,1773958351.939684,1.9777793884277344,success
20,1773958357.0012066,1773958358.9852989,1.9840922355651855,success
"sender: client10, message: > hello from client10"
