round,send_time,recv_time,rtt,status
2,1773958230.1989717,1773958232.138369,1.9393973350524902,success
3,1773958237.2367597,1773958239.1851282,1.9483685493469238,success
"sender: client28, message: > hello from client28"
4,1773958244.2359846,1773958246.2486522,2.012667655944824,success
"sender: client28, message: > hello from client28"
5,1773958251.3080845,1773958253.2704566,1.962372064590454,success
"sender: client28, message: > hello from client28"
6,1773958258.3442364,1773958260.3236,1.9793636798858643,success
"sender: client28, message: > hello from client28"
7,1773958265.392423,1773958267.3650115,1.9725885391235352,success
"sender: client28, message: > hello from client28"
8,1773958272.4361992,1773958274.4303904,1.9941911697387695,success
"sender: client28, message: > hello from client28"
9,1773958279.528844,1773958281.480618,1.9517738819122314,success
"sender: client28, message: > hello from client28"
10,1773958286.5374732,1773958288.5215793,1.9841060638427734,success
"sender: client28, message: > hello from client28"
11,1773958293.5982468,1773958295.5681818,1.9699349403381348,success
12,1773958300.6386888,1773958302.6129782,1.9742894172668457,success
"sender: client28, message: > hello from client28"
13,1773958307.688782,1773958309.6649983,1.9762163162231445,success
"sender: client28, message: > hello from client28"
14,1773958314.8218417,1773958316.7300138,1.9081721305847168,success
"sender: client28, message: > hello from client28"
15,1773958321.7824728,1773958323.7557847,1.9733119010925293,success
"sender: client28, message: > hello from client28"
16,1773958328.821037,1773958330.7887278,1.9676907062530518,success
"sender: client28, message: > hello from client28"
17,1773958335.8965514,1773958337.8414848,1.9449334144592285,success
18,1773958342.8902023,1773958344.9060395,2.0158371925354004,success
"sender: client28, message: > hello from client28"
19,1773958349.9450614,1773958351.9382348,1.993173360824585,success
"sender: client28, message: > hello from client28"
20,1773958357.0057921,1773958358.985492,1.9796998500823975,success
"sender: client28, message: > hello from client28"
