round,send_time,recv_time,rtt,status
2,1773958230.211547,1773958232.1735027,1.9619557857513428,success
3,1773958237.2406201,1773958239.185498,1.9448778629302979,success
4,1773958244.252876,1773958246.232789,1.9799129962921143,success
"sender: client27, message: > hello from client27"
5,1773958251.3037424,1773958253.269672,1.9659295082092285,success
"sender: client27, message: > hello from client27"
6,1773958258.344736,1773958260.3210154,1.9762792587280273,success
"sender: client27, message: > hello from client27"
7,1773958265.3920336,1773958267.3671172,1.975083589553833,success
"sender: client27, message: > hello from client27"
8,1773958272.4324152,1773958274.430183,1.997767686843872,success
"sender: client27, message: > hello from client27"
9,1773958279.5232024,1773958281.4808106,1.9576082229614258,success
"sender: client27, message: > hello from client27"
10,1773958286.5337782,1773958288.5583744,2.0245962142944336,success
"sender: client27, message: > hello from client27"
11,1773958293.5968997,1773958295.56657,1.969670295715332,success
"sender: client27, message: > hello from client27"
12,1773958300.636866,1773958302.6110194,1.9741532802581787,success
"sender: client27, message: > hello from client27"
13,1773958307.6730516,1773958309.6631584,1.9901068210601807,success
"sender: client27, message: > hello from client27"
14,1773958314.8122108,1773958316.7308362,1.9186253547668457,success
"sender: client27, message: > hello from client27"
15,1773958321.7788603,1773958323.7533596,1.974499225616455,success
"sender: client27, message: > hello from client27"
16,1773958328.808094,1773958330.788481,1.9803869724273682,success
"sender: client27, message: > hello from client27"
17,1773958335.8966324,1773958337.841328,1.9446954727172852,success
"sender: client27, message: > hello from client27"
18,1773958342.915504,1773958344.8904068,1.974902868270874,success
"sender: client27, message: > hello from client27"
19,1773958349.964013,1773958351.9388616,1.9748485088348389,success
"sender: client27, message: > hello from client27"
20,1773958357.0043554,1773958358.9842494,1.9798939228057861,success
"sender: client27, message: > hello from client27"
