round,send_time,recv_time,rtt,status
2,1773954788.573131,1773954790.5231063,1.9499752521514893,success
