round,send_time,recv_time,rtt,status
1,1773966711.64613,1773966713.6340008,1.987870693206787,success
2,1773966718.6841414,1773966720.700708,2.016566514968872,success
3,1773966725.7995002,1773966727.7856152,1.9861149787902832,success
"sender: client2, message: > hello from client2"
4,1773966732.841107,1773966734.8478148,2.0067079067230225,success
"sender: client2, message: > hello from client2"
5,1773966739.9413755,1773966741.921582,1.9802064895629883,success
"sender: client2, message: > hello from client2"
6,1773966746.9820821,1773966748.9925828,2.01050066947937,success
"sender: client2, message: > hello from client2"
7,1773966754.0698078,1773966756.0653791,1.9955713748931885,success
"sender: client2, message: > hello from client2"
8,1773966761.138109,1773966763.1614232,2.0233142375946045,success
"sender: client2, message: > hello from client2"
9,1773966768.2781668,1773966770.2280266,1.949859857559204,success
"sender: client2, message: > hello from client2"
10,1773966775.2820864,1773966777.2988372,2.0167508125305176,success
"sender: client2, message: > hello from client2"
11,1773966782.3538523,1773966784.3649287,2.0110764503479004,success
"sender: client2, message: > hello from client2"
12,1773966789.4407527,1773966791.4318998,1.9911470413208008,success
"sender: client2, message: > hello from client2"
13,1773966796.503719,1773966798.5177875,2.014068365097046,success
"sender: client2, message: > hello from client2"
14,1773966803.6115048,1773966805.6090693,1.9975645542144775,success
"sender: client2, message: > hello from client2"
15,1773966810.6780286,1773966812.678476,2.0004475116729736,success
"sender: client2, message: > hello from client2"
16,1773966817.8302128,1773966819.8129065,1.9826936721801758,success
"sender: client2, message: > hello from client2"
17,1773966824.8985581,1773966826.8830762,1.984518051147461,success
"sender: client2, message: > hello from client2"
18,1773966831.9611342,1773966833.9652956,2.0041613578796387,success
"sender: client2, message: > hello from client2"
19,1773966839.05383,1773966841.0494554,1.9956254959106445,success
"sender: client2, message: > hello from client2"
20,1773966846.1209865,1773966848.132339,2.0113525390625,success
"sender: client2, message: > hello from client2"
