round,send_time,recv_time,rtt,status
1,1773966711.6465862,1773966713.635412,1.988825798034668,success
2,1773966718.741563,1773966720.7010708,1.959507703781128,success
3,1773966725.7899356,1773966727.7873225,1.9973869323730469,success
"sender: client33, message: > hello from client33"
4,1773966732.836577,1773966734.8481526,2.011575698852539,success
"sender: client33, message: > hello from client33"
5,1773966739.934288,1773966741.9218378,1.9875497817993164,success
"sender: client33, message: > hello from client33"
6,1773966746.9907398,1773966748.9934852,2.0027453899383545,success
"sender: client33, message: > hello from client33"
7,1773966754.0681846,1773966756.0648267,1.9966421127319336,success
"sender: client33, message: > hello from client33"
8,1773966761.1366422,1773966763.165753,2.0291106700897217,success
"sender: client33, message: > hello from client33"
9,1773966768.269383,1773966770.2317247,1.9623417854309082,success
"sender: client33, message: > hello from client33"
10,1773966775.2827163,1773966777.2991438,2.016427516937256,success
"sender: client33, message: > hello from client33"
11,1773966782.3624904,1773966784.3662496,2.0037591457366943,success
"sender: client33, message: > hello from client33"
12,1773966789.4487088,1773966791.4358058,1.9870970249176025,success
"sender: client33, message: > hello from client33"
13,1773966796.4941683,1773966798.5163953,2.0222270488739014,success
"sender: client33, message: > hello from client33"
14,1773966803.6199114,1773966805.6095223,1.9896109104156494,success
"sender: client33, message: > hello from client33"
15,1773966810.6824763,1773966812.6818204,1.9993441104888916,success
"sender: client33, message: > hello from client33"
16,1773966817.7389357,1773966819.8161871,2.077251434326172,success
"sender: client33, message: > hello from client33"
17,1773966824.9069486,1773966826.885665,1.9787163734436035,success
"sender: client33, message: > hello from client33"
18,1773966831.9708667,1773966833.9653978,1.9945311546325684,success
"sender: client33, message: > hello from client33"
19,1773966839.0590155,1773966841.0501559,1.991140365600586,success
"sender: client33, message: > hello from client33"
20,1773966846.133319,1773966848.1331203,1.9998013973236084,success
"sender: client33, message: > hello from client33"
