round,send_time,recv_time,rtt,status
2,1773954788.5747392,1773954790.5230246,1.9482853412628174,success
