round,send_time,recv_time,rtt,status
1,1773966711.655153,1773966713.6358638,1.980710744857788,success
2,1773966718.7386665,1773966720.7004318,1.9617652893066406,success
3,1773966725.7888563,1773966727.7850518,1.9961955547332764,success
"sender: client5, message: > hello from client5"
4,1773966732.8374755,1773966734.8478434,2.0103678703308105,success
"sender: client5, message: > hello from client5"
5,1773966739.9381845,1773966741.921113,1.9829285144805908,success
"sender: client5, message: > hello from client5"
6,1773966746.9891586,1773966748.9926035,2.0034449100494385,success
"sender: client5, message: > hello from client5"
7,1773966754.0582402,1773966756.0628974,2.00465726852417,success
"sender: client5, message: > hello from client5"
8,1773966761.1376781,1773966763.1625674,2.0248892307281494,success
"sender: client5, message: > hello from client5"
9,1773966768.2694046,1773966770.2318416,1.9624369144439697,success
"sender: client5, message: > hello from client5"
10,1773966775.2776327,1773966777.2982843,2.0206515789031982,success
"sender: client5, message: > hello from client5"
11,1773966782.3549469,1773966784.3634164,2.008469581604004,success
"sender: client5, message: > hello from client5"
12,1773966789.4335167,1773966791.4360046,2.002487897872925,success
"sender: client5, message: > hello from client5"
13,1773966796.5116365,1773966798.5155203,2.0038838386535645,success
"sender: client5, message: > hello from client5"
14,1773966803.615306,1773966805.6100843,1.9947783946990967,success
"sender: client5, message: > hello from client5"
15,1773966810.6729343,1773966812.679842,2.0069077014923096,success
"sender: client5, message: > hello from client5"
16,1773966817.735934,1773966819.819949,2.084014892578125,success
"sender: client5, message: > hello from client5"
17,1773966824.8993113,1773966826.8833458,1.984034538269043,success
"sender: client5, message: > hello from client5"
18,1773966831.9685,1773966833.9648077,1.9963078498840332,success
"sender: client5, message: > hello from client5"
19,1773966839.0566897,1773966841.0524247,1.9957349300384521,success
"sender: client5, message: > hello from client5"
20,1773966846.12447,1773966848.1327863,2.0083162784576416,success
"sender: client5, message: > hello from client5"
