round,send_time,recv_time,rtt,status
2,1773958230.2067788,1773958232.1758468,1.9690680503845215,success
3,1773958237.1854863,1773958239.2009592,2.015472888946533,success
"sender: client43, message: > hello from client43"
4,1773958244.2605612,1773958246.2314806,1.9709193706512451,success
5,1773958251.3088984,1773958253.2718585,1.9629600048065186,success
"sender: client43, message: > hello from client43"
6,1773958258.3401678,1773958260.3236482,1.983480453491211,success
"sender: client43, message: > hello from client43"
7,1773958265.3714154,1773958267.380783,2.0093677043914795,success
"sender: client43, message: > hello from client43"
8,1773958272.4391372,1773958274.4229064,1.983769178390503,success
"sender: client43, message: > hello from client43"
9,1773958279.5276463,1773958281.4800608,1.9524145126342773,success
"sender: client43, message: > hello from client43"
10,1773958286.543642,1773958288.5219748,1.978332757949829,success
"sender: client43, message: > hello from client43"
11,1773958293.595782,1773958295.5671163,1.9713342189788818,success
"sender: client43, message: > hello from client43"
12,1773958300.6366556,1773958302.6114585,1.9748029708862305,success
"sender: client43, message: > hello from client43"
13,1773958307.6893294,1773958309.663965,1.9746356010437012,success
"sender: client43, message: > hello from client43"
14,1773958314.7167664,1773958316.732592,2.0158257484436035,success
"sender: client43, message: > hello from client43"
15,1773958321.783086,1773958323.7536263,1.9705402851104736,success
16,1773958328.823424,1773958330.78741,1.9639859199523926,success
"sender: client43, message: > hello from client43"
17,1773958335.8964646,1773958337.843732,1.9472675323486328,success
"sender: client43, message: > hello from client43"
18,1773958342.9194887,1773958344.890111,1.9706223011016846,success
"sender: client43, message: > hello from client43"
19,1773958349.9546573,1773958351.9400017,1.985344409942627,success
20,1773958356.9918265,1773958358.9959428,2.0041162967681885,success
"sender: client43, message: > hello from client43"
