round,send_time,recv_time,rtt,status
2,1773954788.582704,1773954790.5223784,1.9396743774414062,success
