round,send_time,recv_time,rtt,status
1,1773966711.6226122,1773966713.632954,2.0103416442871094,success
2,1773966718.7363544,1773966720.7014458,1.9650914669036865,success
"sender: client3, message: > hello from client3"
3,1773966725.7790704,1773966727.784039,2.0049686431884766,success
4,1773966732.8162315,1773966734.8485334,2.032301902770996,success
"sender: client3, message: > hello from client3"
5,1773966739.940535,1773966741.9229653,1.9824302196502686,success
"sender: client3, message: > hello from client3"
6,1773966746.9894745,1773966748.9925597,2.003085136413574,success
"sender: client3, message: > hello from client3"
7,1773966754.048725,1773966756.064657,2.015932083129883,success
"sender: client3, message: > hello from client3"
8,1773966761.1321187,1773966763.1655204,2.0334017276763916,success
"sender: client3, message: > hello from client3"
9,1773966768.2699602,1773966770.229551,1.9595909118652344,success
"sender: client3, message: > hello from client3"
10,1773966775.2832856,1773966777.2971056,2.013819932937622,success
"sender: client3, message: > hello from client3"
11,1773966782.357047,1773966784.3662946,2.0092475414276123,success
"sender: client3, message: > hello from client3"
12,1773966789.4381044,1773966791.4318666,1.9937622547149658,success
"sender: client3, message: > hello from client3"
13,1773966796.5113032,1773966798.5171323,2.005829095840454,success
"sender: client3, message: > hello from client3"
14,1773966803.6095698,1773966805.6087658,1.9991960525512695,success
"sender: client3, message: > hello from client3"
15,1773966810.6836705,1773966812.6806676,1.9969971179962158,success
"sender: client3, message: > hello from client3"
16,1773966817.8462865,1773966819.8215113,1.9752247333526611,success
"sender: client3, message: > hello from client3"
17,1773966824.9037855,1773966826.8832698,1.9794843196868896,success
"sender: client3, message: > hello from client3"
18,1773966831.9684935,1773966833.9652414,1.9967479705810547,success
"sender: client3, message: > hello from client3"
19,1773966839.0553994,1773966841.0503783,1.994978904724121,success
"sender: client3, message: > hello from client3"
20,1773966846.1319606,1773966848.1327572,2.0007965564727783,success
"sender: client3, message: > hello from client3"
