round,send_time,recv_time,rtt,status
2,1773954788.561855,1773954790.5235696,1.961714506149292,success
