round,send_time,recv_time,rtt,status
2,1773958230.2110903,1773958232.1383564,1.9272661209106445,success
3,1773958237.2170408,1773958239.184035,1.966994285583496,success
4,1773958244.2395787,1773958246.2486904,2.0091116428375244,success
"sender: client21, message: > hello from client21"
5,1773958251.28428,1773958253.293154,2.00887393951416,success
"sender: client21, message: > hello from client21"
6,1773958258.3345475,1773958260.3235447,1.988997220993042,success
7,1773958265.389059,1773958267.363463,1.9744038581848145,success
"sender: client21, message: > hello from client21"
8,1773958272.4382808,1773958274.422658,1.984377145767212,success
"sender: client21, message: > hello from client21"
9,1773958279.5265028,1773958281.4770932,1.9505903720855713,success
"sender: client21, message: > hello from client21"
10,1773958286.5428464,1773958288.5214202,1.9785737991333008,success
"sender: client21, message: > hello from client21"
11,1773958293.577288,1773958295.5858037,2.0085158348083496,success
"sender: client21, message: > hello from client21"
12,1773958300.6368241,1773958302.6119757,1.975151538848877,success
"sender: client21, message: > hello from client21"
13,1773958307.687815,1773958309.6633084,1.9754934310913086,success
"sender: client21, message: > hello from client21"
14,1773958314.7089205,1773958316.7348804,2.0259599685668945,success
"sender: client21, message: > hello from client21"
15,1773958321.7876697,1773958323.754299,1.9666292667388916,success
16,1773958328.8235006,1773958330.788651,1.9651503562927246,success
"sender: client21, message: > hello from client21"
17,1773958335.9016006,1773958337.8416138,1.9400131702423096,success
"sender: client21, message: > hello from client21"
18,1773958342.9064202,1773958344.889509,1.983088731765747,success
19,1773958349.9644656,1773958351.9391015,1.9746358394622803,success
20,1773958357.0090292,1773958358.9816847,1.9726555347442627,success
"sender: client21, message: > hello from client21"
