round,send_time,recv_time,rtt,status
1,1773966711.6231987,1773966713.6339386,2.010739803314209,success
2,1773966718.681295,1773966720.70316,2.021865129470825,success
"sender: client22, message: > hello from client22"
3,1773966725.7924845,1773966727.787389,1.9949045181274414,success
4,1773966732.8269286,1773966734.8478673,2.0209386348724365,success
"sender: client22, message: > hello from client22"
5,1773966739.939644,1773966741.9221644,1.982520341873169,success
"sender: client22, message: > hello from client22"
6,1773966746.9960492,1773966748.99366,1.9976108074188232,success
"sender: client22, message: > hello from client22"
7,1773966754.0688596,1773966756.0630627,1.9942030906677246,success
"sender: client22, message: > hello from client22"
8,1773966761.1381907,1773966763.1650913,2.02690052986145,success
"sender: client22, message: > hello from client22"
9,1773966768.2663367,1773966770.2342403,1.9679036140441895,success
"sender: client22, message: > hello from client22"
10,1773966775.2830122,1773966777.2972882,2.0142760276794434,success
"sender: client22, message: > hello from client22"
11,1773966782.3626912,1773966784.3640716,2.001380443572998,success
"sender: client22, message: > hello from client22"
12,1773966789.4540632,1773966791.433412,1.97934889793396,success
"sender: client22, message: > hello from client22"
13,1773966796.5048795,1773966798.518595,2.0137155055999756,success
"sender: client22, message: > hello from client22"
14,1773966803.5965517,1773966805.60959,2.013038396835327,success
"sender: client22, message: > hello from client22"
15,1773966810.6841326,1773966812.6821773,1.998044729232788,success
"sender: client22, message: > hello from client22"
16,1773966817.7392945,1773966819.8212767,2.081982135772705,success
"sender: client22, message: > hello from client22"
17,1773966824.8996592,1773966826.8865292,1.9868700504302979,success
"sender: client22, message: > hello from client22"
18,1773966831.963672,1773966833.9646525,2.0009806156158447,success
"sender: client22, message: > hello from client22"
19,1773966839.051577,1773966841.049565,1.997987985610962,success
"sender: client22, message: > hello from client22"
20,1773966846.132787,1773966848.132415,1.9996280670166016,success
"sender: client22, message: > hello from client22"
