round,send_time,recv_time,rtt,status
2,1773958230.147891,1773958232.178435,2.0305440425872803,success
3,1773958237.2333004,1773958239.1850014,1.9517009258270264,success
"sender: client37, message: > hello from client37"
4,1773958244.2533395,1773958246.2313833,1.978043794631958,success
"sender: client37, message: > hello from client37"
5,1773958251.3032463,1773958253.2689667,1.9657204151153564,success
"sender: client37, message: > hello from client37"
6,1773958258.3393054,1773958260.32238,1.98307466506958,success
"sender: client37, message: > hello from client37"
7,1773958265.3882792,1773958267.3672872,1.9790079593658447,success
"sender: client37, message: > hello from client37"
8,1773958272.4384491,1773958274.422643,1.9841938018798828,success
9,1773958279.5003853,1773958281.4787698,1.9783844947814941,success
"sender: client37, message: > hello from client37"
10,1773958286.5467577,1773958288.5215576,1.9747998714447021,success
"sender: client37, message: > hello from client37"
11,1773958293.5963445,1773958295.5657594,1.9694149494171143,success
"sender: client37, message: > hello from client37"
12,1773958300.6333768,1773958302.6118066,1.9784297943115234,success
"sender: client37, message: > hello from client37"
13,1773958307.684999,1773958309.6637423,1.978743314743042,success
"sender: client37, message: > hello from client37"
14,1773958314.7136533,1773958316.7354515,2.0217981338500977,success
"sender: client37, message: > hello from client37"
15,1773958321.7743578,1773958323.754339,1.9799811840057373,success
"sender: client37, message: > hello from client37"
16,1773958328.8226826,1773958330.7885814,1.9658987522125244,success
"sender: client37, message: > hello from client37"
17,1773958335.8956861,1773958337.8434377,1.947751522064209,success
18,1773958342.9113016,1773958344.8910277,1.9797260761260986,success
"sender: client37, message: > hello from client37"
19,1773958349.9576936,1773958351.939741,1.9820473194122314,success
"sender: client37, message: > hello from client37"
20,1773958357.014143,1773958358.983892,1.9697489738464355,success
"sender: client37, message: > hello from client37"
