round,send_time,recv_time,rtt,status
1,1773966711.6054618,1773966713.6331348,2.0276730060577393,success
2,1773966718.7426202,1773966720.702045,1.9594247341156006,success
3,1773966725.7955234,1773966727.787515,1.9919915199279785,success
"sender: client9, message: > hello from client9"
4,1773966732.8310385,1773966734.847928,2.0168895721435547,success
"sender: client9, message: > hello from client9"
5,1773966739.9293888,1773966741.923247,1.9938583374023438,success
"sender: client9, message: > hello from client9"
6,1773966746.9924576,1773966748.9965694,2.0041117668151855,success
"sender: client9, message: > hello from client9"
7,1773966754.0610807,1773966756.0635192,2.002438545227051,success
"sender: client9, message: > hello from client9"
8,1773966761.1277587,1773966763.1657197,2.037961006164551,success
"sender: client9, message: > hello from client9"
9,1773966768.3013349,1773966770.231822,1.9304871559143066,success
"sender: client9, message: > hello from client9"
10,1773966775.2733655,1773966777.2974324,2.024066925048828,success
"sender: client9, message: > hello from client9"
11,1773966782.3625011,1773966784.3624008,1.9998996257781982,success
"sender: client9, message: > hello from client9"
12,1773966789.4271991,1773966791.4352114,2.008012294769287,success
"sender: client9, message: > hello from client9"
13,1773966796.5118027,1773966798.515863,2.0040602684020996,success
"sender: client9, message: > hello from client9"
14,1773966803.6135774,1773966805.6090267,1.9954493045806885,success
"sender: client9, message: > hello from client9"
15,1773966810.6813517,1773966812.6814032,2.000051498413086,success
"sender: client9, message: > hello from client9"
16,1773966817.7394333,1773966819.8187935,2.079360246658325,success
"sender: client9, message: > hello from client9"
17,1773966824.8867788,1773966826.8834639,1.9966850280761719,success
"sender: client9, message: > hello from client9"
18,1773966831.9702568,1773966833.9649503,1.9946935176849365,success
"sender: client9, message: > hello from client9"
19,1773966839.0579965,1773966841.0495336,1.991537094116211,success
"sender: client9, message: > hello from client9"
20,1773966846.1321292,1773966848.1323576,2.0002284049987793,success
"sender: client9, message: > hello from client9"
