round,send_time,recv_time,rtt,status
1,1773966711.6560712,1773966713.6340435,1.9779722690582275,success
2,1773966718.677865,1773966720.7033465,2.0254814624786377,success
3,1773966725.7877839,1773966727.786803,1.9990191459655762,success
"sender: client15, message: > hello from client15"
4,1773966732.8423212,1773966734.8488607,2.0065395832061768,success
"sender: client15, message: > hello from client15"
5,1773966739.9425812,1773966741.9196882,1.977107048034668,success
"sender: client15, message: > hello from client15"
6,1773966746.9888048,1773966748.992529,2.0037240982055664,success
7,1773966754.0623507,1773966756.0633898,2.0010390281677246,success
"sender: client15, message: > hello from client15"
8,1773966761.13241,1773966763.161457,2.0290470123291016,success
"sender: client15, message: > hello from client15"
9,1773966768.2541292,1773966770.234501,1.9803717136383057,success
"sender: client15, message: > hello from client15"
10,1773966775.2807598,1773966777.298937,2.0181772708892822,success
"sender: client15, message: > hello from client15"
11,1773966782.3404875,1773966784.3644843,2.0239968299865723,success
"sender: client15, message: > hello from client15"
12,1773966789.44381,1773966791.4354393,1.9916293621063232,success
"sender: client15, message: > hello from client15"
13,1773966796.4778745,1773966798.516824,2.038949489593506,success
"sender: client15, message: > hello from client15"
14,1773966803.6092165,1773966805.61061,2.0013935565948486,success
"sender: client15, message: > hello from client15"
15,1773966810.6785386,1773966812.6815782,2.003039598464966,success
"sender: client15, message: > hello from client15"
16,1773966817.7386484,1773966819.8175368,2.078888416290283,success
"sender: client15, message: > hello from client15"
17,1773966824.8970783,1773966826.8837519,1.9866735935211182,success
"sender: client15, message: > hello from client15"
18,1773966831.9703918,1773966833.9643817,1.9939899444580078,success
"sender: client15, message: > hello from client15"
19,1773966839.0364826,1773966841.0526028,2.016120195388794,success
"sender: client15, message: > hello from client15"
20,1773966846.1340249,1773966848.1324484,1.9984235763549805,success
"sender: client15, message: > hello from client15"
