round,send_time,recv_time,rtt,status
1,1773966711.6572514,1773966713.633589,1.9763376712799072,success
2,1773966718.7217636,1773966720.7026815,1.9809179306030273,success
"sender: client21, message: > hello from client21"
3,1773966725.77873,1773966727.7876298,2.0088999271392822,success
4,1773966732.8259635,1773966734.8500078,2.0240442752838135,success
"sender: client21, message: > hello from client21"
5,1773966739.94183,1773966741.9206107,1.978780746459961,success
"sender: client21, message: > hello from client21"
6,1773966746.983741,1773966748.99325,2.0095088481903076,success
"sender: client21, message: > hello from client21"
7,1773966754.0697792,1773966756.0630407,1.9932615756988525,success
"sender: client21, message: > hello from client21"
8,1773966761.137669,1773966763.1656818,2.028012752532959,success
"sender: client21, message: > hello from client21"
9,1773966768.2460213,1773966770.233195,1.9871737957000732,success
"sender: client21, message: > hello from client21"
10,1773966775.2788672,1773966777.2985694,2.019702196121216,success
"sender: client21, message: > hello from client21"
11,1773966782.3494644,1773966784.363566,2.014101505279541,success
"sender: client21, message: > hello from client21"
12,1773966789.4529057,1773966791.4342687,1.98136305809021,success
"sender: client21, message: > hello from client21"
13,1773966796.4887757,1773966798.5171638,2.028388023376465,success
"sender: client21, message: > hello from client21"
14,1773966803.5774963,1773966805.6098254,2.0323290824890137,success
"sender: client21, message: > hello from client21"
15,1773966810.6669836,1773966812.6789205,2.011936902999878,success
"sender: client21, message: > hello from client21"
16,1773966817.845749,1773966819.818849,1.973100185394287,success
"sender: client21, message: > hello from client21"
17,1773966824.9043262,1773966826.88797,1.9836437702178955,success
"sender: client21, message: > hello from client21"
18,1773966831.9701962,1773966833.965766,1.9955697059631348,success
"sender: client21, message: > hello from client21"
19,1773966839.060149,1773966841.0515242,1.991375207901001,success
"sender: client21, message: > hello from client21"
20,1773966846.1313744,1773966848.132495,2.0011205673217773,success
"sender: client21, message: > hello from client21"
