round,send_time,recv_time,rtt,status
1,1773966711.6567986,1773966713.6357348,1.9789361953735352,success
2,1773966718.724368,1773966720.7021093,1.9777412414550781,success
3,1773966725.7785041,1773966727.7876494,2.0091452598571777,success
"sender: client26, message: > hello from client26"
4,1773966732.841759,1773966734.8492742,2.0075151920318604,success
"sender: client26, message: > hello from client26"
5,1773966739.9440703,1773966741.9231489,1.9790785312652588,success
"sender: client26, message: > hello from client26"
6,1773966746.9895377,1773966748.9935622,2.0040245056152344,success
"sender: client26, message: > hello from client26"
7,1773966754.0573754,1773966756.0654252,2.008049726486206,success
"sender: client26, message: > hello from client26"
8,1773966761.1254911,1773966763.165431,2.0399398803710938,success
"sender: client26, message: > hello from client26"
9,1773966768.2786858,1773966770.234484,1.9557981491088867,success
"sender: client26, message: > hello from client26"
10,1773966775.282104,1773966777.2988522,2.0167481899261475,success
"sender: client26, message: > hello from client26"
11,1773966782.3604407,1773966784.3627005,2.0022597312927246,success
"sender: client26, message: > hello from client26"
12,1773966789.4423857,1773966791.432647,1.9902613162994385,success
"sender: client26, message: > hello from client26"
13,1773966796.5091262,1773966798.5184195,2.0092933177948,success
"sender: client26, message: > hello from client26"
14,1773966803.6063635,1773966805.609498,2.0031344890594482,success
15,1773966810.6825862,1773966812.6809032,1.998317003250122,success
"sender: client26, message: > hello from client26"
16,1773966817.8448622,1773966819.8163183,1.9714560508728027,success
"sender: client26, message: > hello from client26"
17,1773966824.9057717,1773966826.8841553,1.9783835411071777,success
"sender: client26, message: > hello from client26"
18,1773966831.971752,1773966833.9647174,1.9929654598236084,success
"sender: client26, message: > hello from client26"
19,1773966839.0529852,1773966841.0519826,1.998997449874878,success
"sender: client26, message: > hello from client26"
20,1773966846.1224215,1773966848.1353772,2.012955665588379,success
"sender: client26, message: > hello from client26"
