round,send_time,recv_time,rtt,status
2,1773958230.1883035,1773958232.177311,1.9890074729919434,success
3,1773958237.1972592,1773958239.1856942,1.9884350299835205,success
4,1773958244.2469234,1773958246.23178,1.9848566055297852,success
"sender: client38, message: > hello from client38"
5,1773958251.3041832,1773958253.2718747,1.967691421508789,success
"sender: client38, message: > hello from client38"
6,1773958258.3427796,1773958260.3218749,1.979095220565796,success
"sender: client38, message: > hello from client38"
7,1773958265.3836975,1773958267.3640695,1.9803719520568848,success
"sender: client38, message: > hello from client38"
8,1773958272.4298897,1773958274.429777,1.999887228012085,success
"sender: client38, message: > hello from client38"
9,1773958279.5200105,1773958281.4808884,1.9608778953552246,success
"sender: client38, message: > hello from client38"
10,1773958286.5431225,1773958288.521662,1.9785394668579102,success
"sender: client38, message: > hello from client38"
11,1773958293.5865808,1773958295.5676122,1.9810314178466797,success
"sender: client38, message: > hello from client38"
12,1773958300.6413252,1773958302.611184,1.9698586463928223,success
"sender: client38, message: > hello from client38"
13,1773958307.6711032,1773958309.6804163,2.0093131065368652,success
"sender: client38, message: > hello from client38"
14,1773958314.6880496,1773958316.7350066,2.046957015991211,success
"sender: client38, message: > hello from client38"
15,1773958321.7830079,1773958323.7536101,1.97060227394104,success
"sender: client38, message: > hello from client38"
16,1773958328.8249216,1773958330.7895024,1.964580774307251,success
"sender: client38, message: > hello from client38"
17,1773958335.8941803,1773958337.844061,1.949880599975586,success
"sender: client38, message: > hello from client38"
18,1773958342.906804,1773958344.890056,1.9832518100738525,success
19,1773958349.9620519,1773958351.9404206,1.9783687591552734,success
"sender: client38, message: > hello from client38"
20,1773958357.0126064,1773958358.9850888,1.972482442855835,success
"sender: client38, message: > hello from client38"
