round,send_time,recv_time,rtt,status
1,1773966711.6529021,1773966713.6340926,1.9811904430389404,success
2,1773966718.723468,1773966720.7001936,1.9767255783081055,success
3,1773966725.787621,1773966727.7873497,1.9997286796569824,success
"sender: client4, message: > hello from client4"
4,1773966732.8127103,1773966734.8484728,2.0357625484466553,success
"sender: client4, message: > hello from client4"
5,1773966739.9435775,1773966741.9205246,1.9769470691680908,success
"sender: client4, message: > hello from client4"
6,1773966746.9795098,1773966748.9937117,2.0142018795013428,success
"sender: client4, message: > hello from client4"
7,1773966754.067597,1773966756.0627425,1.995145559310913,success
"sender: client4, message: > hello from client4"
8,1773966761.143643,1773966763.1613886,2.0177457332611084,success
"sender: client4, message: > hello from client4"
9,1773966768.2782037,1773966770.2325904,1.9543867111206055,success
"sender: client4, message: > hello from client4"
10,1773966775.277308,1773966777.2986948,2.0213868618011475,success
"sender: client4, message: > hello from client4"
11,1773966782.3576794,1773966784.3647227,2.0070433616638184,success
"sender: client4, message: > hello from client4"
12,1773966789.4393344,1773966791.4329782,1.9936437606811523,success
"sender: client4, message: > hello from client4"
13,1773966796.501161,1773966798.518447,2.0172858238220215,success
"sender: client4, message: > hello from client4"
14,1773966803.6124132,1773966805.610113,1.9976997375488281,success
"sender: client4, message: > hello from client4"
15,1773966810.6835377,1773966812.6785593,1.9950215816497803,success
"sender: client4, message: > hello from client4"
16,1773966817.8466024,1773966819.8202798,1.973677396774292,success
"sender: client4, message: > hello from client4"
17,1773966824.9065711,1773966826.8834379,1.9768667221069336,success
"sender: client4, message: > hello from client4"
18,1773966831.9589972,1773966833.9660976,2.0071003437042236,success
"sender: client4, message: > hello from client4"
19,1773966839.0604818,1773966841.0514593,1.9909775257110596,success
"sender: client4, message: > hello from client4"
20,1773966846.1167796,1773966848.1328237,2.0160441398620605,success
"sender: client4, message: > hello from client4"
