round,send_time,recv_time,rtt,status
2,1773958230.209974,1773958232.1736865,1.963712453842163,success
3,1773958237.1988783,1773958239.1846666,1.985788345336914,success
4,1773958244.2533894,1773958246.231208,1.9778187274932861,success
"sender: client29, message: > hello from client29"
5,1773958251.3006222,1773958253.2687724,1.9681501388549805,success
"sender: client29, message: > hello from client29"
6,1773958258.3434925,1773958260.3211002,1.9776077270507812,success
7,1773958265.358919,1773958267.3825665,2.0236475467681885,success
"sender: client29, message: > hello from client29"
8,1773958272.436216,1773958274.4239852,1.9877691268920898,success
"sender: client29, message: > hello from client29"
9,1773958279.5209916,1773958281.476821,1.955829381942749,success
"sender: client29, message: > hello from client29"
10,1773958286.5216656,1773958288.5545127,2.0328471660614014,success
"sender: client29, message: > hello from client29"
11,1773958293.574733,1773958295.5859656,2.011232614517212,success
12,1773958300.634704,1773958302.6126904,1.9779863357543945,success
"sender: client29, message: > hello from client29"
13,1773958307.6848867,1773958309.663703,1.978816270828247,success
"sender: client29, message: > hello from client29"
14,1773958314.8171587,1773958316.7314043,1.91424560546875,success
"sender: client29, message: > hello from client29"
15,1773958321.7794323,1773958323.7564247,1.9769923686981201,success
"sender: client29, message: > hello from client29"
16,1773958328.8247964,1773958330.7885597,1.9637632369995117,success
"sender: client29, message: > hello from client29"
17,1773958335.9004817,1773958337.8427386,1.9422569274902344,success
18,1773958342.9199739,1773958344.8914635,1.971489667892456,success
"sender: client29, message: > hello from client29"
19,1773958349.9255576,1773958351.95324,2.027682304382324,success
"sender: client29, message: > hello from client29"
20,1773958356.9997933,1773958358.9856367,1.9858434200286865,success
"sender: client29, message: > hello from client29"
