round,send_time,recv_time,rtt,status
2,1773958230.2115636,1773958232.177425,1.9658613204956055,success
3,1773958237.189923,1773958239.20148,2.01155686378479,success
4,1773958244.258686,1773958246.2320015,1.9733154773712158,success
"sender: client35, message: > hello from client35"
5,1773958251.3097396,1773958253.2709997,1.9612600803375244,success
"sender: client35, message: > hello from client35"
6,1773958258.3189492,1773958260.3351076,2.01615834236145,success
"sender: client35, message: > hello from client35"
7,1773958265.3924959,1773958267.3662148,1.9737188816070557,success
"sender: client35, message: > hello from client35"
8,1773958272.432929,1773958274.4231963,1.990267276763916,success
"sender: client35, message: > hello from client35"
9,1773958279.5276377,1773958281.480216,1.9525783061981201,success
"sender: client35, message: > hello from client35"
10,1773958286.544644,1773958288.521475,1.9768309593200684,success
"sender: client35, message: > hello from client35"
11,1773958293.5945475,1773958295.5654888,1.9709413051605225,success
"sender: client35, message: > hello from client35"
12,1773958300.6329403,1773958302.6117163,1.978775978088379,success
13,1773958307.6825674,1773958309.66703,1.9844627380371094,success
"sender: client35, message: > hello from client35"
14,1773958314.825643,1773958316.71238,1.8867368698120117,success
15,1773958321.7835774,1773958323.7539816,1.9704041481018066,success
"sender: client35, message: > hello from client35"
16,1773958328.8262484,1773958330.788671,1.9624226093292236,success
"sender: client35, message: > hello from client35"
17,1773958335.8927176,1773958337.843326,1.950608491897583,success
"sender: client35, message: > hello from client35"
18,1773958342.9173172,1773958344.8913257,1.974008560180664,success
"sender: client35, message: > hello from client35"
19,1773958349.958905,1773958351.9388418,1.9799368381500244,success
20,1773958357.0139604,1773958358.9840293,1.9700689315795898,success
"sender: client35, message: > hello from client35"
