round,send_time,recv_time,rtt,status
2,1773958230.186109,1773958232.1410077,1.9548985958099365,success
3,1773958237.2353358,1773958239.1853602,1.9500243663787842,success
4,1773958244.2520497,1773958246.2316027,1.979552984237671,success
"sender: client30, message: > hello from client30"
5,1773958251.3048043,1773958253.2703385,1.9655342102050781,success
6,1773958258.3394816,1773958260.323564,1.9840824604034424,success
"sender: client30, message: > hello from client30"
7,1773958265.3641248,1773958267.382466,2.018341302871704,success
"sender: client30, message: > hello from client30"
8,1773958272.433761,1773958274.4237547,1.9899938106536865,success
"sender: client30, message: > hello from client30"
9,1773958279.5290663,1773958281.479343,1.9502766132354736,success
"sender: client30, message: > hello from client30"
10,1773958286.5249248,1773958288.558893,2.033968210220337,success
"sender: client30, message: > hello from client30"
11,1773958293.5881217,1773958295.5670717,1.978950023651123,success
"sender: client30, message: > hello from client30"
12,1773958300.6386616,1773958302.6117847,1.9731230735778809,success
"sender: client30, message: > hello from client30"
13,1773958307.6761227,1773958309.6792045,2.003081798553467,success
"sender: client30, message: > hello from client30"
14,1773958314.8221838,1773958316.7276947,1.9055109024047852,success
"sender: client30, message: > hello from client30"
15,1773958321.784338,1773958323.7534046,1.9690666198730469,success
16,1773958328.822792,1773958330.7894287,1.9666366577148438,success
"sender: client30, message: > hello from client30"
17,1773958335.889341,1773958337.8443875,1.9550464153289795,success
18,1773958342.915585,1773958344.891504,1.9759190082550049,success
"sender: client30, message: > hello from client30"
19,1773958349.9564667,1773958351.9387164,1.9822497367858887,success
20,1773958357.014327,1773958358.9853284,1.971001386642456,success
"sender: client30, message: > hello from client30"
