round,send_time,recv_time,rtt,status
2,1773958230.2006888,1773958232.173075,1.972386121749878,success
3,1773958237.2394733,1773958239.1861365,1.9466631412506104,success
4,1773958244.2579367,1773958246.2312546,1.9733178615570068,success
"sender: client26, message: > hello from client26"
5,1773958251.300017,1773958253.2686934,1.9686763286590576,success
"sender: client26, message: > hello from client26"
6,1773958258.3437593,1773958260.3231862,1.9794268608093262,success
7,1773958265.3909237,1773958267.3672693,1.9763455390930176,success
"sender: client26, message: > hello from client26"
8,1773958272.4351687,1773958274.4290276,1.993858814239502,success
"sender: client26, message: > hello from client26"
9,1773958279.5299883,1773958281.4792447,1.949256420135498,success
"sender: client26, message: > hello from client26"
10,1773958286.5458298,1773958288.5224824,1.9766526222229004,success
"sender: client26, message: > hello from client26"
11,1773958293.59557,1773958295.56541,1.9698398113250732,success
"sender: client26, message: > hello from client26"
12,1773958300.638656,1773958302.612584,1.9739282131195068,success
"sender: client26, message: > hello from client26"
13,1773958307.681957,1773958309.6632237,1.981266736984253,success
"sender: client26, message: > hello from client26"
14,1773958314.8236468,1773958316.7282321,1.904585361480713,success
"sender: client26, message: > hello from client26"
15,1773958321.7854917,1773958323.7533782,1.9678864479064941,success
"sender: client26, message: > hello from client26"
16,1773958328.824614,1773958330.7883005,1.963686466217041,success
"sender: client26, message: > hello from client26"
17,1773958335.8982868,1773958337.8422592,1.9439723491668701,success
"sender: client26, message: > hello from client26"
18,1773958342.8987775,1773958344.9060192,2.007241725921631,success
"sender: client26, message: > hello from client26"
19,1773958349.9509444,1773958351.9402795,1.989335060119629,success
"sender: client26, message: > hello from client26"
20,1773958357.011219,1773958358.983938,1.9727189540863037,success
"sender: client26, message: > hello from client26"
