round,send_time,recv_time,rtt,status
2,1773954788.5792565,1773954790.5223181,1.9430615901947021,success
