round,send_time,recv_time,rtt,status
2,1773958230.2066538,1773958232.1783702,1.9717164039611816,success
3,1773958237.1978045,1773958239.1850624,1.987257957458496,success
"sender: client42, message: > hello from client42"
4,1773958244.2624762,1773958246.233853,1.971376895904541,success
5,1773958251.3086114,1773958253.2714636,1.9628522396087646,success
"sender: client42, message: > hello from client42"
6,1773958258.3437138,1773958260.3227758,1.9790620803833008,success
"sender: client42, message: > hello from client42"
7,1773958265.3926148,1773958267.3644032,1.9717884063720703,success
"sender: client42, message: > hello from client42"
8,1773958272.423463,1773958274.4290075,2.005544424057007,success
"sender: client42, message: > hello from client42"
9,1773958279.5231662,1773958281.4790232,1.9558570384979248,success
"sender: client42, message: > hello from client42"
10,1773958286.5487714,1773958288.5226724,1.9739010334014893,success
"sender: client42, message: > hello from client42"
11,1773958293.5924146,1773958295.5716286,1.9792139530181885,success
"sender: client42, message: > hello from client42"
12,1773958300.6405108,1773958302.612037,1.9715261459350586,success
"sender: client42, message: > hello from client42"
13,1773958307.6895087,1773958309.6668787,1.977370023727417,success
"sender: client42, message: > hello from client42"
14,1773958314.7163723,1773958316.7309084,2.014536142349243,success
"sender: client42, message: > hello from client42"
15,1773958321.7824123,1773958323.7536578,1.971245527267456,success
16,1773958328.807631,1773958330.8161633,2.0085322856903076,success
"sender: client42, message: > hello from client42"
17,1773958335.8797386,1773958337.8442745,1.9645359516143799,success
"sender: client42, message: > hello from client42"
18,1773958342.9151204,1773958344.8901386,1.9750182628631592,success
"sender: client42, message: > hello from client42"
19,1773958349.9576168,1773958351.9372969,1.979680061340332,success
20,1773958356.9898324,1773958358.9950879,2.0052554607391357,success
"sender: client42, message: > hello from client42"
