round,send_time,recv_time,rtt,status
1,1773966711.6567168,1773966713.6358142,1.9790973663330078,success
2,1773966718.7424304,1773966720.7018454,1.9594149589538574,success
"sender: client40, message: > hello from client40"
3,1773966725.7910354,1773966727.7881832,1.997147798538208,success
"sender: client40, message: > hello from client40"
4,1773966732.8212717,1773966734.8486183,2.027346611022949,success
"sender: client40, message: > hello from client40"
5,1773966739.9286451,1773966741.9216397,1.9929945468902588,success
"sender: client40, message: > hello from client40"
6,1773966746.9905863,1773966748.9951313,2.004544973373413,success
"sender: client40, message: > hello from client40"
7,1773966754.066886,1773966756.0655854,1.998699426651001,success
"sender: client40, message: > hello from client40"
8,1773966761.1425207,1773966763.1652548,2.0227341651916504,success
"sender: client40, message: > hello from client40"
9,1773966768.2600963,1773966770.2330003,1.9729039669036865,success
"sender: client40, message: > hello from client40"
10,1773966775.281839,1773966777.2986,2.016761064529419,success
"sender: client40, message: > hello from client40"
11,1773966782.3564482,1773966784.3641543,2.0077061653137207,success
"sender: client40, message: > hello from client40"
12,1773966789.4429767,1773966791.4332862,1.990309476852417,success
"sender: client40, message: > hello from client40"
13,1773966796.5044944,1773966798.516716,2.012221574783325,success
"sender: client40, message: > hello from client40"
14,1773966803.6194491,1773966805.6112044,1.9917552471160889,success
"sender: client40, message: > hello from client40"
15,1773966810.6758065,1773966812.679803,2.0039963722229004,success
"sender: client40, message: > hello from client40"
16,1773966817.8379745,1773966819.8188698,1.9808952808380127,success
"sender: client40, message: > hello from client40"
17,1773966824.8916035,1773966826.8855283,1.993924856185913,success
"sender: client40, message: > hello from client40"
18,1773966831.9599721,1773966833.965264,2.0052919387817383,success
"sender: client40, message: > hello from client40"
19,1773966839.0583503,1773966841.050265,1.9919147491455078,success
"sender: client40, message: > hello from client40"
20,1773966846.1325474,1773966848.1354218,2.0028743743896484,success
"sender: client40, message: > hello from client40"
