round,send_time,recv_time,rtt,status
2,1773954788.5719588,1773954790.5230722,1.9511134624481201,success
