round,send_time,recv_time,rtt,status
2,1773954788.5631874,1773954790.5244079,1.9612205028533936,success
