round,send_time,recv_time,rtt,status
1,1773966711.6553872,1773966713.6351497,1.9797625541687012,success
2,1773966718.712231,1773966720.700114,1.9878830909729004,success
3,1773966725.792241,1773966727.787005,1.9947638511657715,success
"sender: client37, message: > hello from client37"
4,1773966732.8438668,1773966734.8496416,2.005774736404419,success
"sender: client37, message: > hello from client37"
5,1773966739.9399292,1773966741.921876,1.9819467067718506,success
"sender: client37, message: > hello from client37"
6,1773966746.992129,1773966748.9935255,2.001396417617798,success
"sender: client37, message: > hello from client37"
7,1773966754.069118,1773966756.0633564,1.9942383766174316,success
"sender: client37, message: > hello from client37"
8,1773966761.140397,1773966763.1637526,2.023355484008789,success
"sender: client37, message: > hello from client37"
9,1773966768.259109,1773966770.2343287,1.9752197265625,success
"sender: client37, message: > hello from client37"
10,1773966775.281921,1773966777.2965991,2.0146782398223877,success
"sender: client37, message: > hello from client37"
11,1773966782.3513026,1773966784.364847,2.0135443210601807,success
"sender: client37, message: > hello from client37"
12,1773966789.4393408,1773966791.4356391,1.9962983131408691,success
"sender: client37, message: > hello from client37"
13,1773966796.5069065,1773966798.5179713,2.0110647678375244,success
"sender: client37, message: > hello from client37"
14,1773966803.61752,1773966805.6096592,1.9921391010284424,success
"sender: client37, message: > hello from client37"
15,1773966810.6593473,1773966812.678741,2.0193936824798584,success
"sender: client37, message: > hello from client37"
16,1773966817.738425,1773966819.8205268,2.082101821899414,success
"sender: client37, message: > hello from client37"
17,1773966824.9045944,1773966826.8918874,1.987293004989624,success
"sender: client37, message: > hello from client37"
18,1773966831.9717205,1773966833.9645543,1.9928338527679443,success
"sender: client37, message: > hello from client37"
19,1773966839.0582116,1773966841.0499263,1.9917147159576416,success
"sender: client37, message: > hello from client37"
20,1773966846.129484,1773966848.1325147,2.003030776977539,success
"sender: client37, message: > hello from client37"
