round,send_time,recv_time,rtt,status
1,1773966711.653239,1773966713.6351213,1.9818823337554932,success
2,1773966718.7390385,1773966720.70227,1.9632315635681152,success
"sender: client6, message: > hello from client6"
3,1773966725.7799814,1773966727.7864892,2.0065078735351562,success
"sender: client6, message: > hello from client6"
4,1773966732.8311024,1773966734.8479,2.0167975425720215,success
5,1773966739.9455662,1773966741.9192567,1.9736905097961426,success
"sender: client6, message: > hello from client6"
6,1773966746.9867325,1773966748.9951677,2.0084352493286133,success
"sender: client6, message: > hello from client6"
7,1773966754.0524094,1773966756.0649374,2.0125279426574707,success
"sender: client6, message: > hello from client6"
8,1773966761.1441169,1773966763.1645303,2.020413398742676,success
"sender: client6, message: > hello from client6"
9,1773966768.2783754,1773966770.2352755,1.9569001197814941,success
"sender: client6, message: > hello from client6"
10,1773966775.2778437,1773966777.2966943,2.018850564956665,success
"sender: client6, message: > hello from client6"
11,1773966782.3594167,1773966784.3630242,2.0036075115203857,success
"sender: client6, message: > hello from client6"
12,1773966789.4454124,1773966791.4311585,1.985746145248413,success
"sender: client6, message: > hello from client6"
13,1773966796.5033185,1773966798.5170345,2.013715982437134,success
"sender: client6, message: > hello from client6"
14,1773966803.6152637,1773966805.6109781,1.9957144260406494,success
"sender: client6, message: > hello from client6"
15,1773966810.6764464,1773966812.6816297,2.005183219909668,success
"sender: client6, message: > hello from client6"
16,1773966817.8456135,1773966819.8188128,1.9731993675231934,success
"sender: client6, message: > hello from client6"
17,1773966824.9028227,1773966826.883176,1.9803533554077148,success
"sender: client6, message: > hello from client6"
18,1773966831.9579077,1773966833.9649692,2.00706148147583,success
"sender: client6, message: > hello from client6"
19,1773966839.0605059,1773966841.0513632,1.9908573627471924,success
"sender: client6, message: > hello from client6"
20,1773966846.0961175,1773966848.1326215,2.036504030227661,success
"sender: client6, message: > hello from client6"
