round,send_time,recv_time,rtt,status
2,1773954788.5734632,1773954790.522854,1.9493908882141113,success
