round,send_time,recv_time,rtt,status
2,1773958230.148604,1773958232.178457,2.029853105545044,success
3,1773958237.238012,1773958239.1857915,1.9477794170379639,success
4,1773958244.2485993,1773958246.231435,1.9828357696533203,success
"sender: client23, message: > hello from client23"
5,1773958251.30542,1773958253.2717986,1.9663786888122559,success
"sender: client23, message: > hello from client23"
6,1773958258.3319373,1773958260.3208396,1.9889023303985596,success
"sender: client23, message: > hello from client23"
7,1773958265.3823228,1773958267.3670344,1.9847116470336914,success
"sender: client23, message: > hello from client23"
8,1773958272.4210348,1773958274.4299228,2.008888006210327,success
9,1773958279.5142918,1773958281.4769263,1.962634563446045,success
"sender: client23, message: > hello from client23"
10,1773958286.549692,1773958288.5218515,1.9721596240997314,success
"sender: client23, message: > hello from client23"
11,1773958293.5641406,1773958295.5826812,2.018540620803833,success
12,1773958300.6330082,1773958302.611476,1.9784677028656006,success
"sender: client23, message: > hello from client23"
13,1773958307.687456,1773958309.6634123,1.9759564399719238,success
"sender: client23, message: > hello from client23"
14,1773958314.7095044,1773958316.7355871,2.026082754135132,success
"sender: client23, message: > hello from client23"
15,1773958321.7848673,1773958323.7532837,1.968416452407837,success
16,1773958328.8089097,1773958330.7872658,1.978356122970581,success
"sender: client23, message: > hello from client23"
17,1773958335.877916,1773958337.841691,1.9637749195098877,success
"sender: client23, message: > hello from client23"
18,1773958342.9157732,1773958344.891479,1.975705862045288,success
"sender: client23, message: > hello from client23"
19,1773958349.9646006,1773958351.9402275,1.9756269454956055,success
"sender: client23, message: > hello from client23"
20,1773958357.0122492,1773958358.9817584,1.9695091247558594,success
"sender: client23, message: > hello from client23"
