round,send_time,recv_time,rtt,status
1,1773958223.0854332,1773958225.1430845,2.0576512813568115,success
2,1773958230.2015572,1773958232.1759343,1.974377155303955,success
3,1773958237.2413275,1773958239.1833591,1.9420316219329834,success
4,1773958244.229829,1773958246.2489467,2.019117593765259,success
"sender: client1, message: > hello from client1"
5,1773958251.303256,1773958253.2930505,1.9897944927215576,success
"sender: client1, message: > hello from client1"
6,1773958258.3244894,1773958260.3363376,2.011848211288452,success
"sender: client1, message: > hello from client1"
7,1773958265.385774,1773958267.3629203,1.9771463871002197,success
"sender: client1, message: > hello from client1"
8,1773958272.4262042,1773958274.430216,2.004011869430542,success
"sender: client1, message: > hello from client1"
9,1773958279.5270915,1773958281.4747546,1.9476630687713623,success
"sender: client1, message: > hello from client1"
10,1773958286.5493698,1773958288.5217185,1.972348690032959,success
"sender: client1, message: > hello from client1"
11,1773958293.597756,1773958295.56401,1.9662539958953857,success
"sender: client1, message: > hello from client1"
12,1773958300.639503,1773958302.6128886,1.9733855724334717,success
"sender: client1, message: > hello from client1"
13,1773958307.6689339,1773958309.6792338,2.0102999210357666,success
"sender: client1, message: > hello from client1"
14,1773958314.7133563,1773958316.7324448,2.0190885066986084,success
"sender: client1, message: > hello from client1"
15,1773958321.7764685,1773958323.7526674,1.9761989116668701,success
"sender: client1, message: > hello from client1"
16,1773958328.8068964,1773958330.8140867,2.007190227508545,success
"sender: client1, message: > hello from client1"
17,1773958335.8998177,1773958337.8406286,1.9408109188079834,success
"sender: client1, message: > hello from client1"
18,1773958342.9137423,1773958344.887803,1.9740607738494873,success
"sender: client1, message: > hello from client1"
19,1773958349.959637,1773958351.9398546,1.980217695236206,success
"sender: client1, message: > hello from client1"
20,1773958357.011824,1773958358.9836564,1.971832513809204,success
"sender: client1, message: > hello from client1"
