round,send_time,recv_time,rtt,status
1,1773966711.6016822,1773966713.634518,2.0328357219696045,success
2,1773966718.7420788,1773966720.6998792,1.9578003883361816,success
3,1773966725.779565,1773966727.7859185,2.0063533782958984,success
"sender: client19, message: > hello from client19"
4,1773966732.8438196,1773966734.849057,2.005237340927124,success
"sender: client19, message: > hello from client19"
5,1773966739.9286382,1773966741.9211466,1.9925084114074707,success
"sender: client19, message: > hello from client19"
6,1773966746.9944086,1773966748.9963195,2.001910924911499,success
"sender: client19, message: > hello from client19"
7,1773966754.0566273,1773966756.0644393,2.007812023162842,success
"sender: client19, message: > hello from client19"
8,1773966761.134691,1773966763.1658242,2.0311331748962402,success
"sender: client19, message: > hello from client19"
9,1773966768.2465086,1773966770.227992,1.9814834594726562,success
"sender: client19, message: > hello from client19"
10,1773966775.2818644,1773966777.2971723,2.015307903289795,success
"sender: client19, message: > hello from client19"
11,1773966782.3625305,1773966784.3630807,2.0005502700805664,success
"sender: client19, message: > hello from client19"
12,1773966789.446835,1773966791.4346983,1.987863302230835,success
"sender: client19, message: > hello from client19"
13,1773966796.5123684,1773966798.5185668,2.0061984062194824,success
"sender: client19, message: > hello from client19"
14,1773966803.5994267,1773966805.609183,2.009756326675415,success
"sender: client19, message: > hello from client19"
15,1773966810.6841414,1773966812.6788669,1.9947254657745361,success
"sender: client19, message: > hello from client19"
16,1773966817.8404655,1773966819.8184438,1.977978229522705,success
"sender: client19, message: > hello from client19"
17,1773966824.9048314,1773966826.88513,1.9802985191345215,success
"sender: client19, message: > hello from client19"
18,1773966831.95728,1773966833.9645178,2.0072379112243652,success
"sender: client19, message: > hello from client19"
19,1773966839.057084,1773966841.0498805,1.9927964210510254,success
"sender: client19, message: > hello from client19"
20,1773966846.1310728,1773966848.1330085,2.0019357204437256,success
"sender: client19, message: > hello from client19"
