round,send_time,recv_time,rtt,status
1,1773966711.6560738,1773966713.6338766,1.9778027534484863,success
2,1773966718.7429454,1773966720.7019205,1.958975076675415,success
3,1773966725.782641,1773966727.7874153,2.004774332046509,success
"sender: client36, message: > hello from client36"
4,1773966732.8189642,1773966734.8496652,2.030700922012329,success
"sender: client36, message: > hello from client36"
5,1773966739.9303112,1773966741.9210563,1.9907450675964355,success
"sender: client36, message: > hello from client36"
6,1773966746.9871953,1773966748.9936783,2.0064830780029297,success
"sender: client36, message: > hello from client36"
7,1773966754.0600016,1773966756.0654428,2.005441188812256,success
"sender: client36, message: > hello from client36"
8,1773966761.122399,1773966763.1659584,2.0435593128204346,success
"sender: client36, message: > hello from client36"
9,1773966768.2459838,1773966770.2318547,1.9858708381652832,success
"sender: client36, message: > hello from client36"
10,1773966775.2779014,1773966777.2991836,2.021282196044922,success
"sender: client36, message: > hello from client36"
11,1773966782.3462577,1773966784.3663952,2.0201375484466553,success
"sender: client36, message: > hello from client36"
12,1773966789.4534752,1773966791.4328046,1.9793293476104736,success
"sender: client36, message: > hello from client36"
13,1773966796.5122428,1773966798.5177221,2.005479335784912,success
"sender: client36, message: > hello from client36"
14,1773966803.6199868,1773966805.609775,1.989788293838501,success
"sender: client36, message: > hello from client36"
15,1773966810.6788878,1773966812.6807625,2.0018746852874756,success
"sender: client36, message: > hello from client36"
16,1773966817.8401632,1773966819.8209407,1.9807775020599365,success
"sender: client36, message: > hello from client36"
17,1773966824.906251,1773966826.8919332,1.9856822490692139,success
"sender: client36, message: > hello from client36"
18,1773966831.9687343,1773966833.9645047,1.9957704544067383,success
"sender: client36, message: > hello from client36"
19,1773966839.051009,1773966841.0527215,2.0017125606536865,success
"sender: client36, message: > hello from client36"
20,1773966846.1321204,1773966848.1343062,2.002185821533203,success
"sender: client36, message: > hello from client36"
