round,send_time,recv_time,rtt,status
2,1773954788.582141,1773954790.5224955,1.940354585647583,success
