round,send_time,recv_time,rtt,status
2,1773954788.5809982,1773954790.5226965,1.9416983127593994,success
