round,send_time,recv_time,rtt,status
1,1773958223.0861738,1773958225.1429615,2.0567877292633057,success
2,1773958230.2084062,1773958232.1383307,1.929924488067627,success
3,1773958237.1943824,1773958239.1838999,1.9895174503326416,success
"sender: client3, message: > hello from client3"
4,1773958244.2600312,1773958246.2309506,1.9709193706512451,success
"sender: client3, message: > hello from client3"
5,1773958251.2990596,1773958253.2682133,1.969153642654419,success
"sender: client3, message: > hello from client3"
6,1773958258.340284,1773958260.320331,1.9800469875335693,success
"sender: client3, message: > hello from client3"
7,1773958265.390783,1773958267.367732,1.9769489765167236,success
"sender: client3, message: > hello from client3"
8,1773958272.434301,1773958274.428892,1.9945909976959229,success
"sender: client3, message: > hello from client3"
9,1773958279.5211525,1773958281.4762714,1.9551188945770264,success
"sender: client3, message: > hello from client3"
10,1773958286.5242887,1773958288.5583324,2.034043788909912,success
"sender: client3, message: > hello from client3"
11,1773958293.5971208,1773958295.567768,1.9706473350524902,success
"sender: client3, message: > hello from client3"
12,1773958300.6373563,1773958302.6098967,1.9725403785705566,success
"sender: client3, message: > hello from client3"
13,1773958307.6860945,1773958309.6627839,1.976689338684082,success
"sender: client3, message: > hello from client3"
14,1773958314.8253524,1773958316.7299473,1.904594898223877,success
"sender: client3, message: > hello from client3"
15,1773958321.7781298,1773958323.7551417,1.9770119190216064,success
"sender: client3, message: > hello from client3"
16,1773958328.8102183,1773958330.8144836,2.004265308380127,success
"sender: client3, message: > hello from client3"
17,1773958335.8993535,1773958337.841902,1.9425485134124756,success
"sender: client3, message: > hello from client3"
18,1773958342.9144785,1773958344.887913,1.9734344482421875,success
"sender: client3, message: > hello from client3"
19,1773958349.9642396,1773958351.9401913,1.9759516716003418,success
"sender: client3, message: > hello from client3"
20,1773958357.0060716,1773958358.9807603,1.9746887683868408,success
"sender: client3, message: > hello from client3"
