round,send_time,recv_time,rtt,status
2,1773958230.1938648,1773958232.1379704,1.944105625152588,success
3,1773958237.1926918,1773958239.1841693,1.9914774894714355,success
4,1773958244.2500367,1773958246.2321723,1.982135534286499,success
5,1773958251.2900012,1773958253.2930884,2.003087282180786,success
"sender: client8, message: > hello from client8"
6,1773958258.3433788,1773958260.320809,1.9774301052093506,success
"sender: client8, message: > hello from client8"
7,1773958265.388406,1773958267.3634953,1.9750893115997314,success
"sender: client8, message: > hello from client8"
8,1773958272.4340372,1773958274.429834,1.9957966804504395,success
9,1773958279.52886,1773958281.4777167,1.9488565921783447,success
"sender: client8, message: > hello from client8"
10,1773958286.5359807,1773958288.5218291,1.9858484268188477,success
"sender: client8, message: > hello from client8"
11,1773958293.568729,1773958295.5838244,2.0150954723358154,success
12,1773958300.6278908,1773958302.6113932,1.9835023880004883,success
"sender: client8, message: > hello from client8"
13,1773958307.6733227,1773958309.6638632,1.9905405044555664,success
"sender: client8, message: > hello from client8"
14,1773958314.823754,1773958316.712287,1.8885328769683838,success
"sender: client8, message: > hello from client8"
15,1773958321.7875912,1773958323.7540524,1.966461181640625,success
16,1773958328.817612,1773958330.7884185,1.97080659866333,success
"sender: client8, message: > hello from client8"
17,1773958335.9005558,1773958337.8413923,1.9408364295959473,success
"sender: client8, message: > hello from client8"
18,1773958342.9181495,1773958344.8880758,1.969926357269287,success
"sender: client8, message: > hello from client8"
19,1773958349.9472919,1773958351.9531837,2.005891799926758,success
"sender: client8, message: > hello from client8"
20,1773958357.0063412,1773958358.9821916,1.9758503437042236,success
"sender: client8, message: > hello from client8"
