round,send_time,recv_time,rtt,status
1,1773966711.5923853,1773966713.633858,2.0414726734161377,success
2,1773966718.7419488,1773966720.7009242,1.9589753150939941,success
3,1773966725.793138,1773966727.785972,1.9928340911865234,success
"sender: client18, message: > hello from client18"
4,1773966732.8400152,1773966734.849,2.0089848041534424,success
"sender: client18, message: > hello from client18"
5,1773966739.9414184,1773966741.9218125,1.9803941249847412,success
"sender: client18, message: > hello from client18"
6,1773966746.9935358,1773966748.9960942,2.002558469772339,success
"sender: client18, message: > hello from client18"
7,1773966754.0676634,1773966756.0629988,1.995335340499878,success
"sender: client18, message: > hello from client18"
8,1773966761.1343756,1773966763.162729,2.028353452682495,success
"sender: client18, message: > hello from client18"
9,1773966768.2701876,1773966770.233106,1.9629182815551758,success
"sender: client18, message: > hello from client18"
10,1773966775.2819145,1773966777.2978117,2.015897274017334,success
"sender: client18, message: > hello from client18"
11,1773966782.3517742,1773966784.3646505,2.012876272201538,success
"sender: client18, message: > hello from client18"
12,1773966789.445882,1773966791.4325101,1.9866280555725098,success
"sender: client18, message: > hello from client18"
13,1773966796.506139,1773966798.5178015,2.011662483215332,success
"sender: client18, message: > hello from client18"
14,1773966803.5948875,1773966805.6124213,2.017533779144287,success
"sender: client18, message: > hello from client18"
15,1773966810.6824872,1773966812.682269,1.999781847000122,success
"sender: client18, message: > hello from client18"
16,1773966817.7380483,1773966819.819864,2.081815719604492,success
"sender: client18, message: > hello from client18"
17,1773966824.893582,1773966826.8864422,1.9928600788116455,success
"sender: client18, message: > hello from client18"
18,1773966831.9616616,1773966833.964492,2.0028305053710938,success
"sender: client18, message: > hello from client18"
19,1773966839.0601342,1773966841.0519147,1.9917805194854736,success
"sender: client18, message: > hello from client18"
20,1773966846.1247182,1773966848.1350658,2.010347604751587,success
"sender: client18, message: > hello from client18"
