round,send_time,recv_time,rtt,status
1,1773966711.6556416,1773966713.633517,1.9778754711151123,success
2,1773966718.6814492,1773966720.7007406,2.019291400909424,success
3,1773966725.77457,1773966727.7878587,2.013288736343384,success
"sender: client7, message: > hello from client7"
4,1773966732.8445601,1773966734.8476794,2.0031192302703857,success
"sender: client7, message: > hello from client7"
5,1773966739.942956,1773966741.9196045,1.9766485691070557,success
6,1773966746.9931056,1773966748.9923425,1.999236822128296,success
"sender: client7, message: > hello from client7"
7,1773966754.0656087,1773966756.062929,1.9973201751708984,success
"sender: client7, message: > hello from client7"
8,1773966761.1247535,1773966763.165698,2.0409445762634277,success
"sender: client7, message: > hello from client7"
9,1773966768.2600863,1773966770.2317722,1.9716858863830566,success
"sender: client7, message: > hello from client7"
10,1773966775.279882,1773966777.2969766,2.017094612121582,success
"sender: client7, message: > hello from client7"
11,1773966782.3572042,1773966784.362665,2.005460739135742,success
"sender: client7, message: > hello from client7"
12,1773966789.4454613,1773966791.4306624,1.985201120376587,success
"sender: client7, message: > hello from client7"
13,1773966796.5102546,1773966798.5157282,2.0054736137390137,success
"sender: client7, message: > hello from client7"
14,1773966803.6141152,1773966805.6101398,1.9960246086120605,success
"sender: client7, message: > hello from client7"
15,1773966810.683543,1773966812.6787035,1.9951605796813965,success
"sender: client7, message: > hello from client7"
16,1773966817.8369713,1773966819.8207595,1.983788251876831,success
"sender: client7, message: > hello from client7"
17,1773966824.8912692,1773966826.8831522,1.9918830394744873,success
"sender: client7, message: > hello from client7"
18,1773966831.9579008,1773966833.9645305,2.006629705429077,success
"sender: client7, message: > hello from client7"
19,1773966839.0598826,1773966841.050839,1.9909563064575195,success
"sender: client7, message: > hello from client7"
20,1773966846.120207,1773966848.132896,2.0126888751983643,success
"sender: client7, message: > hello from client7"
