round,send_time,recv_time,rtt,status
2,1773954788.564064,1773954790.5229225,1.9588584899902344,success
