round,send_time,recv_time,rtt,status
2,1773958230.1612608,1773958232.1775613,2.0163004398345947,success
3,1773958237.1909738,1773958239.1999626,2.008988857269287,success
"sender: client49, message: > hello from client49"
4,1773958244.249846,1773958246.232912,1.9830660820007324,success
5,1773958251.296358,1773958253.2705014,1.9741432666778564,success
"sender: client49, message: > hello from client49"
6,1773958258.338253,1773958260.3236969,1.9854438304901123,success
"sender: client49, message: > hello from client49"
7,1773958265.3826334,1773958267.3641157,1.9814822673797607,success
"sender: client49, message: > hello from client49"
8,1773958272.437363,1773958274.4231546,1.9857916831970215,success
"sender: client49, message: > hello from client49"
9,1773958279.5276217,1773958281.479764,1.9521422386169434,success
"sender: client49, message: > hello from client49"
10,1773958286.548612,1773958288.5216753,1.9730632305145264,success
"sender: client49, message: > hello from client49"
11,1773958293.5907598,1773958295.5668323,1.9760725498199463,success
"sender: client49, message: > hello from client49"
12,1773958300.6349123,1773958302.6115937,1.9766814708709717,success
"sender: client49, message: > hello from client49"
13,1773958307.6883774,1773958309.6656415,1.977264165878296,success
"sender: client49, message: > hello from client49"
14,1773958314.7111285,1773958316.7343593,2.023230791091919,success
"sender: client49, message: > hello from client49"
15,1773958321.7836897,1773958323.754162,1.9704723358154297,success
"sender: client49, message: > hello from client49"
16,1773958328.8237953,1773958330.789293,1.9654977321624756,success
"sender: client49, message: > hello from client49"
17,1773958335.9014482,1773958337.8444047,1.9429564476013184,success
"sender: client49, message: > hello from client49"
18,1773958342.918187,1773958344.8903089,1.9721219539642334,success
"sender: client49, message: > hello from client49"
19,1773958349.9627733,1773958351.9476423,1.9848690032958984,success
"sender: client49, message: > hello from client49"
20,1773958356.9985607,1773958358.9848323,1.986271619796753,success
"sender: client49, message: > hello from client49"
