round,send_time,recv_time,rtt,status
1,1773966711.6410105,1773966713.635484,1.9944734573364258,success
2,1773966718.685152,1773966720.6995106,2.0143585205078125,success
3,1773966725.798251,1773966727.7868593,1.9886083602905273,success
"sender: client20, message: > hello from client20"
4,1773966732.8106778,1773966734.8485968,2.037919044494629,success
"sender: client20, message: > hello from client20"
5,1773966739.939912,1773966741.9228742,1.9829621315002441,success
"sender: client20, message: > hello from client20"
6,1773966746.995403,1773966748.9953196,1.9999165534973145,success
"sender: client20, message: > hello from client20"
7,1773966754.056313,1773966756.0629613,2.006648302078247,success
"sender: client20, message: > hello from client20"
8,1773966761.1318421,1773966763.1626182,2.030776023864746,success
"sender: client20, message: > hello from client20"
9,1773966768.2674468,1773966770.2316754,1.964228630065918,success
"sender: client20, message: > hello from client20"
10,1773966775.2800682,1773966777.2970648,2.0169966220855713,success
"sender: client20, message: > hello from client20"
11,1773966782.3612726,1773966784.3662672,2.0049946308135986,success
"sender: client20, message: > hello from client20"
12,1773966789.4542642,1773966791.4326084,1.978344202041626,success
"sender: client20, message: > hello from client20"
13,1773966796.506519,1773966798.517855,2.011335849761963,success
"sender: client20, message: > hello from client20"
14,1773966803.6191423,1773966805.60921,1.990067720413208,success
"sender: client20, message: > hello from client20"
15,1773966810.6717293,1773966812.6819792,2.0102498531341553,success
"sender: client20, message: > hello from client20"
16,1773966817.8415632,1773966819.8170204,1.9754571914672852,success
"sender: client20, message: > hello from client20"
17,1773966824.8994236,1773966826.8874528,1.9880292415618896,success
"sender: client20, message: > hello from client20"
18,1773966831.9702866,1773966833.9646196,1.994333028793335,success
"sender: client20, message: > hello from client20"
19,1773966839.0555975,1773966841.05289,1.9972925186157227,success
"sender: client20, message: > hello from client20"
20,1773966846.1339173,1773966848.1323974,1.9984800815582275,success
"sender: client20, message: > hello from client20"
