round,send_time,recv_time,rtt,status
2,1773954788.5826783,1773954790.5236337,1.940955400466919,success
