round,send_time,recv_time,rtt,status
2,1773958230.2090242,1773958232.1734722,1.9644479751586914,success
3,1773958237.2022712,1773958239.1840034,1.9817321300506592,success
4,1773958244.2446089,1773958246.2332942,1.9886853694915771,success
"sender: client6, message: > hello from client6"
5,1773958251.2971308,1773958253.2688355,1.9717047214508057,success
"sender: client6, message: > hello from client6"
6,1773958258.3409314,1773958260.3205059,1.97957444190979,success
"sender: client6, message: > hello from client6"
7,1773958265.3857007,1773958267.3634279,1.9777271747589111,success
"sender: client6, message: > hello from client6"
8,1773958272.4191313,1773958274.4208798,2.001748561859131,success
"sender: client6, message: > hello from client6"
9,1773958279.4889565,1773958281.477161,1.9882044792175293,success
"sender: client6, message: > hello from client6"
10,1773958286.5325875,1773958288.5213802,1.9887926578521729,success
11,1773958293.5908687,1773958295.5647106,1.973841905593872,success
"sender: client6, message: > hello from client6"
12,1773958300.6404717,1773958302.613089,1.9726173877716064,success
"sender: client6, message: > hello from client6"
13,1773958307.6786022,1773958309.6643677,1.9857654571533203,success
14,1773958314.8177705,1773958316.7346685,1.9168980121612549,success
"sender: client6, message: > hello from client6"
15,1773958321.7867467,1773958323.7545588,1.9678120613098145,success
"sender: client6, message: > hello from client6"
16,1773958328.8142633,1773958330.7887,1.9744367599487305,success
17,1773958335.887439,1773958337.8420427,1.954603672027588,success
18,1773958342.9158268,1773958344.8879862,1.9721593856811523,success
"sender: client6, message: > hello from client6"
19,1773958349.9470537,1773958351.9489374,2.0018837451934814,success
"sender: client6, message: > hello from client6"
20,1773958357.0144007,1773958358.9813638,1.9669630527496338,success
"sender: client6, message: > hello from client6"
