round,send_time,recv_time,rtt,status
1,1773966711.6178367,1773966713.6357074,2.0178706645965576,success
2,1773966718.7245233,1773966720.701122,1.9765987396240234,success
3,1773966725.7796237,1773966727.7874346,2.0078108310699463,success
"sender: client1, message: > hello from client1"
4,1773966732.843894,1773966734.8475811,2.0036871433258057,success
"sender: client1, message: > hello from client1"
5,1773966739.9345098,1773966741.9211683,1.9866585731506348,success
"sender: client1, message: > hello from client1"
6,1773966746.9939997,1773966748.9926245,1.9986248016357422,success
"sender: client1, message: > hello from client1"
7,1773966754.0629768,1773966756.0622954,1.9993185997009277,success
"sender: client1, message: > hello from client1"
8,1773966761.128373,1773966763.1607637,2.032390832901001,success
"sender: client1, message: > hello from client1"
9,1773966768.2641609,1773966770.229336,1.9651751518249512,success
"sender: client1, message: > hello from client1"
10,1773966775.281882,1773966777.296724,2.0148420333862305,success
"sender: client1, message: > hello from client1"
11,1773966782.3608704,1773966784.362956,2.0020856857299805,success
"sender: client1, message: > hello from client1"
12,1773966789.4543045,1773966791.431769,1.9774644374847412,success
"sender: client1, message: > hello from client1"
13,1773966796.5100322,1773966798.5170052,2.0069730281829834,success
"sender: client1, message: > hello from client1"
14,1773966803.5744417,1773966805.611721,2.0372793674468994,success
"sender: client1, message: > hello from client1"
15,1773966810.6843894,1773966812.6824496,1.9980602264404297,success
"sender: client1, message: > hello from client1"
16,1773966817.8136945,1773966819.8206906,2.0069961547851562,success
"sender: client1, message: > hello from client1"
17,1773966824.9063337,1773966826.8832977,1.976963996887207,success
"sender: client1, message: > hello from client1"
18,1773966831.964181,1773966833.9642875,2.0001065731048584,success
"sender: client1, message: > hello from client1"
19,1773966839.057692,1773966841.0490727,1.9913806915283203,success
"sender: client1, message: > hello from client1"
20,1773966846.1342921,1773966848.1323082,1.998016119003296,success
"sender: client1, message: > hello from client1"
