round,send_time,recv_time,rtt,status
2,1773958230.2061205,1773958232.1741195,1.96799898147583,success
3,1773958237.242084,1773958239.183964,1.9418799877166748,success
4,1773958244.2337813,1773958246.246397,2.01261568069458,success
5,1773958251.3071032,1773958253.26873,1.9616267681121826,success
"sender: client4, message: > hello from client4"
6,1773958258.3414428,1773958260.3206341,1.9791913032531738,success
"sender: client4, message: > hello from client4"
7,1773958265.3890126,1773958267.3676808,1.978668212890625,success
"sender: client4, message: > hello from client4"
8,1773958272.4382331,1773958274.4239333,1.9857001304626465,success
9,1773958279.5219867,1773958281.474889,1.9529023170471191,success
"sender: client4, message: > hello from client4"
10,1773958286.5434961,1773958288.5218368,1.9783406257629395,success
"sender: client4, message: > hello from client4"
11,1773958293.572584,1773958295.583888,2.0113041400909424,success
"sender: client4, message: > hello from client4"
12,1773958300.6399555,1773958302.6101413,1.9701857566833496,success
"sender: client4, message: > hello from client4"
13,1773958307.6798158,1773958309.6632738,1.9834580421447754,success
"sender: client4, message: > hello from client4"
14,1773958314.820107,1773958316.7312791,1.9111721515655518,success
"sender: client4, message: > hello from client4"
15,1773958321.7832305,1773958323.7531457,1.9699151515960693,success
"sender: client4, message: > hello from client4"
16,1773958328.8254185,1773958330.7868977,1.9614791870117188,success
17,1773958335.8786778,1773958337.8411407,1.9624629020690918,success
18,1773958342.9137511,1773958344.8900268,1.9762756824493408,success
"sender: client4, message: > hello from client4"
19,1773958349.9650147,1773958351.949394,1.9843792915344238,success
"sender: client4, message: > hello from client4"
20,1773958357.0118046,1773958358.984864,1.9730594158172607,success
"sender: client4, message: > hello from client4"
