round,send_time,recv_time,rtt,status
2,1773954788.5658808,1773954790.5243437,1.9584629535675049,success
