round,send_time,recv_time,rtt,status
1,1773958223.086849,1773958225.1416788,2.0548298358917236,success
2,1773958230.2071254,1773958232.1759,1.9687745571136475,success
3,1773958237.2423747,1773958239.183924,1.941549301147461,success
4,1773958244.2533438,1773958246.2304773,1.9771335124969482,success
"sender: client0, message: > hello from client0"
5,1773958251.3057666,1773958253.2683477,1.9625811576843262,success
"sender: client0, message: > hello from client0"
6,1773958258.3395994,1773958260.3202136,1.980614185333252,success
"sender: client0, message: > hello from client0"
7,1773958265.3848712,1773958267.367212,1.9823408126831055,success
"sender: client0, message: > hello from client0"
8,1773958272.432135,1773958274.42305,1.9909148216247559,success
"sender: client0, message: > hello from client0"
9,1773958279.527642,1773958281.4748378,1.9471957683563232,success
"sender: client0, message: > hello from client0"
10,1773958286.5436518,1773958288.5211358,1.9774839878082275,success
"sender: client0, message: > hello from client0"
11,1773958293.5898173,1773958295.5659363,1.976119041442871,success
"sender: client0, message: > hello from client0"
12,1773958300.622981,1773958302.629051,2.0060698986053467,success
"sender: client0, message: > hello from client0"
13,1773958307.685105,1773958309.6665592,1.9814541339874268,success
"sender: client0, message: > hello from client0"
14,1773958314.7087646,1773958316.7354248,2.026660203933716,success
"sender: client0, message: > hello from client0"
15,1773958321.783092,1773958323.755045,1.9719529151916504,success
"sender: client0, message: > hello from client0"
16,1773958328.8162751,1773958330.7867782,1.9705030918121338,success
"sender: client0, message: > hello from client0"
17,1773958335.8962266,1773958337.8412514,1.9450247287750244,success
"sender: client0, message: > hello from client0"
18,1773958342.8897915,1773958344.9065082,2.016716718673706,success
"sender: client0, message: > hello from client0"
19,1773958349.9559603,1773958351.9484496,1.9924893379211426,success
"sender: client0, message: > hello from client0"
20,1773958356.996482,1773958358.9802325,1.983750581741333,success
"sender: client0, message: > hello from client0"
