round,send_time,recv_time,rtt,status
1,1773966711.6495082,1773966713.6334956,1.9839873313903809,success
2,1773966718.7189796,1773966720.6997428,1.9807631969451904,success
3,1773966725.7757742,1773966727.7872865,2.011512279510498,success
"sender: client45, message: > hello from client45"
4,1773966732.8431852,1773966734.8487792,2.00559401512146,success
"sender: client45, message: > hello from client45"
5,1773966739.9448366,1773966741.9205866,1.9757499694824219,success
"sender: client45, message: > hello from client45"
6,1773966746.989452,1773966748.996356,2.006904125213623,success
"sender: client45, message: > hello from client45"
7,1773966754.06806,1773966756.06573,1.9976701736450195,success
"sender: client45, message: > hello from client45"
8,1773966761.1436596,1773966763.165294,2.021634340286255,success
"sender: client45, message: > hello from client45"
9,1773966768.2673836,1773966770.2345273,1.9671437740325928,success
10,1773966775.2750387,1773966777.2983093,2.023270606994629,success
"sender: client45, message: > hello from client45"
11,1773966782.362619,1773966784.3659077,2.003288745880127,success
"sender: client45, message: > hello from client45"
12,1773966789.43767,1773966791.4335492,1.9958791732788086,success
"sender: client45, message: > hello from client45"
13,1773966796.5071862,1773966798.5177689,2.010582685470581,success
"sender: client45, message: > hello from client45"
14,1773966803.6175487,1773966805.6099052,1.992356538772583,success
"sender: client45, message: > hello from client45"
15,1773966810.6714096,1773966812.681674,2.0102643966674805,success
"sender: client45, message: > hello from client45"
16,1773966817.8434694,1773966819.8211896,1.9777202606201172,success
"sender: client45, message: > hello from client45"
17,1773966824.905551,1773966826.8863304,1.9807794094085693,success
"sender: client45, message: > hello from client45"
18,1773966831.972137,1773966833.9655175,1.9933805465698242,success
"sender: client45, message: > hello from client45"
19,1773966839.0586455,1773966841.0502985,1.9916529655456543,success
"sender: client45, message: > hello from client45"
20,1773966846.1300592,1773966848.1340091,2.0039498805999756,success
"sender: client45, message: > hello from client45"
