round,send_time,recv_time,rtt,status
2,1773958230.2021573,1773958232.1783917,1.9762344360351562,success
3,1773958237.1975708,1773958239.1846526,1.98708176612854,success
4,1773958244.2488227,1773958246.233729,1.9849061965942383,success
"sender: client40, message: > hello from client40"
5,1773958251.3047972,1773958253.2691553,1.9643580913543701,success
6,1773958258.34119,1773958260.3226604,1.9814703464508057,success
"sender: client40, message: > hello from client40"
7,1773958265.3787448,1773958267.367098,1.9883532524108887,success
"sender: client40, message: > hello from client40"
8,1773958272.4179976,1773958274.4299529,2.0119552612304688,success
"sender: client40, message: > hello from client40"
9,1773958279.520663,1773958281.4801886,1.9595255851745605,success
"sender: client40, message: > hello from client40"
10,1773958286.543928,1773958288.521594,1.9776661396026611,success
"sender: client40, message: > hello from client40"
11,1773958293.5952961,1773958295.5672302,1.9719340801239014,success
"sender: client40, message: > hello from client40"
12,1773958300.6348813,1773958302.611826,1.9769446849822998,success
"sender: client40, message: > hello from client40"
13,1773958307.6703382,1773958309.6801324,2.009794235229492,success
"sender: client40, message: > hello from client40"
14,1773958314.715706,1773958316.7308772,2.0151710510253906,success
"sender: client40, message: > hello from client40"
15,1773958321.778122,1773958323.7535932,1.9754712581634521,success
"sender: client40, message: > hello from client40"
16,1773958328.820062,1773958330.7894504,1.969388484954834,success
"sender: client40, message: > hello from client40"
17,1773958335.8946805,1773958337.8438983,1.9492177963256836,success
"sender: client40, message: > hello from client40"
18,1773958342.9121158,1773958344.8900836,1.9779677391052246,success
"sender: client40, message: > hello from client40"
19,1773958349.9571881,1773958351.9494267,1.9922385215759277,success
"sender: client40, message: > hello from client40"
20,1773958357.005255,1773958358.9959753,1.990720272064209,success
"sender: client40, message: > hello from client40"
