round,send_time,recv_time,rtt,status
1,1773966711.653116,1773966713.6346936,1.9815776348114014,success
2,1773966718.6847649,1773966720.7021866,2.0174217224121094,success
3,1773966725.7941751,1773966727.78653,1.9923548698425293,success
"sender: client41, message: > hello from client41"
4,1773966732.8385503,1773966734.8485582,2.010007858276367,success
"sender: client41, message: > hello from client41"
5,1773966739.9429142,1773966741.920657,1.9777426719665527,success
"sender: client41, message: > hello from client41"
6,1773966746.994893,1773966748.9966557,2.001762628555298,success
"sender: client41, message: > hello from client41"
7,1773966754.0701842,1773966756.0656888,1.99550461769104,success
"sender: client41, message: > hello from client41"
8,1773966761.1249056,1773966763.163922,2.0390164852142334,success
"sender: client41, message: > hello from client41"
9,1773966768.2634044,1773966770.2281554,1.9647510051727295,success
"sender: client41, message: > hello from client41"
10,1773966775.2823102,1773966777.29785,2.0155396461486816,success
"sender: client41, message: > hello from client41"
11,1773966782.3593137,1773966784.363838,2.0045242309570312,success
"sender: client41, message: > hello from client41"
12,1773966789.4488118,1773966791.435042,1.9862301349639893,success
"sender: client41, message: > hello from client41"
13,1773966796.5084236,1773966798.5175984,2.0091748237609863,success
"sender: client41, message: > hello from client41"
14,1773966803.6160069,1773966805.6098034,1.9937965869903564,success
"sender: client41, message: > hello from client41"
15,1773966810.6731772,1773966812.681326,2.008148670196533,success
"sender: client41, message: > hello from client41"
16,1773966817.837836,1773966819.817599,1.9797630310058594,success
"sender: client41, message: > hello from client41"
17,1773966824.9062781,1773966826.8839643,1.9776861667633057,success
"sender: client41, message: > hello from client41"
18,1773966831.9672477,1773966833.9647393,1.9974915981292725,success
"sender: client41, message: > hello from client41"
19,1773966839.0518763,1773966841.0503225,1.9984462261199951,success
"sender: client41, message: > hello from client41"
20,1773966846.1323981,1773966848.1325486,2.000150442123413,success
"sender: client41, message: > hello from client41"
