round,send_time,recv_time,rtt,status
2,1773954788.5864573,1773954790.523934,1.937476634979248,success
