round,send_time,recv_time,rtt,status
2,1773958230.198613,1773958232.1740897,1.9754767417907715,success
3,1773958237.2322006,1773958239.1838832,1.9516825675964355,success
"sender: client15, message: > hello from client15"
4,1773958244.2592053,1773958246.2308943,1.971688985824585,success
5,1773958251.2931323,1773958253.2693186,1.9761862754821777,success
"sender: client15, message: > hello from client15"
6,1773958258.3366091,1773958260.3220284,1.9854192733764648,success
7,1773958265.386678,1773958267.3640046,1.9773266315460205,success
"sender: client15, message: > hello from client15"
8,1773958272.43607,1773958274.420605,1.9845349788665771,success
"sender: client15, message: > hello from client15"
9,1773958279.5280426,1773958281.4767852,1.9487426280975342,success
10,1773958286.550177,1773958288.5220122,1.9718351364135742,success
"sender: client15, message: > hello from client15"
11,1773958293.597425,1773958295.5690892,1.9716641902923584,success
"sender: client15, message: > hello from client15"
12,1773958300.6242614,1773958302.6107924,1.9865310192108154,success
"sender: client15, message: > hello from client15"
13,1773958307.6855626,1773958309.6648839,1.9793212413787842,success
"sender: client15, message: > hello from client15"
14,1773958314.8162165,1773958316.7300541,1.9138376712799072,success
"sender: client15, message: > hello from client15"
15,1773958321.784562,1773958323.7530844,1.968522310256958,success
"sender: client15, message: > hello from client15"
16,1773958328.8211975,1773958330.7886305,1.967432975769043,success
"sender: client15, message: > hello from client15"
17,1773958335.897126,1773958337.8413599,1.9442338943481445,success
"sender: client15, message: > hello from client15"
18,1773958342.8964694,1773958344.9063482,2.0098788738250732,success
"sender: client15, message: > hello from client15"
19,1773958349.957061,1773958351.9398038,1.9827427864074707,success
20,1773958357.0143373,1773958358.9814405,1.9671032428741455,success
"sender: client15, message: > hello from client15"
