round,send_time,recv_time,rtt,status
2,1773958230.2108238,1773958232.1383822,1.927558422088623,success
3,1773958237.2261162,1773958239.1840703,1.9579541683197021,success
4,1773958244.241117,1773958246.248714,2.007596969604492,success
"sender: client16, message: > hello from client16"
5,1773958251.303089,1773958253.269435,1.966346025466919,success
"sender: client16, message: > hello from client16"
6,1773958258.3255818,1773958260.3351974,2.009615659713745,success
"sender: client16, message: > hello from client16"
7,1773958265.391833,1773958267.3636143,1.9717812538146973,success
"sender: client16, message: > hello from client16"
8,1773958272.4365585,1773958274.4205673,1.9840087890625,success
"sender: client16, message: > hello from client16"
9,1773958279.5064855,1773958281.4785042,1.9720187187194824,success
"sender: client16, message: > hello from client16"
10,1773958286.5473638,1773958288.5224512,1.9750874042510986,success
"sender: client16, message: > hello from client16"
11,1773958293.598282,1773958295.5654535,1.9671714305877686,success
"sender: client16, message: > hello from client16"
12,1773958300.6386344,1773958302.6123197,1.9736852645874023,success
"sender: client16, message: > hello from client16"
13,1773958307.6684139,1773958309.6796482,2.0112342834472656,success
"sender: client16, message: > hello from client16"
14,1773958314.8237445,1773958316.733348,1.9096033573150635,success
"sender: client16, message: > hello from client16"
15,1773958321.7865758,1773958323.754998,1.9684221744537354,success
16,1773958328.8207107,1773958330.790032,1.9693212509155273,success
"sender: client16, message: > hello from client16"
17,1773958335.9011445,1773958337.8421474,1.9410028457641602,success
18,1773958342.9142184,1773958344.891274,1.977055549621582,success
"sender: client16, message: > hello from client16"
19,1773958349.9648578,1773958351.9401543,1.9752964973449707,success
"sender: client16, message: > hello from client16"
20,1773958357.0099268,1773958358.982461,1.9725341796875,success
"sender: client16, message: > hello from client16"
