round,send_time,recv_time,rtt,status
2,1773958230.2118187,1773958232.1736457,1.961827039718628,success
3,1773958237.1956933,1773958239.1852064,1.9895131587982178,success
4,1773958244.2590463,1773958246.2324297,1.9733834266662598,success
"sender: client45, message: > hello from client45"
5,1773958251.3034048,1773958253.2691936,1.9657888412475586,success
"sender: client45, message: > hello from client45"
6,1773958258.3406973,1773958260.3221743,1.9814770221710205,success
"sender: client45, message: > hello from client45"
7,1773958265.3918061,1773958267.3656158,1.9738097190856934,success
"sender: client45, message: > hello from client45"
8,1773958272.428559,1773958274.4277587,1.999199628829956,success
"sender: client45, message: > hello from client45"
9,1773958279.5180576,1773958281.4797206,1.961663007736206,success
"sender: client45, message: > hello from client45"
10,1773958286.5377176,1773958288.5216432,1.9839255809783936,success
"sender: client45, message: > hello from client45"
11,1773958293.5974302,1773958295.5678422,1.970412015914917,success
"sender: client45, message: > hello from client45"
12,1773958300.6386454,1773958302.611514,1.9728686809539795,success
"sender: client45, message: > hello from client45"
13,1773958307.6633673,1773958309.6803782,2.0170109272003174,success
"sender: client45, message: > hello from client45"
14,1773958314.715166,1773958316.7348425,2.019676446914673,success
15,1773958321.7834458,1773958323.754439,1.9709932804107666,success
"sender: client45, message: > hello from client45"
16,1773958328.815154,1773958330.7905076,1.975353479385376,success
"sender: client45, message: > hello from client45"
17,1773958335.8893561,1773958337.8442905,1.9549343585968018,success
"sender: client45, message: > hello from client45"
18,1773958342.9104116,1773958344.8902256,1.979814052581787,success
"sender: client45, message: > hello from client45"
19,1773958349.964914,1773958351.9377844,1.9728703498840332,success
"sender: client45, message: > hello from client45"
20,1773958357.013298,1773958358.9857016,1.9724035263061523,success
"sender: client45, message: > hello from client45"
