round,send_time,recv_time,rtt,status
1,1773966711.6427014,1773966713.6341548,1.9914534091949463,success
2,1773966718.737364,1773966720.6986167,1.9612526893615723,success
3,1773966725.7851279,1773966727.7864041,2.0012762546539307,success
"sender: client34, message: > hello from client34"
4,1773966732.840021,1773966734.8485045,2.008483648300171,success
"sender: client34, message: > hello from client34"
5,1773966739.9385333,1773966741.920563,1.982029676437378,success
"sender: client34, message: > hello from client34"
6,1773966746.9872377,1773966748.996734,2.0094962120056152,success
"sender: client34, message: > hello from client34"
7,1773966754.061154,1773966756.066176,2.0050220489501953,success
"sender: client34, message: > hello from client34"
8,1773966761.1428216,1773966763.1660404,2.023218870162964,success
"sender: client34, message: > hello from client34"
9,1773966768.264935,1773966770.2353573,1.9704222679138184,success
"sender: client34, message: > hello from client34"
10,1773966775.281264,1773966777.298961,2.0176968574523926,success
"sender: client34, message: > hello from client34"
11,1773966782.3609095,1773966784.3661816,2.005272150039673,success
"sender: client34, message: > hello from client34"
12,1773966789.4476132,1773966791.435553,1.9879398345947266,success
"sender: client34, message: > hello from client34"
13,1773966796.5055244,1773966798.5164766,2.0109522342681885,success
"sender: client34, message: > hello from client34"
14,1773966803.6148686,1773966805.609616,1.9947474002838135,success
"sender: client34, message: > hello from client34"
15,1773966810.6587965,1773966812.681648,2.0228514671325684,success
"sender: client34, message: > hello from client34"
16,1773966817.738808,1773966819.8185472,2.0797393321990967,success
"sender: client34, message: > hello from client34"
17,1773966824.903684,1773966826.892148,1.988464117050171,success
"sender: client34, message: > hello from client34"
18,1773966831.9719281,1773966833.9660313,1.994103193283081,success
"sender: client34, message: > hello from client34"
19,1773966839.0567582,1773966841.0497885,1.993030309677124,success
"sender: client34, message: > hello from client34"
20,1773966846.1319,1773966848.135148,2.0032479763031006,success
"sender: client34, message: > hello from client34"
