round,send_time,recv_time,rtt,status
2,1773958230.1921341,1773958232.1381736,1.9460394382476807,success
3,1773958237.1947956,1773958239.1847816,1.9899859428405762,success
4,1773958244.2515569,1773958246.2316432,1.980086326599121,success
"sender: client32, message: > hello from client32"
5,1773958251.2924721,1773958253.2702582,1.9777860641479492,success
"sender: client32, message: > hello from client32"
6,1773958258.3368278,1773958260.320906,1.9840781688690186,success
"sender: client32, message: > hello from client32"
7,1773958265.3931897,1773958267.3673398,1.9741501808166504,success
"sender: client32, message: > hello from client32"
8,1773958272.439537,1773958274.4215953,1.9820582866668701,success
"sender: client32, message: > hello from client32"
9,1773958279.5300806,1773958281.4807804,1.950699806213379,success
"sender: client32, message: > hello from client32"
10,1773958286.5439851,1773958288.5221655,1.9781804084777832,success
"sender: client32, message: > hello from client32"
11,1773958293.584441,1773958295.569062,1.9846210479736328,success
"sender: client32, message: > hello from client32"
12,1773958300.6396098,1773958302.611428,1.971818208694458,success
"sender: client32, message: > hello from client32"
13,1773958307.6848335,1773958309.6633763,1.9785428047180176,success
"sender: client32, message: > hello from client32"
14,1773958314.8180873,1773958316.7274988,1.9094114303588867,success
"sender: client32, message: > hello from client32"
15,1773958321.7806766,1773958323.7550657,1.9743890762329102,success
"sender: client32, message: > hello from client32"
16,1773958328.8241777,1773958330.788687,1.9645092487335205,success
"sender: client32, message: > hello from client32"
17,1773958335.901193,1773958337.8428378,1.9416449069976807,success
"sender: client32, message: > hello from client32"
18,1773958342.9147158,1773958344.8920987,1.9773828983306885,success
"sender: client32, message: > hello from client32"
19,1773958349.9605978,1773958351.9401145,1.9795167446136475,success
"sender: client32, message: > hello from client32"
20,1773958357.0033457,1773958358.996027,1.9926812648773193,success
"sender: client32, message: > hello from client32"
