round,send_time,recv_time,rtt,status
1,1773966711.6405942,1773966713.634733,1.9941387176513672,success
2,1773966718.7415671,1773966720.6995516,1.957984447479248,success
3,1773966725.770957,1773966727.7869284,2.0159714221954346,success
"sender: client27, message: > hello from client27"
4,1773966732.8343914,1773966734.8491938,2.0148024559020996,success
"sender: client27, message: > hello from client27"
5,1773966739.9370677,1773966741.9209812,1.9839134216308594,success
"sender: client27, message: > hello from client27"
6,1773966746.9939134,1773966748.995365,2.0014514923095703,success
"sender: client27, message: > hello from client27"
7,1773966754.0643277,1773966756.0630934,1.9987657070159912,success
"sender: client27, message: > hello from client27"
8,1773966761.1410618,1773966763.160957,2.019895315170288,success
"sender: client27, message: > hello from client27"
9,1773966768.2690315,1773966770.231907,1.9628753662109375,success
"sender: client27, message: > hello from client27"
10,1773966775.2827666,1773966777.2973719,2.0146052837371826,success
"sender: client27, message: > hello from client27"
11,1773966782.3620355,1773966784.3638747,2.0018391609191895,success
"sender: client27, message: > hello from client27"
12,1773966789.4507618,1773966791.4343684,1.9836065769195557,success
"sender: client27, message: > hello from client27"
13,1773966796.509121,1773966798.5186903,2.0095694065093994,success
"sender: client27, message: > hello from client27"
14,1773966803.619824,1773966805.6119716,1.99214768409729,success
15,1773966810.6793866,1773966812.6813655,2.001978874206543,success
"sender: client27, message: > hello from client27"
16,1773966817.7394292,1773966819.818616,2.0791866779327393,success
"sender: client27, message: > hello from client27"
17,1773966824.9057307,1773966826.8875718,1.9818410873413086,success
"sender: client27, message: > hello from client27"
18,1773966831.965607,1773966833.9645422,1.9989352226257324,success
"sender: client27, message: > hello from client27"
19,1773966839.0559702,1773966841.049683,1.9937129020690918,success
"sender: client27, message: > hello from client27"
20,1773966846.12106,1773966848.1337779,2.0127179622650146,success
"sender: client27, message: > hello from client27"
