round,send_time,recv_time,rtt,status
2,1773958230.2082186,1773958232.1773627,1.9691441059112549,success
3,1773958237.1771703,1773958239.201284,2.024113655090332,success
4,1773958244.243153,1773958246.2487473,2.005594253540039,success
"sender: client36, message: > hello from client36"
5,1773958251.292695,1773958253.2713902,1.9786951541900635,success
"sender: client36, message: > hello from client36"
6,1773958258.3352156,1773958260.3218262,1.9866106510162354,success
"sender: client36, message: > hello from client36"
7,1773958265.3807507,1773958267.3676562,1.986905574798584,success
"sender: client36, message: > hello from client36"
8,1773958272.4401531,1773958274.4230824,1.9829292297363281,success
"sender: client36, message: > hello from client36"
9,1773958279.522778,1773958281.4810224,1.9582443237304688,success
"sender: client36, message: > hello from client36"
10,1773958286.5213723,1773958288.5583122,2.036939859390259,success
"sender: client36, message: > hello from client36"
11,1773958293.5886357,1773958295.5681112,1.979475498199463,success
"sender: client36, message: > hello from client36"
12,1773958300.6405644,1773958302.6114144,1.9708499908447266,success
"sender: client36, message: > hello from client36"
13,1773958307.6888492,1773958309.664258,1.9754087924957275,success
"sender: client36, message: > hello from client36"
14,1773958314.7098505,1773958316.7327313,2.022880792617798,success
"sender: client36, message: > hello from client36"
15,1773958321.7869222,1773958323.7534528,1.9665305614471436,success
"sender: client36, message: > hello from client36"
16,1773958328.8198211,1773958330.7873423,1.9675211906433105,success
"sender: client36, message: > hello from client36"
17,1773958335.8951979,1773958337.8434734,1.9482755661010742,success
18,1773958342.9134698,1773958344.8916252,1.9781553745269775,success
"sender: client36, message: > hello from client36"
19,1773958349.9553888,1773958351.9399726,1.984583854675293,success
"sender: client36, message: > hello from client36"
20,1773958357.0103378,1773958358.9814804,1.9711425304412842,success
"sender: client36, message: > hello from client36"
