round,send_time,recv_time,rtt,status
2,1773958230.1788101,1773958232.1737287,1.9949185848236084,success
3,1773958237.2316122,1773958239.1850927,1.9534804821014404,success
4,1773958244.2414758,1773958246.2470226,2.005546808242798,success
"sender: client46, message: > hello from client46"
5,1773958251.3080277,1773958253.2693546,1.9613268375396729,success
6,1773958258.3374794,1773958260.322403,1.9849236011505127,success
"sender: client46, message: > hello from client46"
7,1773958265.3931568,1773958267.3672538,1.9740970134735107,success
"sender: client46, message: > hello from client46"
8,1773958272.4201071,1773958274.4225628,2.002455711364746,success
"sender: client46, message: > hello from client46"
9,1773958279.5110185,1773958281.480855,1.9698364734649658,success
"sender: client46, message: > hello from client46"
10,1773958286.5338225,1773958288.5218158,1.9879932403564453,success
"sender: client46, message: > hello from client46"
11,1773958293.584807,1773958295.568042,1.9832351207733154,success
"sender: client46, message: > hello from client46"
12,1773958300.6408207,1773958302.6127489,1.9719281196594238,success
"sender: client46, message: > hello from client46"
13,1773958307.6888874,1773958309.666235,1.9773476123809814,success
"sender: client46, message: > hello from client46"
14,1773958314.7156594,1773958316.7308583,2.0151989459991455,success
"sender: client46, message: > hello from client46"
15,1773958321.787116,1773958323.7536438,1.9665277004241943,success
"sender: client46, message: > hello from client46"
16,1773958328.8076844,1773958330.8174918,2.0098073482513428,success
"sender: client46, message: > hello from client46"
17,1773958335.895203,1773958337.8441114,1.9489083290100098,success
"sender: client46, message: > hello from client46"
18,1773958342.9086637,1773958344.8888874,1.9802236557006836,success
"sender: client46, message: > hello from client46"
19,1773958349.9641507,1773958351.9397848,1.9756340980529785,success
"sender: client46, message: > hello from client46"
20,1773958357.0125813,1773958358.984993,1.9724116325378418,success
"sender: client46, message: > hello from client46"
