round,send_time,recv_time,rtt,status
2,1773958230.1494226,1773958232.1784167,2.028994083404541,success
3,1773958237.2235029,1773958239.184704,1.9612011909484863,success
"sender: client18, message: > hello from client18"
4,1773958244.2499816,1773958246.2311676,1.9811859130859375,success
5,1773958251.2866073,1773958253.2931304,2.0065231323242188,success
"sender: client18, message: > hello from client18"
6,1773958258.3347225,1773958260.3238778,1.9891552925109863,success
7,1773958265.391611,1773958267.36341,1.9717988967895508,success
"sender: client18, message: > hello from client18"
8,1773958272.422429,1773958274.4229348,2.0005056858062744,success
"sender: client18, message: > hello from client18"
9,1773958279.5153518,1773958281.4802825,1.964930772781372,success
10,1773958286.5385277,1773958288.5214345,1.9829068183898926,success
"sender: client18, message: > hello from client18"
11,1773958293.5896282,1773958295.5652173,1.9755890369415283,success
"sender: client18, message: > hello from client18"
12,1773958300.6328144,1773958302.610859,1.9780445098876953,success
"sender: client18, message: > hello from client18"
13,1773958307.689009,1773958309.6668532,1.97784423828125,success
"sender: client18, message: > hello from client18"
14,1773958314.8106375,1773958316.733163,1.9225256443023682,success
"sender: client18, message: > hello from client18"
15,1773958321.7773054,1773958323.754066,1.9767606258392334,success
"sender: client18, message: > hello from client18"
16,1773958328.812746,1773958330.7897272,1.9769811630249023,success
17,1773958335.888982,1773958337.842219,1.9532370567321777,success
"sender: client18, message: > hello from client18"
18,1773958342.915571,1773958344.889022,1.9734511375427246,success
"sender: client18, message: > hello from client18"
19,1773958349.9554186,1773958351.9388835,1.9834649562835693,success
"sender: client18, message: > hello from client18"
20,1773958356.9965103,1773958358.983459,1.9869487285614014,success
"sender: client18, message: > hello from client18"
