round,send_time,recv_time,rtt,status
1,1773966711.6449182,1773966713.635539,1.9906208515167236,success
2,1773966718.6894095,1773966720.6996107,2.0102012157440186,success
"sender: client29, message: > hello from client29"
3,1773966725.7921712,1773966727.7866526,1.9944813251495361,success
"sender: client29, message: > hello from client29"
4,1773966732.8434837,1773966734.849843,2.006359338760376,success
"sender: client29, message: > hello from client29"
5,1773966739.9198668,1773966741.920813,2.000946283340454,success
"sender: client29, message: > hello from client29"
6,1773966746.9904678,1773966748.9926472,2.0021793842315674,success
7,1773966754.0683208,1773966756.0643482,1.9960274696350098,success
"sender: client29, message: > hello from client29"
8,1773966761.1431098,1773966763.1659029,2.0227930545806885,success
"sender: client29, message: > hello from client29"
9,1773966768.2506137,1773966770.2310052,1.980391502380371,success
"sender: client29, message: > hello from client29"
10,1773966775.2780259,1773966777.2968025,2.0187766551971436,success
"sender: client29, message: > hello from client29"
11,1773966782.3602436,1773966784.3646793,2.0044357776641846,success
"sender: client29, message: > hello from client29"
12,1773966789.4516504,1773966791.4326744,1.9810240268707275,success
"sender: client29, message: > hello from client29"
13,1773966796.5113068,1773966798.5182157,2.006908893585205,success
"sender: client29, message: > hello from client29"
14,1773966803.609022,1773966805.6094246,2.0004026889801025,success
"sender: client29, message: > hello from client29"
15,1773966810.682964,1773966812.6799166,1.9969525337219238,success
"sender: client29, message: > hello from client29"
16,1773966817.8446867,1773966819.8159654,1.9712786674499512,success
"sender: client29, message: > hello from client29"
17,1773966824.8718255,1773966826.8841302,2.0123047828674316,success
"sender: client29, message: > hello from client29"
18,1773966831.9720616,1773966833.9649115,1.9928498268127441,success
"sender: client29, message: > hello from client29"
19,1773966839.0541904,1773966841.0497613,1.9955708980560303,success
"sender: client29, message: > hello from client29"
20,1773966846.1227243,1773966848.1338713,2.0111470222473145,success
"sender: client29, message: > hello from client29"
