round,send_time,recv_time,rtt,status
1,1773953308.5161264,,,missed
1,1773953308.5161264,1773953313.6101155,5.093989133834839,late
2,1773953316.5411391,,,missed
2,1773953316.5411391,1773953321.57788,5.036740779876709,late
3,1773953324.5704327,,,missed
3,1773953324.5704327,1773953329.659625,5.0891923904418945,late
4,1773953332.597252,,,missed
4,1773953332.597252,1773953337.6934009,5.09614896774292,late
5,1773953340.6228464,,,missed
5,1773953340.6228464,1773953345.7022061,5.079359769821167,late
