round,send_time,recv_time,rtt,status
1,1773966711.6572468,1773966713.6347222,1.9774754047393799,success
2,1773966718.7415352,1773966720.6994448,1.9579095840454102,success
"sender: client48, message: > hello from client48"
3,1773966725.7938442,1773966727.7863545,1.9925103187561035,success
"sender: client48, message: > hello from client48"
4,1773966732.8395686,1773966734.849952,2.010383367538452,success
"sender: client48, message: > hello from client48"
5,1773966739.9337964,1773966741.9210098,1.987213373184204,success
"sender: client48, message: > hello from client48"
6,1773966746.9874787,1773966748.9954467,2.007967948913574,success
7,1773966754.0620773,1773966756.0662985,2.004221200942993,success
"sender: client48, message: > hello from client48"
8,1773966761.1428645,1773966763.164274,2.021409511566162,success
"sender: client48, message: > hello from client48"
9,1773966768.265172,1773966770.2329798,1.9678077697753906,success
"sender: client48, message: > hello from client48"
10,1773966775.2805347,1773966777.2974725,2.016937732696533,success
"sender: client48, message: > hello from client48"
11,1773966782.352458,1773966784.366161,2.0137031078338623,success
"sender: client48, message: > hello from client48"
12,1773966789.4392445,1773966791.4329123,1.9936678409576416,success
"sender: client48, message: > hello from client48"
13,1773966796.4730818,1773966798.516942,2.0438601970672607,success
"sender: client48, message: > hello from client48"
14,1773966803.6139023,1773966805.6117563,1.9978539943695068,success
"sender: client48, message: > hello from client48"
15,1773966810.6825922,1773966812.680616,1.9980237483978271,success
"sender: client48, message: > hello from client48"
16,1773966817.7359095,1773966819.8211164,2.085206985473633,success
"sender: client48, message: > hello from client48"
17,1773966824.899094,1773966826.888041,1.9889469146728516,success
"sender: client48, message: > hello from client48"
18,1773966831.9722528,1773966833.965383,1.9931302070617676,success
"sender: client48, message: > hello from client48"
19,1773966839.0551863,1773966841.0503507,1.995164394378662,success
"sender: client48, message: > hello from client48"
20,1773966846.126005,1773966848.13269,2.0066850185394287,success
"sender: client48, message: > hello from client48"
