round,send_time,recv_time,rtt,status
1,1773966711.6428328,1773966713.633653,1.9908201694488525,success
2,1773966718.7227952,1773966720.6996891,1.9768939018249512,success
"sender: client25, message: > hello from client25"
3,1773966725.7860754,1773966727.7841759,1.9981005191802979,success
"sender: client25, message: > hello from client25"
4,1773966732.842978,1773966734.8491044,2.0061264038085938,success
"sender: client25, message: > hello from client25"
5,1773966739.8996966,1773966741.920959,2.0212624073028564,success
"sender: client25, message: > hello from client25"
6,1773966746.9859252,1773966748.9954274,2.0095021724700928,success
"sender: client25, message: > hello from client25"
7,1773966754.0643961,1773966756.0663626,2.0019664764404297,success
"sender: client25, message: > hello from client25"
8,1773966761.1314533,1773966763.1656597,2.0342063903808594,success
"sender: client25, message: > hello from client25"
9,1773966768.2628279,1773966770.2280684,1.965240478515625,success
"sender: client25, message: > hello from client25"
10,1773966775.2823124,1773966777.2973278,2.0150153636932373,success
"sender: client25, message: > hello from client25"
11,1773966782.360171,1773966784.362763,2.002591848373413,success
"sender: client25, message: > hello from client25"
12,1773966789.4449608,1773966791.4325757,1.9876148700714111,success
"sender: client25, message: > hello from client25"
13,1773966796.5078728,1773966798.5159655,2.0080926418304443,success
"sender: client25, message: > hello from client25"
14,1773966803.6135173,1773966805.6120512,1.9985339641571045,success
"sender: client25, message: > hello from client25"
15,1773966810.6820078,1773966812.6797645,1.9977567195892334,success
"sender: client25, message: > hello from client25"
16,1773966817.8386295,1773966819.817409,1.9787795543670654,success
"sender: client25, message: > hello from client25"
17,1773966824.8918264,1773966826.8848,1.9929735660552979,success
"sender: client25, message: > hello from client25"
18,1773966831.9684408,1773966833.9659865,1.9975457191467285,success
"sender: client25, message: > hello from client25"
19,1773966839.0477123,1773966841.049952,2.00223970413208,success
"sender: client25, message: > hello from client25"
20,1773966846.1326404,1773966848.132528,1.9998877048492432,success
"sender: client25, message: > hello from client25"
