round,send_time,recv_time,rtt,status
2,1773958230.2108142,1773958232.173426,1.9626116752624512,success
3,1773958237.2204776,1773958239.1846187,1.9641411304473877,success
"sender: client34, message: > hello from client34"
4,1773958244.255323,1773958246.231688,1.976365089416504,success
"sender: client34, message: > hello from client34"
5,1773958251.2968493,1773958253.2718346,1.9749853610992432,success
"sender: client34, message: > hello from client34"
6,1773958258.3276086,1773958260.3350728,2.0074641704559326,success
"sender: client34, message: > hello from client34"
7,1773958265.378083,1773958267.3672268,1.9891438484191895,success
"sender: client34, message: > hello from client34"
8,1773958272.4180157,1773958274.4299397,2.0119240283966064,success
"sender: client34, message: > hello from client34"
9,1773958279.5247684,1773958281.477892,1.9531235694885254,success
"sender: client34, message: > hello from client34"
10,1773958286.529122,1773958288.5583916,2.0292694568634033,success
"sender: client34, message: > hello from client34"
11,1773958293.5891566,1773958295.5690315,1.979874849319458,success
"sender: client34, message: > hello from client34"
12,1773958300.642403,1773958302.6110463,1.9686434268951416,success
"sender: client34, message: > hello from client34"
13,1773958307.6830282,1773958309.6637738,1.980745553970337,success
"sender: client34, message: > hello from client34"
14,1773958314.8226647,1773958316.7349076,1.9122428894042969,success
15,1773958321.7768872,1773958323.7535021,1.9766149520874023,success
"sender: client34, message: > hello from client34"
16,1773958328.814122,1773958330.7895527,1.9754307270050049,success
"sender: client34, message: > hello from client34"
17,1773958335.8986099,1773958337.8438578,1.9452478885650635,success
"sender: client34, message: > hello from client34"
18,1773958342.9197628,1773958344.8916104,1.9718475341796875,success
"sender: client34, message: > hello from client34"
19,1773958349.96492,1773958351.9490285,1.9841084480285645,success
20,1773958356.991322,1773958358.983061,1.99173903465271,success
"sender: client34, message: > hello from client34"
