round,send_time,recv_time,rtt,status
1,1773966711.5954807,1773966713.6351733,2.0396926403045654,success
2,1773966718.7369854,1773966720.698532,1.9615466594696045,success
3,1773966725.7841816,1773966727.7858467,2.0016651153564453,success
4,1773966732.8396428,1773966734.8479836,2.008340835571289,success
"sender: client8, message: > hello from client8"
5,1773966739.9301794,1773966741.9217737,1.9915943145751953,success
"sender: client8, message: > hello from client8"
6,1773966746.9869745,1773966748.995297,2.0083224773406982,success
"sender: client8, message: > hello from client8"
7,1773966754.0702915,1773966756.066199,1.9959075450897217,success
"sender: client8, message: > hello from client8"
8,1773966761.1243093,1773966763.165893,2.041583776473999,success
"sender: client8, message: > hello from client8"
9,1773966768.26598,1773966770.228101,1.9621210098266602,success
"sender: client8, message: > hello from client8"
10,1773966775.2754567,1773966777.297982,2.0225253105163574,success
"sender: client8, message: > hello from client8"
11,1773966782.3621414,1773966784.3647485,2.0026071071624756,success
"sender: client8, message: > hello from client8"
12,1773966789.4540582,1773966791.4331205,1.9790623188018799,success
"sender: client8, message: > hello from client8"
13,1773966796.5069013,1773966798.5165572,2.0096559524536133,success
"sender: client8, message: > hello from client8"
14,1773966803.6063542,1773966805.6091275,2.0027732849121094,success
"sender: client8, message: > hello from client8"
15,1773966810.6811042,1773966812.678841,1.997736930847168,success
"sender: client8, message: > hello from client8"
16,1773966817.8447583,1773966819.8210397,1.9762814044952393,success
"sender: client8, message: > hello from client8"
17,1773966824.885672,1773966826.8835034,1.9978313446044922,success
"sender: client8, message: > hello from client8"
18,1773966831.971252,1773966833.9649014,1.9936494827270508,success
"sender: client8, message: > hello from client8"
19,1773966839.0542004,1773966841.0510943,1.9968938827514648,success
"sender: client8, message: > hello from client8"
20,1773966846.1312454,1773966848.1329737,2.0017282962799072,success
"sender: client8, message: > hello from client8"
