round,send_time,recv_time,rtt,status
1,1773966711.653926,1773966713.6343129,1.9803869724273682,success
2,1773966718.7395954,1773966720.7034519,1.9638564586639404,success
"sender: client12, message: > hello from client12"
3,1773966725.7983253,1773966727.7868965,1.9885711669921875,success
4,1773966732.842879,1773966734.848847,2.005967855453491,success
5,1773966739.9255862,1773966741.9231153,1.9975290298461914,success
"sender: client12, message: > hello from client12"
6,1773966746.9934986,1773966748.9926667,1.9991681575775146,success
"sender: client12, message: > hello from client12"
7,1773966754.04871,1773966756.063415,2.014704942703247,success
"sender: client12, message: > hello from client12"
8,1773966761.139624,1773966763.1633818,2.0237576961517334,success
"sender: client12, message: > hello from client12"
9,1773966768.2787747,1773966770.2342584,1.9554836750030518,success
"sender: client12, message: > hello from client12"
10,1773966775.278668,1773966777.2966413,2.0179734230041504,success
"sender: client12, message: > hello from client12"
11,1773966782.3626084,1773966784.3628452,2.000236749649048,success
"sender: client12, message: > hello from client12"
12,1773966789.452956,1773966791.4329534,1.9799973964691162,success
"sender: client12, message: > hello from client12"
13,1773966796.5121017,1773966798.5161011,2.0039994716644287,success
"sender: client12, message: > hello from client12"
14,1773966803.5766091,1773966805.6098518,2.033242702484131,success
15,1773966810.6793656,1773966812.681448,2.002082347869873,success
"sender: client12, message: > hello from client12"
16,1773966817.7361972,1773966819.8177047,2.081507444381714,success
"sender: client12, message: > hello from client12"
17,1773966824.8994665,1773966826.8837302,1.9842636585235596,success
"sender: client12, message: > hello from client12"
18,1773966831.9722576,1773966833.9644792,1.9922215938568115,success
"sender: client12, message: > hello from client12"
19,1773966839.0599613,1773966841.0496194,1.9896581172943115,success
"sender: client12, message: > hello from client12"
20,1773966846.119532,1773966848.1330342,2.0135021209716797,success
"sender: client12, message: > hello from client12"
