round,send_time,recv_time,rtt,status
2,1773954788.5852478,1773954790.521359,1.9361112117767334,success
