round,send_time,recv_time,rtt,status
2,1773954788.5847986,1773954790.5224063,1.937607765197754,success
