round,send_time,recv_time,rtt,status
2,1773954788.535994,1773954790.5381086,2.0021145343780518,success
