round,send_time,recv_time,rtt,status
2,1773958230.2070062,1773958232.1774626,1.9704563617706299,success
3,1773958237.216537,1773958239.1862304,1.9696934223175049,success
4,1773958244.2489867,1773958246.2313411,1.9823544025421143,success
"sender: client33, message: > hello from client33"
5,1773958251.300565,1773958253.2713554,1.9707903861999512,success
"sender: client33, message: > hello from client33"
6,1773958258.3305123,1773958260.3226907,1.9921784400939941,success
"sender: client33, message: > hello from client33"
7,1773958265.3669899,1773958267.382366,2.015376091003418,success
"sender: client33, message: > hello from client33"
8,1773958272.4357517,1773958274.4238153,1.9880635738372803,success
"sender: client33, message: > hello from client33"
9,1773958279.5292163,1773958281.4771163,1.9479000568389893,success
"sender: client33, message: > hello from client33"
10,1773958286.5305657,1773958288.5582826,2.027716875076294,success
"sender: client33, message: > hello from client33"
11,1773958293.5956626,1773958295.5674846,1.9718220233917236,success
"sender: client33, message: > hello from client33"
12,1773958300.6385057,1773958302.6117344,1.9732286930084229,success
"sender: client33, message: > hello from client33"
13,1773958307.6819513,1773958309.6653223,1.9833710193634033,success
"sender: client33, message: > hello from client33"
14,1773958314.8207176,1773958316.7276392,1.906921625137329,success
"sender: client33, message: > hello from client33"
15,1773958321.7852666,1773958323.7559495,1.9706828594207764,success
"sender: client33, message: > hello from client33"
16,1773958328.8192813,1773958330.7899356,1.9706542491912842,success
"sender: client33, message: > hello from client33"
17,1773958335.891385,1773958337.8427744,1.9513893127441406,success
"sender: client33, message: > hello from client33"
18,1773958342.9185903,1773958344.891344,1.9727537631988525,success
"sender: client33, message: > hello from client33"
19,1773958349.9548693,1773958351.9400446,1.985175371170044,success
"sender: client33, message: > hello from client33"
20,1773958357.010693,1773958358.9827652,1.9720721244812012,success
"sender: client33, message: > hello from client33"
