round,send_time,recv_time,rtt,status
1,1773957531.2040043,1773957534.2112637,3.0072593688964844,success
2,1773957540.2271307,1773957543.2902277,3.0630970001220703,success
"sender: client15, message: > hello from client15"
3,1773957549.2552497,1773957552.3389945,3.083744764328003,success
"sender: client15, message: > hello from client15"
4,1773957558.2940814,1773957561.3181808,3.024099349975586,success
"sender: client15, message: > hello from client15"
5,1773957567.3146358,1773957570.4099586,3.095322847366333,success
6,1773957576.3526413,1773957579.4420168,3.0893754959106445,success
"sender: client15, message: > hello from client15"
7,1773957585.3711708,1773957588.3994877,3.0283169746398926,success
"sender: client15, message: > hello from client15"
8,1773957594.4101672,1773957597.499847,3.089679718017578,success
"sender: client15, message: > hello from client15"
9,1773957603.4459093,1773957606.524319,3.0784096717834473,success
"sender: client15, message: > hello from client15"
10,1773957612.470342,1773957615.5408387,3.0704967975616455,success
"sender: client15, message: > hello from client15"
11,1773957621.5789285,1773957624.631681,3.0527524948120117,success
"sender: client15, message: > hello from client15"
12,1773957630.6105833,1773957633.6932693,3.082685947418213,success
"sender: client15, message: > hello from client15"
13,1773957639.6393309,1773957642.7174423,3.078111410140991,success
"sender: client15, message: > hello from client15"
14,1773957648.6826835,1773957651.7763803,3.0936968326568604,success
"sender: client15, message: > hello from client15"
15,1773957657.7100465,1773957660.7792566,3.0692100524902344,success
"sender: client15, message: > hello from client15"
16,1773957666.73432,1773957669.7900987,3.055778741836548,success
"sender: client15, message: > hello from client15"
17,1773957675.7613685,1773957678.8604226,3.0990540981292725,success
"sender: client15, message: > hello from client15"
18,1773957684.801743,1773957687.8833332,3.081590175628662,success
"sender: client15, message: > hello from client15"
19,1773957693.8179188,1773957696.9160142,3.098095417022705,success
"sender: client15, message: > hello from client15"
20,1773957702.8630843,1773957705.9199123,3.056828022003174,success
"sender: client15, message: > hello from client15"
