round,send_time,recv_time,rtt,status
1,1773957531.188135,1773957534.211134,3.0229990482330322,success
2,1773957540.22799,1773957543.290472,3.0624821186065674,success
"sender: client8, message: > hello from client8"
3,1773957549.2483447,1773957552.3386116,3.0902669429779053,success
"sender: client8, message: > hello from client8"
4,1773957558.3019483,1773957561.286738,2.9847896099090576,success
"sender: client8, message: > hello from client8"
5,1773957567.3243952,1773957570.408705,3.0843098163604736,success
"sender: client8, message: > hello from client8"
6,1773957576.3539848,1773957579.4427092,3.088724374771118,success
"sender: client8, message: > hello from client8"
7,1773957585.3829398,1773957588.3994563,3.0165164470672607,success
"sender: client8, message: > hello from client8"
8,1773957594.4118228,1773957597.5002582,3.088435411453247,success
"sender: client8, message: > hello from client8"
9,1773957603.450847,1773957606.5244548,3.073607921600342,success
"sender: client8, message: > hello from client8"
10,1773957612.4703119,1773957615.5415502,3.0712382793426514,success
"sender: client8, message: > hello from client8"
11,1773957621.5823832,1773957624.6317072,3.0493240356445312,success
12,1773957630.607561,1773957633.693731,3.086169958114624,success
"sender: client8, message: > hello from client8"
13,1773957639.6335866,1773957642.7171977,3.083611011505127,success
"sender: client8, message: > hello from client8"
14,1773957648.6856086,1773957651.7765727,3.0909640789031982,success
"sender: client8, message: > hello from client8"
15,1773957657.7132752,1773957660.7789757,3.0657005310058594,success
"sender: client8, message: > hello from client8"
16,1773957666.7371798,1773957669.790063,3.0528831481933594,success
"sender: client8, message: > hello from client8"
17,1773957675.770997,1773957678.8617868,3.090789794921875,success
"sender: client8, message: > hello from client8"
18,1773957684.797736,1773957687.8830206,3.08528470993042,success
"sender: client8, message: > hello from client8"
19,1773957693.8271706,1773957696.9162056,3.0890350341796875,success
"sender: client8, message: > hello from client8"
20,1773957702.85925,1773957705.9197843,3.0605342388153076,success
"sender: client8, message: > hello from client8"
