round,send_time,recv_time,rtt,status
1,1773957531.2142942,1773957534.187382,2.973087787628174,success
2,1773957540.2317822,1773957543.2903545,3.058572292327881,success
"sender: client16, message: > hello from client16"
3,1773957549.2497096,1773957552.338682,3.088972330093384,success
"sender: client16, message: > hello from client16"
4,1773957558.299632,1773957561.3182733,3.018641233444214,success
"sender: client16, message: > hello from client16"
5,1773957567.3233874,1773957570.4094744,3.0860869884490967,success
6,1773957576.3512697,1773957579.4418156,3.090545892715454,success
"sender: client16, message: > hello from client16"
7,1773957585.3725088,1773957588.3993225,3.0268137454986572,success
"sender: client16, message: > hello from client16"
8,1773957594.4057271,1773957597.5003908,3.094663619995117,success
"sender: client16, message: > hello from client16"
9,1773957603.4479866,1773957606.5244353,3.076448678970337,success
"sender: client16, message: > hello from client16"
10,1773957612.4758582,1773957615.5400875,3.0642292499542236,success
"sender: client16, message: > hello from client16"
11,1773957621.5824978,1773957624.631496,3.0489981174468994,success
"sender: client16, message: > hello from client16"
12,1773957630.6032424,1773957633.6941962,3.090953826904297,success
"sender: client16, message: > hello from client16"
13,1773957639.6328506,1773957642.7159252,3.0830745697021484,success
"sender: client16, message: > hello from client16"
14,1773957648.6833696,1773957651.775828,3.0924582481384277,success
"sender: client16, message: > hello from client16"
15,1773957657.7280366,1773957660.7051213,2.9770846366882324,success
"sender: client16, message: > hello from client16"
16,1773957666.7437322,1773957669.789394,3.045661687850952,success
"sender: client16, message: > hello from client16"
17,1773957675.7680972,1773957678.8613625,3.0932652950286865,success
"sender: client16, message: > hello from client16"
18,1773957684.7918873,1773957687.8831897,3.0913023948669434,success
"sender: client16, message: > hello from client16"
19,1773957693.8281758,1773957696.9166048,3.0884289741516113,success
"sender: client16, message: > hello from client16"
20,1773957702.857634,1773957705.9196596,3.062025547027588,success
"sender: client16, message: > hello from client16"
