round,send_time,recv_time,rtt,status
1,1773957531.213054,1773957534.1877887,2.9747347831726074,success
2,1773957540.2297387,1773957543.2901864,3.0604476928710938,success
"sender: client10, message: > hello from client10"
3,1773957549.2539244,1773957552.3385754,3.084650993347168,success
"sender: client10, message: > hello from client10"
4,1773957558.3021936,1773957561.2865617,2.984368085861206,success
"sender: client10, message: > hello from client10"
5,1773957567.321599,1773957570.409257,3.087657928466797,success
"sender: client10, message: > hello from client10"
6,1773957576.352899,1773957579.4428387,3.089939594268799,success
"sender: client10, message: > hello from client10"
7,1773957585.380904,1773957588.3991659,3.0182619094848633,success
"sender: client10, message: > hello from client10"
8,1773957594.4115424,1773957597.5000553,3.088512897491455,success
"sender: client10, message: > hello from client10"
9,1773957603.4503224,1773957606.5238929,3.073570489883423,success
"sender: client10, message: > hello from client10"
10,1773957612.4747782,1773957615.5407243,3.065946102142334,success
"sender: client10, message: > hello from client10"
11,1773957621.6075068,1773957624.5721602,2.964653491973877,success
"sender: client10, message: > hello from client10"
12,1773957630.6089773,1773957633.694243,3.085265636444092,success
"sender: client10, message: > hello from client10"
13,1773957639.6342204,1773957642.717403,3.0831825733184814,success
"sender: client10, message: > hello from client10"
14,1773957648.680216,1773957651.77507,3.0948538780212402,success
"sender: client10, message: > hello from client10"
15,1773957657.710087,1773957660.7789397,3.068852663040161,success
"sender: client10, message: > hello from client10"
16,1773957666.7431498,1773957669.7892063,3.0460565090179443,success
"sender: client10, message: > hello from client10"
17,1773957675.7611063,1773957678.861994,3.1008877754211426,success
"sender: client10, message: > hello from client10"
18,1773957684.8001454,1773957687.8836474,3.0835020542144775,success
"sender: client10, message: > hello from client10"
19,1773957693.82913,1773957696.9160514,3.086921453475952,success
"sender: client10, message: > hello from client10"
20,1773957702.8588374,1773957705.920082,3.0612447261810303,success
