round,send_time,recv_time,rtt,status
1,1773957531.207669,1773957534.1876132,2.9799442291259766,success
2,1773957540.2244766,1773957543.2910156,3.0665390491485596,success
"sender: client7, message: > hello from client7"
3,1773957549.251717,1773957552.3393257,3.087608575820923,success
"sender: client7, message: > hello from client7"
4,1773957558.3008428,1773957561.318379,3.017536163330078,success
"sender: client7, message: > hello from client7"
5,1773957567.32345,1773957570.4090555,3.0856053829193115,success
"sender: client7, message: > hello from client7"
6,1773957576.347307,1773957579.4420497,3.094742774963379,success
"sender: client7, message: > hello from client7"
7,1773957585.373317,1773957588.399216,3.0258989334106445,success
"sender: client7, message: > hello from client7"
8,1773957594.4036007,1773957597.500607,3.097006320953369,success
"sender: client7, message: > hello from client7"
9,1773957603.4486353,1773957606.52479,3.0761547088623047,success
"sender: client7, message: > hello from client7"
10,1773957612.4724734,1773957615.540895,3.0684216022491455,success
"sender: client7, message: > hello from client7"
11,1773957621.5830498,1773957624.6319494,3.0488996505737305,success
12,1773957630.5932739,1773957633.693985,3.1007111072540283,success
"sender: client7, message: > hello from client7"
13,1773957639.6390588,1773957642.7159874,3.0769286155700684,success
"sender: client7, message: > hello from client7"
14,1773957648.6870198,1773957651.775585,3.0885651111602783,success
"sender: client7, message: > hello from client7"
15,1773957657.7149055,1773957660.7793705,3.064465045928955,success
16,1773957666.7434814,1773957669.7901511,3.0466697216033936,success
"sender: client7, message: > hello from client7"
17,1773957675.7731009,1773957678.8608768,3.087775945663452,success
"sender: client7, message: > hello from client7"
18,1773957684.795398,1773957687.882892,3.087493896484375,success
"sender: client7, message: > hello from client7"
19,1773957693.820956,1773957696.9166305,3.095674514770508,success
"sender: client7, message: > hello from client7"
20,1773957702.8639548,1773957705.92003,3.05607533454895,success
"sender: client7, message: > hello from client7"
