round,send_time,recv_time,rtt,status
1,1773957531.2080636,1773957534.1876945,2.979630947113037,success
2,1773957540.2300568,1773957543.2903209,3.0602641105651855,success
"sender: client0, message: > hello from client0"
3,1773957549.255312,1773957552.3387458,3.0834338665008545,success
"sender: client0, message: > hello from client0"
4,1773957558.301063,1773957561.317641,3.016577959060669,success
"sender: client0, message: > hello from client0"
5,1773957567.3152301,1773957570.4089177,3.0936875343322754,success
6,1773957576.3520162,1773957579.4417741,3.0897579193115234,success
"sender: client0, message: > hello from client0"
7,1773957585.3815744,1773957588.3990912,3.017516851425171,success
"sender: client0, message: > hello from client0"
8,1773957594.4087422,1773957597.4992766,3.0905344486236572,success
"sender: client0, message: > hello from client0"
9,1773957603.4492745,1773957606.524369,3.07509446144104,success
"sender: client0, message: > hello from client0"
10,1773957612.4757884,1773957615.5418055,3.0660171508789062,success
"sender: client0, message: > hello from client0"
11,1773957621.5830686,1773957624.6319997,3.048931121826172,success
"sender: client0, message: > hello from client0"
12,1773957630.6096275,1773957633.6936798,3.084052324295044,success
"sender: client0, message: > hello from client0"
13,1773957639.6405885,1773957642.7161942,3.075605630874634,success
"sender: client0, message: > hello from client0"
14,1773957648.6826687,1773957651.775947,3.093278408050537,success
"sender: client0, message: > hello from client0"
15,1773957657.7283914,1773957660.7053144,2.9769229888916016,success
"sender: client0, message: > hello from client0"
16,1773957666.7449312,1773957669.7895694,3.044638156890869,success
"sender: client0, message: > hello from client0"
17,1773957675.7733092,1773957678.861584,3.0882747173309326,success
"sender: client0, message: > hello from client0"
18,1773957684.8016403,1773957687.8835654,3.0819251537323,success
"sender: client0, message: > hello from client0"
19,1773957693.8277636,1773957696.9158924,3.0881288051605225,success
"sender: client0, message: > hello from client0"
20,1773957702.8622766,1773957705.9201949,3.0579183101654053,success
"sender: client0, message: > hello from client0"
