round,send_time,recv_time,rtt,status
1,1773957531.2004633,1773957534.211241,3.010777711868286,success
2,1773957540.2317636,1773957543.2906911,3.058927536010742,success
"sender: client5, message: > hello from client5"
3,1773957549.2529066,1773957552.3388216,3.0859150886535645,success
"sender: client5, message: > hello from client5"
4,1773957558.3024287,1773957561.2866657,2.9842369556427,success
"sender: client5, message: > hello from client5"
5,1773957567.320981,1773957570.4101152,3.0891342163085938,success
"sender: client5, message: > hello from client5"
6,1773957576.3481967,1773957579.442261,3.094064235687256,success
"sender: client5, message: > hello from client5"
7,1773957585.3838196,1773957588.39881,3.0149903297424316,success
"sender: client5, message: > hello from client5"
8,1773957594.3983326,1773957597.5001109,3.101778268814087,success
"sender: client5, message: > hello from client5"
9,1773957603.4442246,1773957606.5240822,3.079857587814331,success
"sender: client5, message: > hello from client5"
10,1773957612.4730992,1773957615.5412035,3.0681042671203613,success
"sender: client5, message: > hello from client5"
11,1773957621.583553,1773957624.6317606,3.0482075214385986,success
"sender: client5, message: > hello from client5"
12,1773957630.6063719,1773957633.6929886,3.0866167545318604,success
"sender: client5, message: > hello from client5"
13,1773957639.639976,1773957642.7172616,3.0772855281829834,success
"sender: client5, message: > hello from client5"
14,1773957648.6853056,1773957651.7761006,3.0907950401306152,success
"sender: client5, message: > hello from client5"
15,1773957657.7120144,1773957660.7794518,3.0674374103546143,success
16,1773957666.7461333,1773957669.788966,3.042832612991333,success
"sender: client5, message: > hello from client5"
17,1773957675.768494,1773957678.861034,3.0925400257110596,success
"sender: client5, message: > hello from client5"
18,1773957684.800477,1773957687.883216,3.0827388763427734,success
"sender: client5, message: > hello from client5"
19,1773957693.8241923,1773957696.9161277,3.091935396194458,success
"sender: client5, message: > hello from client5"
20,1773957702.862837,1773957705.9207795,3.0579423904418945,success
"sender: client5, message: > hello from client5"
