round,send_time,recv_time,rtt,status
1,1773957531.2136106,1773957534.187579,2.973968267440796,success
"sender: client9, message: > hello from client9"
2,1773957540.2307427,1773957543.290138,3.0593953132629395,success
"sender: client9, message: > hello from client9"
3,1773957549.251117,1773957552.3392236,3.088106632232666,success
"sender: client9, message: > hello from client9"
4,1773957558.2996833,1773957561.3179915,3.018308162689209,success
"sender: client9, message: > hello from client9"
5,1773957567.3209467,1773957570.410026,3.0890793800354004,success
"sender: client9, message: > hello from client9"
6,1773957576.355495,1773957579.4421077,3.0866127014160156,success
"sender: client9, message: > hello from client9"
7,1773957585.3800666,1773957588.3990378,3.0189712047576904,success
"sender: client9, message: > hello from client9"
8,1773957594.4114966,1773957597.501632,3.090135335922241,success
"sender: client9, message: > hello from client9"
9,1773957603.448108,1773957606.5237246,3.0756165981292725,success
"sender: client9, message: > hello from client9"
10,1773957612.4698124,1773957615.5403905,3.070578098297119,success
"sender: client9, message: > hello from client9"
11,1773957621.5812874,1773957624.6319795,3.050692081451416,success
12,1773957630.6094813,1773957633.6925943,3.083112955093384,success
"sender: client9, message: > hello from client9"
13,1773957639.638722,1773957642.7156525,3.076930522918701,success
"sender: client9, message: > hello from client9"
14,1773957648.6743767,1773957651.7742167,3.099839925765991,success
"sender: client9, message: > hello from client9"
15,1773957657.7145538,1773957660.7791286,3.064574718475342,success
"sender: client9, message: > hello from client9"
16,1773957666.7428284,1773957669.788469,3.045640707015991,success
"sender: client9, message: > hello from client9"
17,1773957675.7662632,1773957678.8618977,3.0956344604492188,success
"sender: client9, message: > hello from client9"
18,1773957684.8017192,1773957687.8827357,3.0810165405273438,success
"sender: client9, message: > hello from client9"
19,1773957693.8256295,1773957696.915453,3.0898234844207764,success
"sender: client9, message: > hello from client9"
20,1773957702.8641853,1773957705.9194365,3.055251121520996,success
"sender: client9, message: > hello from client9"
