round,send_time,recv_time,rtt,status
1,1773957531.2151918,1773957534.1877306,2.972538709640503,success
2,1773957540.2297547,1773957543.2909763,3.0612215995788574,success
"sender: client12, message: > hello from client12"
3,1773957549.2541316,1773957552.3388917,3.0847601890563965,success
"sender: client12, message: > hello from client12"
4,1773957558.2928233,1773957561.3171961,3.0243728160858154,success
"sender: client12, message: > hello from client12"
5,1773957567.3227868,1773957570.409079,3.086292266845703,success
"sender: client12, message: > hello from client12"
6,1773957576.345458,1773957579.4413486,3.095890522003174,success
"sender: client12, message: > hello from client12"
7,1773957585.3748484,1773957588.3989506,3.024102210998535,success
"sender: client12, message: > hello from client12"
8,1773957594.4125867,1773957597.5007699,3.0881831645965576,success
"sender: client12, message: > hello from client12"
9,1773957603.44364,1773957606.5239491,3.0803091526031494,success
"sender: client12, message: > hello from client12"
10,1773957612.4716141,1773957615.541726,3.0701119899749756,success
"sender: client12, message: > hello from client12"
11,1773957621.5959537,1773957624.5722418,2.976288080215454,success
"sender: client12, message: > hello from client12"
12,1773957630.6068687,1773957633.6941411,3.0872724056243896,success
"sender: client12, message: > hello from client12"
13,1773957639.6399918,1773957642.7172375,3.0772457122802734,success
"sender: client12, message: > hello from client12"
14,1773957648.676508,1773957651.776218,3.099709987640381,success
"sender: client12, message: > hello from client12"
15,1773957657.7114182,1773957660.7785046,3.0670864582061768,success
"sender: client12, message: > hello from client12"
16,1773957666.7383513,1773957669.7896163,3.051265001296997,success
"sender: client12, message: > hello from client12"
17,1773957675.769506,1773957678.8610818,3.091575860977173,success
"sender: client12, message: > hello from client12"
18,1773957684.8012483,1773957687.8827808,3.0815324783325195,success
"sender: client12, message: > hello from client12"
19,1773957693.823844,1773957696.9170434,3.0931994915008545,success
"sender: client12, message: > hello from client12"
20,1773957702.863595,1773957705.9201272,3.056532144546509,success
