round,send_time,recv_time,rtt,status
1,1773957531.21245,1773957534.1875134,2.9750633239746094,success
2,1773957540.229811,1773957543.291235,3.0614240169525146,success
"sender: client2, message: > hello from client2"
3,1773957549.2509665,1773957552.3380134,3.0870468616485596,success
"sender: client2, message: > hello from client2"
4,1773957558.3021224,1773957561.317624,3.0155017375946045,success
"sender: client2, message: > hello from client2"
5,1773957567.324423,1773957570.4089527,3.0845296382904053,success
"sender: client2, message: > hello from client2"
6,1773957576.3552096,1773957579.4427478,3.087538242340088,success
"sender: client2, message: > hello from client2"
7,1773957585.3754678,1773957588.3991177,3.0236499309539795,success
"sender: client2, message: > hello from client2"
8,1773957594.4078841,1773957597.4989223,3.091038227081299,success
"sender: client2, message: > hello from client2"
9,1773957603.4438643,1773957606.5238485,3.079984188079834,success
"sender: client2, message: > hello from client2"
10,1773957612.459849,1773957615.5411217,3.081272602081299,success
"sender: client2, message: > hello from client2"
11,1773957621.583938,1773957624.631575,3.0476372241973877,success
"sender: client2, message: > hello from client2"
12,1773957630.6048136,1773957633.6939425,3.0891289710998535,success
"sender: client2, message: > hello from client2"
13,1773957639.6361232,1773957642.7173772,3.081254005432129,success
"sender: client2, message: > hello from client2"
14,1773957648.6852329,1773957651.77661,3.091377019882202,success
"sender: client2, message: > hello from client2"
15,1773957657.709742,1773957660.7793508,3.069608688354492,success
"sender: client2, message: > hello from client2"
16,1773957666.7453253,1773957669.7890766,3.0437512397766113,success
"sender: client2, message: > hello from client2"
17,1773957675.7726934,1773957678.8619382,3.089244842529297,success
"sender: client2, message: > hello from client2"
18,1773957684.801213,1773957687.882812,3.081598997116089,success
"sender: client2, message: > hello from client2"
19,1773957693.8274133,1773957696.916936,3.08952260017395,success
"sender: client2, message: > hello from client2"
20,1773957702.855615,1773957705.9206996,3.06508469581604,success
"sender: client2, message: > hello from client2"
