round,send_time,recv_time,rtt,status
1,1773959738.162328,1773959740.1749418,2.0126137733459473,success
2,1773959745.3128831,1773959747.2211525,1.9082694053649902,success
3,1773959752.3656445,1773959754.282332,1.9166874885559082,success
4,1773959759.369653,1773959761.3478365,1.9781835079193115,success
"sender: client25, message: > hello from client25"
5,1773959766.4926326,1773959768.4068909,1.9142582416534424,success
"sender: client25, message: > hello from client25"
6,1773959773.5164168,1773959775.5598345,2.0434176921844482,success
"sender: client25, message: > hello from client25"
7,1773959780.6320598,1773959782.5917509,1.959691047668457,success
8,1773959787.6711113,1773959789.6494627,1.978351354598999,success
"sender: client25, message: > hello from client25"
9,1773959794.7454689,1773959796.7522902,2.006821393966675,success
10,1773959801.835066,1773959803.7867332,1.951667070388794,success
"sender: client25, message: > hello from client25"
11,1773959808.8800037,1773959810.8540978,1.9740941524505615,success
"sender: client25, message: > hello from client25"
