round,send_time,recv_time,rtt,status
2,1773960193.6786966,1773960195.630219,1.9515223503112793,success
3,1773960200.8510413,1773960202.7007656,1.849724292755127,success
4,1773960207.8655045,1773960209.781754,1.9162495136260986,success
"sender: client7, message: > hello from client7"
5,1773960214.83694,1773960216.8474443,2.0105042457580566,success
6,1773960221.9391394,1773960223.91386,1.9747207164764404,success
"sender: client7, message: > hello from client7"
7,1773960229.0184734,1773960230.9841042,1.9656307697296143,success
"sender: client7, message: > hello from client7"
8,1773960236.0731828,1773960238.0486581,1.9754753112792969,success
"sender: client7, message: > hello from client7"
9,1773960243.1410642,1773960245.1168015,1.9757373332977295,success
"sender: client7, message: > hello from client7"
10,1773960250.2129753,1773960252.17875,1.9657747745513916,success
"sender: client7, message: > hello from client7"
11,1773960257.321039,1773960259.2526085,1.9315695762634277,success
"sender: client7, message: > hello from client7"
12,1773960264.344666,1773960266.3147266,1.9700605869293213,success
"sender: client7, message: > hello from client7"
13,1773960271.386439,1773960273.3911977,2.004758596420288,success
"sender: client7, message: > hello from client7"
14,1773960278.4934134,1773960280.4596443,1.966230869293213,success
"sender: client7, message: > hello from client7"
15,1773960285.5511534,1773960287.5185897,1.9674363136291504,success
"sender: client7, message: > hello from client7"
16,1773960292.6227086,1773960294.5831606,1.9604520797729492,success
"sender: client7, message: > hello from client7"
17,1773960299.6610377,1773960301.6524153,1.991377592086792,success
"sender: client7, message: > hello from client7"
18,1773960306.749904,1773960308.7078226,1.957918643951416,success
"sender: client7, message: > hello from client7"
19,1773960313.8100848,1773960315.800137,1.9900522232055664,success
"sender: client7, message: > hello from client7"
20,1773960320.9057734,1773960322.8660734,1.9602999687194824,success
"sender: client7, message: > hello from client7"
