round,send_time,recv_time,rtt,status
3,1773960200.8338993,1773960202.7039227,1.870023488998413,success
4,1773960207.8242705,1773960209.7770236,1.9527530670166016,success
5,1773960214.8413324,1773960216.8552656,2.0139331817626953,success
"sender: client75, message: > hello from client75"
6,1773960221.9554274,1773960223.9178388,1.9624114036560059,success
"sender: client75, message: > hello from client75"
7,1773960229.0176504,1773960230.98609,1.9684395790100098,success
"sender: client75, message: > hello from client75"
8,1773960236.0699918,1773960238.0487065,1.9787147045135498,success
"sender: client75, message: > hello from client75"
9,1773960243.141306,1773960245.1174653,1.9761593341827393,success
"sender: client75, message: > hello from client75"
10,1773960250.2077227,1773960252.1932876,1.985564947128296,success
"sender: client75, message: > hello from client75"
11,1773960257.3205414,1773960259.251394,1.9308526515960693,success
"sender: client75, message: > hello from client75"
12,1773960264.3221853,1773960266.3236217,2.001436471939087,success
"sender: client75, message: > hello from client75"
13,1773960271.4021065,1773960273.3910632,1.9889566898345947,success
"sender: client75, message: > hello from client75"
14,1773960278.461339,1773960280.459813,1.99847412109375,success
"sender: client75, message: > hello from client75"
15,1773960285.5647285,1773960287.5210822,1.9563536643981934,success
"sender: client75, message: > hello from client75"
16,1773960292.6094992,1773960294.5900075,1.9805083274841309,success
"sender: client75, message: > hello from client75"
17,1773960299.6743522,1773960301.651918,1.9775657653808594,success
"sender: client75, message: > hello from client75"
18,1773960306.732013,1773960308.718856,1.9868431091308594,success
"sender: client75, message: > hello from client75"
19,1773960313.8074763,1773960315.811045,2.003568649291992,success
"sender: client75, message: > hello from client75"
20,1773960320.9138331,1773960322.8669205,1.953087329864502,success
"sender: client75, message: > hello from client75"
