round,send_time,recv_time,rtt,status
1,1773959887.9247935,1773959889.9914596,2.0666661262512207,success
2,1773959895.0834856,1773959896.9734018,1.889916181564331,success
3,1773959902.1378343,1773959904.0264218,1.888587474822998,success
4,1773959909.0870912,1773959911.0913498,2.004258632659912,success
5,1773959916.20411,1773959918.155324,1.951214075088501,success
6,1773959923.2364635,1773959925.211731,1.9752674102783203,success
"sender: client15, message: > hello from client15"
7,1773959930.2877233,1773959932.2766016,1.9888782501220703,success
"sender: client15, message: > hello from client15"
8,1773959937.3636227,1773959939.3355381,1.9719154834747314,success
"sender: client15, message: > hello from client15"
9,1773959944.4094863,1773959946.3963988,1.986912488937378,success
"sender: client15, message: > hello from client15"
10,1773959951.5009816,1773959953.4608145,1.9598329067230225,success
