round,send_time,recv_time,rtt,status
2,1773966924.6264896,1773966926.572369,1.9458794593811035,success
3,1773966931.6525958,1773966933.6890268,2.036431074142456,success
4,1773966938.8044374,1773966940.8078933,2.003455877304077,success
"sender: client87, message: > hello from client87"
5,1773966945.8916426,1773966947.9135852,2.021942615509033,success
"sender: client87, message: > hello from client87"
6,1773966953.0174649,1773966955.0488706,2.0314056873321533,success
"sender: client87, message: > hello from client87"
7,1773966960.1610496,1773966962.1678767,2.0068271160125732,success
"sender: client87, message: > hello from client87"
8,1773966967.2627702,1773966969.280433,2.017662763595581,success
"sender: client87, message: > hello from client87"
9,1773966974.391303,1773966976.3994355,2.0081324577331543,success
"sender: client87, message: > hello from client87"
10,1773966981.5050569,1773966983.540172,2.0351152420043945,success
"sender: client87, message: > hello from client87"
11,1773966988.653462,1773966990.6543415,2.0008795261383057,success
"sender: client87, message: > hello from client87"
12,1773966995.7471576,1773966997.7645252,2.0173676013946533,success
"sender: client87, message: > hello from client87"
13,1773967002.8927019,1773967004.908613,2.015911102294922,success
"sender: client87, message: > hello from client87"
14,1773967010.0278432,1773967012.0321362,2.0042929649353027,success
"sender: client87, message: > hello from client87"
15,1773967017.1366823,1773967019.1564193,2.0197370052337646,success
"sender: client87, message: > hello from client87"
16,1773967024.2455606,1773967026.2737868,2.028226137161255,success
"sender: client87, message: > hello from client87"
17,1773967031.3737462,1773967033.406301,2.032554864883423,success
"sender: client87, message: > hello from client87"
18,1773967038.564468,1773967040.5298254,1.9653575420379639,success
"sender: client87, message: > hello from client87"
19,1773967045.633016,1773967047.62472,1.991703987121582,success
20,1773967052.7270832,1773967054.7551336,2.028050422668457,success
"sender: client87, message: > hello from client87"
