round,send_time,recv_time,rtt,status
2,1773966924.6252396,1773966926.5653706,1.9401309490203857,success
3,1773966931.7182045,1773966933.6882484,1.9700438976287842,success
4,1773966938.7787013,1773966940.7956622,2.016960859298706,success
"sender: client48, message: > hello from client48"
5,1773966945.9173052,1773966947.9136713,1.996366024017334,success
"sender: client48, message: > hello from client48"
6,1773966953.0041027,1773966955.0481691,2.0440664291381836,success
"sender: client48, message: > hello from client48"
7,1773966960.1489933,1773966962.1672027,2.018209457397461,success
"sender: client48, message: > hello from client48"
8,1773966967.2701163,1773966969.2797003,2.0095839500427246,success
"sender: client48, message: > hello from client48"
9,1773966974.3852892,1773966976.399653,2.0143637657165527,success
"sender: client48, message: > hello from client48"
10,1773966981.5042477,1773966983.5384908,2.034243106842041,success
"sender: client48, message: > hello from client48"
11,1773966988.6638002,1773966990.6523244,1.9885241985321045,success
"sender: client48, message: > hello from client48"
12,1773966995.7410808,1773966997.7600386,2.0189578533172607,success
"sender: client48, message: > hello from client48"
13,1773967002.905527,1773967004.9064376,2.000910520553589,success
"sender: client48, message: > hello from client48"
14,1773967010.0299816,1773967012.031366,2.0013844966888428,success
"sender: client48, message: > hello from client48"
15,1773967017.1487262,1773967019.1575496,2.0088233947753906,success
"sender: client48, message: > hello from client48"
16,1773967024.2526922,1773967026.2703576,2.017665386199951,success
"sender: client48, message: > hello from client48"
17,1773967031.380049,1773967033.409396,2.0293469429016113,success
"sender: client48, message: > hello from client48"
18,1773967038.5589988,1773967040.529496,1.9704971313476562,success
"sender: client48, message: > hello from client48"
19,1773967045.6261997,1773967047.6231997,1.996999979019165,success
"sender: client48, message: > hello from client48"
20,1773967052.7048028,1773967054.7550178,2.050215005874634,success
