round,send_time,recv_time,rtt,status
2,1773959895.0841055,1773959896.971238,1.8871324062347412,success
3,1773959902.1405516,1773959904.0270145,1.886462926864624,success
4,1773959909.1897883,1773959911.0928378,1.9030494689941406,success
"sender: client18, message: > hello from client18"
5,1773959916.167138,1773959918.1635852,1.9964470863342285,success
6,1773959923.2525835,1773959925.218717,1.9661335945129395,success
"sender: client18, message: > hello from client18"
7,1773959930.3082445,1773959932.2713332,1.9630887508392334,success
"sender: client18, message: > hello from client18"
8,1773959937.3652923,1773959939.3354871,1.9701948165893555,success
"sender: client18, message: > hello from client18"
9,1773959944.4168177,1773959946.3963747,1.9795570373535156,success
"sender: client18, message: > hello from client18"
10,1773959951.497897,1773959953.4597282,1.9618313312530518,success
"sender: client18, message: > hello from client18"
