round,send_time,recv_time,rtt,status
2,1773966924.6090987,1773966926.5677638,1.958665132522583,success
3,1773966931.7328324,1773966933.6885083,1.9556758403778076,success
"sender: client63, message: > hello from client63"
4,1773966938.7747076,1773966940.7946997,2.0199921131134033,success
"sender: client63, message: > hello from client63"
5,1773966945.9165251,1773966947.9128556,1.9963304996490479,success
"sender: client63, message: > hello from client63"
6,1773966953.0162494,1773966955.0505817,2.034332275390625,success
"sender: client63, message: > hello from client63"
7,1773966960.1569743,1773966962.167616,2.010641574859619,success
"sender: client63, message: > hello from client63"
8,1773966967.2747388,1773966969.2835639,2.0088250637054443,success
"sender: client63, message: > hello from client63"
9,1773966974.3815103,1773966976.404901,2.023390769958496,success
"sender: client63, message: > hello from client63"
10,1773966981.5129726,1773966983.539404,2.0264313220977783,success
"sender: client63, message: > hello from client63"
11,1773966988.6550686,1773966990.6533856,1.998317003250122,success
"sender: client63, message: > hello from client63"
12,1773966995.7316608,1773966997.758667,2.027006149291992,success
"sender: client63, message: > hello from client63"
13,1773967002.8979108,1773967004.8944533,1.9965424537658691,success
"sender: client63, message: > hello from client63"
14,1773967010.010429,1773967012.026405,2.0159761905670166,success
"sender: client63, message: > hello from client63"
15,1773967017.1391697,1773967019.1589828,2.019813060760498,success
"sender: client63, message: > hello from client63"
16,1773967024.2646558,1773967026.2681594,2.0035035610198975,success
"sender: client63, message: > hello from client63"
17,1773967031.3746643,1773967033.409086,2.034421682357788,success
"sender: client63, message: > hello from client63"
18,1773967038.5664084,1773967040.5278084,1.961400032043457,success
"sender: client63, message: > hello from client63"
19,1773967045.6361375,1773967047.624854,1.9887166023254395,success
"sender: client63, message: > hello from client63"
20,1773967052.7389104,1773967054.7570431,2.0181326866149902,success
"sender: client63, message: > hello from client63"
