round,send_time,recv_time,rtt,status
2,1773959895.0800533,1773959896.9777298,1.8976764678955078,success
3,1773959902.1500015,1773959904.0291252,1.8791236877441406,success
4,1773959909.2538736,1773959911.09179,1.837916374206543,success
5,1773959916.1937969,1773959918.1559048,1.9621078968048096,success
"sender: client31, message: > hello from client31"
6,1773959923.259076,1773959925.2105107,1.95143461227417,success
"sender: client31, message: > hello from client31"
7,1773959930.310935,1773959932.2734003,1.9624652862548828,success
"sender: client31, message: > hello from client31"
8,1773959937.3596587,1773959939.342288,1.9826292991638184,success
"sender: client31, message: > hello from client31"
9,1773959944.4395392,1773959946.3998065,1.9602673053741455,success
"sender: client31, message: > hello from client31"
10,1773959951.4909458,1773959953.465323,1.974377155303955,success
"sender: client31, message: > hello from client31"
