round,send_time,recv_time,rtt,status
2,1773966924.643044,1773966926.573094,1.9300498962402344,success
3,1773966931.7269113,1773966933.688634,1.9617226123809814,success
4,1773966938.743057,1773966940.7942138,2.051156759262085,success
"sender: client49, message: > hello from client49"
5,1773966945.9128704,1773966947.9095137,1.996643304824829,success
"sender: client49, message: > hello from client49"
6,1773966953.0209193,1773966955.0463877,2.025468349456787,success
"sender: client49, message: > hello from client49"
7,1773966960.146291,1773966962.1658714,2.019580364227295,success
"sender: client49, message: > hello from client49"
8,1773966967.2703695,1773966969.2796562,2.009286642074585,success
"sender: client49, message: > hello from client49"
9,1773966974.3830507,1773966976.4048204,2.0217697620391846,success
"sender: client49, message: > hello from client49"
10,1773966981.510503,1773966983.5400226,2.029519557952881,success
"sender: client49, message: > hello from client49"
11,1773966988.663258,1773966990.652722,1.9894638061523438,success
"sender: client49, message: > hello from client49"
12,1773966995.7360077,1773966997.7585473,2.0225396156311035,success
"sender: client49, message: > hello from client49"
13,1773967002.8793736,1773967004.8987997,2.019426107406616,success
"sender: client49, message: > hello from client49"
14,1773967010.0290492,1773967012.0258713,1.9968221187591553,success
"sender: client49, message: > hello from client49"
15,1773967017.11979,1773967019.157593,2.0378029346466064,success
"sender: client49, message: > hello from client49"
16,1773967024.238924,1773967026.273114,2.0341899394989014,success
"sender: client49, message: > hello from client49"
17,1773967031.383827,1773967033.4035716,2.019744634628296,success
"sender: client49, message: > hello from client49"
18,1773967038.565646,1773967040.531282,1.9656360149383545,success
"sender: client49, message: > hello from client49"
19,1773967045.6356237,1773967047.6230743,1.9874505996704102,success
"sender: client49, message: > hello from client49"
20,1773967052.729826,1773967054.755995,2.0261690616607666,success
