round,send_time,recv_time,rtt,status
2,1773959895.0782506,1773959896.9673848,1.889134168624878,success
3,1773959902.092727,1773959904.0336993,1.9409723281860352,success
4,1773959909.0927997,1773959911.0917375,1.9989378452301025,success
5,1773959916.1978574,1773959918.1551988,1.9573414325714111,success
"sender: client53, message: > hello from client53"
6,1773959923.240697,1773959925.211034,1.970337152481079,success
"sender: client53, message: > hello from client53"
7,1773959930.3209906,1773959932.266992,1.9460015296936035,success
"sender: client53, message: > hello from client53"
8,1773959937.3573685,1773959939.3391023,1.981733798980713,success
"sender: client53, message: > hello from client53"
9,1773959944.424783,1773959946.3981028,1.9733197689056396,success
"sender: client53, message: > hello from client53"
10,1773959951.4864213,1773959953.4583695,1.9719481468200684,success
"sender: client53, message: > hello from client53"
