round,send_time,recv_time,rtt,status
2,1773959745.3522575,1773959747.2291133,1.8768558502197266,success
3,1773959752.3829885,1773959754.2851365,1.9021480083465576,success
4,1773959759.3873239,1773959761.3399599,1.9526360034942627,success
"sender: client46, message: > hello from client46"
5,1773959766.4344835,1773959768.4215534,1.987069845199585,success
"sender: client46, message: > hello from client46"
6,1773959773.512024,1773959775.535196,2.02317214012146,success
7,1773959780.6188946,1773959782.5911658,1.972271203994751,success
8,1773959787.6803036,1773959789.6501641,1.969860553741455,success
"sender: client46, message: > hello from client46"
9,1773959794.7522378,1773959796.745099,1.992861270904541,success
"sender: client46, message: > hello from client46"
10,1773959801.8458998,1773959803.792369,1.9464690685272217,success
11,1773959808.8957453,1773959810.852763,1.9570176601409912,success
