round,send_time,recv_time,rtt,status
2,1773960193.7031038,1773960195.6317084,1.9286046028137207,success
3,1773960200.85589,1773960202.7010128,1.8451228141784668,success
4,1773960207.8637717,1773960209.7771537,1.9133820533752441,success
5,1773960214.8528414,1773960216.8556283,2.002786874771118,success
"sender: client43, message: > hello from client43"
6,1773960221.9355793,1773960223.9224575,1.9868781566619873,success
"sender: client43, message: > hello from client43"
7,1773960229.0069556,1773960230.9808643,1.9739086627960205,success
8,1773960236.0528672,1773960238.0516493,1.9987821578979492,success
"sender: client43, message: > hello from client43"
9,1773960243.1251926,1773960245.1163313,1.9911386966705322,success
"sender: client43, message: > hello from client43"
10,1773960250.2052531,1773960252.1791618,1.9739086627960205,success
"sender: client43, message: > hello from client43"
11,1773960257.3278303,1773960259.2516637,1.9238333702087402,success
"sender: client43, message: > hello from client43"
12,1773960264.3352845,1773960266.314836,1.9795515537261963,success
"sender: client43, message: > hello from client43"
13,1773960271.4197319,1773960273.3884542,1.9687223434448242,success
"sender: client43, message: > hello from client43"
14,1773960278.4847317,1773960280.455749,1.9710173606872559,success
"sender: client43, message: > hello from client43"
15,1773960285.536312,1773960287.5271294,1.9908173084259033,success
"sender: client43, message: > hello from client43"
16,1773960292.589945,1773960294.586905,1.996959924697876,success
"sender: client43, message: > hello from client43"
17,1773960299.6746316,1773960301.6510274,1.976395845413208,success
"sender: client43, message: > hello from client43"
18,1773960306.7532775,1773960308.7151885,1.9619109630584717,success
"sender: client43, message: > hello from client43"
19,1773960313.8177104,1773960315.800754,1.9830436706542969,success
"sender: client43, message: > hello from client43"
20,1773960320.909891,1773960322.861255,1.9513640403747559,success
"sender: client43, message: > hello from client43"
