round,send_time,recv_time,rtt,status
2,1773966924.6136167,1773966926.5718544,1.958237648010254,success
3,1773966931.6530313,1773966933.693502,2.040470600128174,success
4,1773966938.7829108,1773966940.7950058,2.0120949745178223,success
"sender: client66, message: > hello from client66"
5,1773966945.9142547,1773966947.9093823,1.9951276779174805,success
"sender: client66, message: > hello from client66"
6,1773966953.022543,1773966955.0503883,2.0278453826904297,success
"sender: client66, message: > hello from client66"
7,1773966960.160596,1773966962.1676862,2.0070903301239014,success
"sender: client66, message: > hello from client66"
8,1773966967.2646713,1773966969.2835767,2.0189054012298584,success
"sender: client66, message: > hello from client66"
9,1773966974.3846052,1773966976.398923,2.014317750930786,success
"sender: client66, message: > hello from client66"
10,1773966981.5134091,1773966983.5368903,2.0234811305999756,success
"sender: client66, message: > hello from client66"
11,1773966988.661125,1773966990.650143,1.9890179634094238,success
"sender: client66, message: > hello from client66"
12,1773966995.7391827,1773966997.7649944,2.0258116722106934,success
"sender: client66, message: > hello from client66"
13,1773967002.8978777,1773967004.9045153,2.0066375732421875,success
"sender: client66, message: > hello from client66"
14,1773967010.0266938,1773967012.030614,2.003920078277588,success
"sender: client66, message: > hello from client66"
15,1773967017.1333573,1773967019.1569345,2.0235772132873535,success
"sender: client66, message: > hello from client66"
16,1773967024.2562945,1773967026.2713597,2.0150651931762695,success
"sender: client66, message: > hello from client66"
17,1773967031.3736901,1773967033.4067814,2.0330913066864014,success
"sender: client66, message: > hello from client66"
18,1773967038.5473258,1773967040.525686,1.9783601760864258,success
"sender: client66, message: > hello from client66"
19,1773967045.6326947,1773967047.6242845,1.9915897846221924,success
"sender: client66, message: > hello from client66"
20,1773967052.734594,1773967054.7574358,2.022841691970825,success
"sender: client66, message: > hello from client66"
