round,send_time,recv_time,rtt,status
2,1773960193.6845658,1773960195.632646,1.94808030128479,success
3,1773960200.8271873,1773960202.697707,1.8705196380615234,success
4,1773960207.8676312,1773960209.7858708,1.9182395935058594,success
5,1773960214.8472266,1773960216.849351,2.002124309539795,success
"sender: client28, message: > hello from client28"
6,1773960221.9563732,1773960223.9142168,1.957843542098999,success
"sender: client28, message: > hello from client28"
7,1773960228.9920838,1773960230.9807775,1.9886937141418457,success
"sender: client28, message: > hello from client28"
8,1773960236.0749583,1773960238.0467887,1.9718303680419922,success
"sender: client28, message: > hello from client28"
9,1773960243.1383004,1773960245.1154075,1.977107048034668,success
"sender: client28, message: > hello from client28"
10,1773960250.2132988,1773960252.1908276,1.9775288105010986,success
"sender: client28, message: > hello from client28"
11,1773960257.32281,1773960259.2527952,1.9299852848052979,success
"sender: client28, message: > hello from client28"
12,1773960264.3439772,1773960266.318897,1.9749197959899902,success
"sender: client28, message: > hello from client28"
13,1773960271.4074128,1773960273.3966691,1.9892563819885254,success
"sender: client28, message: > hello from client28"
14,1773960278.4958935,1773960280.4648747,1.9689812660217285,success
"sender: client28, message: > hello from client28"
15,1773960285.5638285,1773960287.5225072,1.9586787223815918,success
"sender: client28, message: > hello from client28"
16,1773960292.6153784,1773960294.5879576,1.9725792407989502,success
"sender: client28, message: > hello from client28"
17,1773960299.6737456,1773960301.6545377,1.9807920455932617,success
"sender: client28, message: > hello from client28"
18,1773960306.751089,1773960308.7174876,1.9663984775543213,success
"sender: client28, message: > hello from client28"
19,1773960313.8114007,1773960315.8124866,2.0010859966278076,success
"sender: client28, message: > hello from client28"
20,1773960320.911057,1773960322.8636782,1.9526212215423584,success
"sender: client28, message: > hello from client28"
