round,send_time,recv_time,rtt,status
2,1773959895.0468745,1773959896.9666216,1.9197471141815186,success
3,1773959902.1244855,1773959904.027188,1.9027025699615479,success
4,1773959909.2246687,1773959911.0920002,1.8673315048217773,success
5,1773959916.1804185,1773959918.1582696,1.977851152420044,success
"sender: client34, message: > hello from client34"
6,1773959923.2492414,1773959925.2126522,1.9634108543395996,success
"sender: client34, message: > hello from client34"
7,1773959930.2952857,1773959932.276118,1.9808323383331299,success
"sender: client34, message: > hello from client34"
8,1773959937.331928,1773959939.3423736,2.0104455947875977,success
"sender: client34, message: > hello from client34"
9,1773959944.4407794,1773959946.3997424,1.9589629173278809,success
"sender: client34, message: > hello from client34"
10,1773959951.4841032,1773959953.4578252,1.973721981048584,success
