round,send_time,recv_time,rtt,status
2,1773959745.318042,1773959747.2236626,1.9056205749511719,success
3,1773959752.3629785,1773959754.2814047,1.918426275253296,success
"sender: client77, message: > hello from client77"
4,1773959759.3829298,1773959761.343482,1.9605522155761719,success
"sender: client77, message: > hello from client77"
5,1773959766.5018597,1773959768.4070551,1.9051954746246338,success
"sender: client77, message: > hello from client77"
6,1773959773.50949,1773959775.5393481,2.029858112335205,success
"sender: client77, message: > hello from client77"
7,1773959780.6199234,1773959782.594392,1.97446870803833,success
"sender: client77, message: > hello from client77"
8,1773959787.6680229,1773959789.6531236,1.9851007461547852,success
"sender: client77, message: > hello from client77"
9,1773959794.748399,1773959796.750255,2.0018560886383057,success
10,1773959801.8474672,1773959803.7914956,1.944028377532959,success
"sender: client77, message: > hello from client77"
11,1773959808.8957741,1773959810.8549862,1.959212064743042,success
