round,send_time,recv_time,rtt,status
1,1773959738.1771493,1773959740.1569402,1.9797909259796143,success
2,1773959745.3283005,1773959747.221084,1.8927836418151855,success
3,1773959752.383594,1773959754.2907715,1.907177448272705,success
"sender: client36, message: > hello from client36"
4,1773959759.380154,1773959761.347293,1.9671390056610107,success
5,1773959766.504588,1773959768.422101,1.917513132095337,success
"sender: client36, message: > hello from client36"
6,1773959773.4954336,1773959775.540131,2.0446975231170654,success
"sender: client36, message: > hello from client36"
7,1773959780.6280441,1773959782.5911877,1.9631435871124268,success
"sender: client36, message: > hello from client36"
8,1773959787.678706,1773959789.6521657,1.9734597206115723,success
"sender: client36, message: > hello from client36"
9,1773959794.752025,1773959796.7459867,1.9939618110656738,success
"sender: client36, message: > hello from client36"
10,1773959801.8500907,1773959803.786835,1.936744213104248,success
"sender: client36, message: > hello from client36"
11,1773959808.887383,1773959810.8524249,1.9650418758392334,success
"sender: client36, message: > hello from client36"
