round,send_time,recv_time,rtt,status
2,1773966924.6194634,1773966926.5676334,1.9481699466705322,success
3,1773966931.7143989,1773966933.6923335,1.9779345989227295,success
4,1773966938.7679522,1773966940.7964606,2.028508424758911,success
"sender: client71, message: > hello from client71"
5,1773966945.915991,1773966947.9137244,1.9977333545684814,success
"sender: client71, message: > hello from client71"
6,1773966952.9848223,1773966955.0508752,2.0660529136657715,success
"sender: client71, message: > hello from client71"
7,1773966960.1408913,1773966962.168169,2.027277708053589,success
8,1773966967.2716413,1773966969.2801213,2.0084800720214844,success
"sender: client71, message: > hello from client71"
9,1773966974.3714132,1773966976.399018,2.027604818344116,success
"sender: client71, message: > hello from client71"
10,1773966981.5046191,1773966983.536156,2.031536817550659,success
"sender: client71, message: > hello from client71"
11,1773966988.663947,1773966990.6550548,1.991107702255249,success
"sender: client71, message: > hello from client71"
12,1773966995.7480116,1773966997.7587793,2.010767698287964,success
"sender: client71, message: > hello from client71"
13,1773967002.8937721,1773967004.9022796,2.008507490158081,success
"sender: client71, message: > hello from client71"
14,1773967010.0331914,1773967012.0277052,1.994513750076294,success
"sender: client71, message: > hello from client71"
15,1773967017.1469655,1773967019.1578786,2.010913133621216,success
16,1773967024.239392,1773967026.2698138,2.030421733856201,success
17,1773967031.3910124,1773967033.403457,2.012444496154785,success
"sender: client71, message: > hello from client71"
18,1773967038.556736,1773967040.5301168,1.9733808040618896,success
"sender: client71, message: > hello from client71"
19,1773967045.6167495,1773967047.6247807,2.008031129837036,success
"sender: client71, message: > hello from client71"
20,1773967052.7384222,1773967054.7574868,2.0190646648406982,success
"sender: client71, message: > hello from client71"
