round,send_time,recv_time,rtt,status
3,1773959902.1493368,1773959904.0347183,1.8853814601898193,success
4,1773959909.2352347,1773959911.0947814,1.8595466613769531,success
"sender: client88, message: > hello from client88"
5,1773959916.159925,1773959918.1564565,1.9965314865112305,success
"sender: client88, message: > hello from client88"
6,1773959923.2512991,1773959925.213057,1.9617578983306885,success
"sender: client88, message: > hello from client88"
7,1773959930.3126833,1773959932.2725608,1.9598774909973145,success
"sender: client88, message: > hello from client88"
8,1773959937.3584979,1773959939.3370292,1.9785313606262207,success
"sender: client88, message: > hello from client88"
9,1773959944.4315677,1773959946.4010417,1.9694740772247314,success
"sender: client88, message: > hello from client88"
10,1773959951.4963043,1773959953.459312,1.9630076885223389,success
"sender: client88, message: > hello from client88"
