round,send_time,recv_time,rtt,status
2,1773959895.0831687,1773959896.9717646,1.8885958194732666,success
3,1773959902.1358004,1773959904.027404,1.891603708267212,success
4,1773959909.2116344,1773959911.0920854,1.880450963973999,success
5,1773959916.1690204,1773959918.1556845,1.986664056777954,success
"sender: client44, message: > hello from client44"
6,1773959923.2503648,1773959925.2110472,1.9606823921203613,success
"sender: client44, message: > hello from client44"
7,1773959930.3182318,1773959932.274152,1.9559202194213867,success
"sender: client44, message: > hello from client44"
8,1773959937.3648615,1773959939.3423374,1.977475881576538,success
"sender: client44, message: > hello from client44"
9,1773959944.4110537,1773959946.3979008,1.986847162246704,success
"sender: client44, message: > hello from client44"
10,1773959951.5022051,1773959953.4581828,1.9559776782989502,success
"sender: client44, message: > hello from client44"
