round,send_time,recv_time,rtt,status
2,1773959745.3272557,1773959747.2315843,1.9043285846710205,success
3,1773959752.3863652,1773959754.2798307,1.893465518951416,success
4,1773959759.3798246,1773959761.3497677,1.9699430465698242,success
5,1773959766.4823089,1773959768.4242666,1.941957712173462,success
"sender: client53, message: > hello from client53"
6,1773959773.512015,1773959775.5340533,2.022038221359253,success
7,1773959780.6163185,1773959782.5869389,1.9706203937530518,success
"sender: client53, message: > hello from client53"
8,1773959787.685225,1773959789.6508737,1.9656486511230469,success
"sender: client53, message: > hello from client53"
9,1773959794.7469187,1773959796.746467,1.9995484352111816,success
"sender: client53, message: > hello from client53"
10,1773959801.8462079,1773959803.787307,1.9410991668701172,success
"sender: client53, message: > hello from client53"
11,1773959808.8946402,1773959810.8528957,1.9582555294036865,success
"sender: client53, message: > hello from client53"
