round,send_time,recv_time,rtt,status
3,1773959902.122116,1773959904.0358522,1.91373610496521,success
4,1773959909.2174027,1773959911.0979218,1.880519151687622,success
5,1773959916.1869051,1773959918.155114,1.9682087898254395,success
"sender: client89, message: > hello from client89"
6,1773959923.2431278,1773959925.2110648,1.9679369926452637,success
"sender: client89, message: > hello from client89"
7,1773959930.3113556,1773959932.2722986,1.9609429836273193,success
"sender: client89, message: > hello from client89"
8,1773959937.361721,1773959939.3363385,1.9746174812316895,success
"sender: client89, message: > hello from client89"
9,1773959944.4414344,1773959946.399835,1.9584007263183594,success
"sender: client89, message: > hello from client89"
10,1773959951.484229,1773959953.4588966,1.9746675491333008,success
"sender: client89, message: > hello from client89"
