round,send_time,recv_time,rtt,status
2,1773966924.6222484,1773966926.5675292,1.9452807903289795,success
3,1773966931.7094917,1773966933.6918592,1.9823675155639648,success
4,1773966938.7476244,1773966940.7941034,2.0464789867401123,success
"sender: client94, message: > hello from client94"
5,1773966945.9185271,1773966947.9113421,1.9928150177001953,success
"sender: client94, message: > hello from client94"
6,1773966953.0229578,1773966955.0494072,2.02644944190979,success
"sender: client94, message: > hello from client94"
7,1773966960.1343296,1773966962.1678367,2.0335071086883545,success
"sender: client94, message: > hello from client94"
8,1773966967.2399635,1773966969.2818477,2.041884183883667,success
"sender: client94, message: > hello from client94"
9,1773966974.370875,1773966976.3995943,2.028719425201416,success
"sender: client94, message: > hello from client94"
10,1773966981.4982524,1773966983.5355866,2.0373342037200928,success
"sender: client94, message: > hello from client94"
11,1773966988.6632268,1773966990.6505554,1.9873285293579102,success
"sender: client94, message: > hello from client94"
12,1773966995.731118,1773966997.7591977,2.0280797481536865,success
"sender: client94, message: > hello from client94"
13,1773967002.9007561,1773967004.8958783,1.9951221942901611,success
"sender: client94, message: > hello from client94"
14,1773967010.0278487,1773967012.0284846,2.000635862350464,success
"sender: client94, message: > hello from client94"
15,1773967017.1436183,1773967019.1564665,2.012848138809204,success
"sender: client94, message: > hello from client94"
16,1773967024.26496,1773967026.2730768,2.0081167221069336,success
"sender: client94, message: > hello from client94"
17,1773967031.3887718,1773967033.4082143,2.019442558288574,success
"sender: client94, message: > hello from client94"
18,1773967038.5352025,1773967040.530757,1.9955544471740723,success
"sender: client94, message: > hello from client94"
19,1773967045.6211407,1773967047.6255467,2.004405975341797,success
"sender: client94, message: > hello from client94"
20,1773967052.7319663,1773967054.7569325,2.024966239929199,success
"sender: client94, message: > hello from client94"
