round,send_time,recv_time,rtt,status
3,1773960200.8510516,1773960202.7048776,1.8538260459899902,success
4,1773960207.8395994,1773960209.7699995,1.9304001331329346,success
5,1773960214.8409524,1773960216.8548822,2.013929843902588,success
6,1773960221.9198158,1773960223.9237595,2.003943681716919,success
"sender: client99, message: > hello from client99"
7,1773960229.017151,1773960230.9851308,1.9679796695709229,success
8,1773960236.066151,1773960238.0444994,1.9783484935760498,success
"sender: client99, message: > hello from client99"
9,1773960243.1082613,1773960245.1197202,2.0114588737487793,success
"sender: client99, message: > hello from client99"
10,1773960250.1898146,1773960252.1833189,1.993504285812378,success
"sender: client99, message: > hello from client99"
11,1773960257.321592,1773960259.2528694,1.9312772750854492,success
"sender: client99, message: > hello from client99"
12,1773960264.3287623,1773960266.3178966,1.9891343116760254,success
"sender: client99, message: > hello from client99"
13,1773960271.4193926,1773960273.3984106,1.979017972946167,success
"sender: client99, message: > hello from client99"
14,1773960278.477203,1773960280.4569576,1.9797546863555908,success
"sender: client99, message: > hello from client99"
15,1773960285.5621066,1773960287.5221536,1.9600470066070557,success
"sender: client99, message: > hello from client99"
16,1773960292.6194642,1773960294.5851684,1.9657042026519775,success
"sender: client99, message: > hello from client99"
17,1773960299.6704216,1773960301.6523397,1.9819180965423584,success
"sender: client99, message: > hello from client99"
18,1773960306.746992,1773960308.7180274,1.9710352420806885,success
"sender: client99, message: > hello from client99"
19,1773960313.8118167,1773960315.8033195,1.9915027618408203,success
"sender: client99, message: > hello from client99"
20,1773960320.9002187,1773960322.8659244,1.9657056331634521,success
"sender: client99, message: > hello from client99"
