round,send_time,recv_time,rtt,status
2,1773966924.5850523,1773966926.5663424,1.9812901020050049,success
3,1773966931.7303886,1773966933.6930928,1.9627041816711426,success
4,1773966938.7840655,1773966940.794664,2.0105984210968018,success
"sender: client76, message: > hello from client76"
5,1773966945.9112732,1773966947.9096727,1.9983994960784912,success
6,1773966953.0193632,1773966955.0471857,2.027822494506836,success
"sender: client76, message: > hello from client76"
7,1773966960.1503706,1773966962.1682017,2.0178310871124268,success
"sender: client76, message: > hello from client76"
8,1773966967.2693691,1773966969.2837288,2.014359712600708,success
"sender: client76, message: > hello from client76"
9,1773966974.3883674,1773966976.402545,2.0141775608062744,success
"sender: client76, message: > hello from client76"
10,1773966981.5125556,1773966983.5390346,2.0264790058135986,success
"sender: client76, message: > hello from client76"
11,1773966988.6440475,1773966990.6551094,2.011061906814575,success
"sender: client76, message: > hello from client76"
12,1773966995.7462153,1773966997.761631,2.015415668487549,success
"sender: client76, message: > hello from client76"
13,1773967002.8974493,1773967004.9094648,2.0120155811309814,success
"sender: client76, message: > hello from client76"
14,1773967010.0367234,1773967012.0268283,1.9901049137115479,success
"sender: client76, message: > hello from client76"
15,1773967017.1458125,1773967019.1579163,2.012103796005249,success
"sender: client76, message: > hello from client76"
16,1773967024.2649856,1773967026.268388,2.0034024715423584,success
"sender: client76, message: > hello from client76"
17,1773967031.385173,1773967033.4075892,2.022416114807129,success
"sender: client76, message: > hello from client76"
18,1773967038.5159285,1773967040.5312607,2.0153322219848633,success
19,1773967045.6386225,1773967047.6270862,1.9884636402130127,success
20,1773967052.7342584,1773967054.7580771,2.0238187313079834,success
"sender: client76, message: > hello from client76"
