round,send_time,recv_time,rtt,status
1,1773959738.1886585,1773959740.1564524,1.9677939414978027,success
2,1773959745.3155684,1773959747.2273002,1.9117317199707031,success
3,1773959752.375903,1773959754.2797234,1.903820514678955,success
4,1773959759.382935,1773959761.34012,1.9571850299835205,success
"sender: client11, message: > hello from client11"
5,1773959766.493369,1773959768.4062765,1.912907361984253,success
6,1773959773.5094676,1773959775.5359266,2.026458978652954,success
"sender: client11, message: > hello from client11"
7,1773959780.6229444,1773959782.582912,1.9599676132202148,success
8,1773959787.6843593,1773959789.6471086,1.9627492427825928,success
"sender: client11, message: > hello from client11"
9,1773959794.7459006,1773959796.7382581,1.9923574924468994,success
"sender: client11, message: > hello from client11"
10,1773959801.8331301,1773959803.788115,1.9549849033355713,success
"sender: client11, message: > hello from client11"
11,1773959808.888957,1773959810.851859,1.9629020690917969,success
