round,send_time,recv_time,rtt,status
2,1773959745.3466337,1773959747.2253945,1.878760814666748,success
3,1773959752.3490076,1773959754.279691,1.9306833744049072,success
4,1773959759.3655126,1773959761.3463902,1.9808776378631592,success
"sender: client51, message: > hello from client51"
5,1773959766.503119,1773959768.4081383,1.9050192832946777,success
"sender: client51, message: > hello from client51"
6,1773959773.5139716,1773959775.5392876,2.025315999984741,success
"sender: client51, message: > hello from client51"
7,1773959780.628319,1773959782.5899673,1.9616482257843018,success
8,1773959787.6921327,1773959789.6507094,1.9585766792297363,success
"sender: client51, message: > hello from client51"
9,1773959794.7472095,1773959796.7493784,2.002168893814087,success
10,1773959801.8501194,1773959803.7939727,1.9438533782958984,success
"sender: client51, message: > hello from client51"
11,1773959808.8786733,1773959810.8528779,1.9742045402526855,success
