round,send_time,recv_time,rtt,status
2,1773959895.034581,1773959896.9717958,1.9372148513793945,success
3,1773959902.091063,1773959904.0294957,1.9384326934814453,success
4,1773959909.231658,1773959911.1030402,1.871382236480713,success
5,1773959916.1896791,1773959918.1574898,1.9678106307983398,success
"sender: client58, message: > hello from client58"
6,1773959923.2599697,1773959925.211077,1.9511072635650635,success
"sender: client58, message: > hello from client58"
7,1773959930.320072,1773959932.2726874,1.95261549949646,success
"sender: client58, message: > hello from client58"
8,1773959937.3634548,1773959939.338107,1.9746522903442383,success
"sender: client58, message: > hello from client58"
9,1773959944.4356947,1773959946.403596,1.9679012298583984,success
"sender: client58, message: > hello from client58"
10,1773959951.5006201,1773959953.45839,1.9577698707580566,success
"sender: client58, message: > hello from client58"
