round,send_time,recv_time,rtt,status
2,1773960193.6587975,1773960195.6315963,1.9727988243103027,success
3,1773960200.8506982,1773960202.703699,1.8530008792877197,success
4,1773960207.8149025,1773960209.7706568,1.955754280090332,success
"sender: client64, message: > hello from client64"
5,1773960214.8442206,1773960216.8555033,2.0112826824188232,success
6,1773960221.9517736,1773960223.917785,1.9660112857818604,success
7,1773960229.0154002,1773960230.9839714,1.9685711860656738,success
"sender: client64, message: > hello from client64"
8,1773960236.0739331,1773960238.0559847,1.9820516109466553,success
"sender: client64, message: > hello from client64"
9,1773960243.121902,1773960245.1161098,1.9942078590393066,success
"sender: client64, message: > hello from client64"
10,1773960250.2203612,1773960252.1909068,1.9705455303192139,success
"sender: client64, message: > hello from client64"
11,1773960257.3239179,1773960259.2540796,1.930161714553833,success
"sender: client64, message: > hello from client64"
12,1773960264.335263,1773960266.3226264,1.987363338470459,success
"sender: client64, message: > hello from client64"
13,1773960271.4162273,1773960273.3940794,1.9778521060943604,success
"sender: client64, message: > hello from client64"
14,1773960278.4773483,1773960280.4636524,1.9863040447235107,success
"sender: client64, message: > hello from client64"
15,1773960285.569863,1773960287.5226083,1.9527451992034912,success
"sender: client64, message: > hello from client64"
16,1773960292.6153738,1773960294.5870245,1.9716506004333496,success
"sender: client64, message: > hello from client64"
17,1773960299.6761765,1773960301.6532354,1.9770588874816895,success
"sender: client64, message: > hello from client64"
18,1773960306.7361758,1773960308.7187078,1.982532024383545,success
19,1773960313.8135571,1773960315.8032286,1.9896714687347412,success
"sender: client64, message: > hello from client64"
20,1773960320.8858407,1773960322.8642323,1.9783916473388672,success
"sender: client64, message: > hello from client64"
