round,send_time,recv_time,rtt,status
2,1773959745.3369994,1773959747.2287319,1.8917324542999268,success
3,1773959752.3083925,1773959754.2860265,1.9776339530944824,success
4,1773959759.3713422,1773959761.3461337,1.9747915267944336,success
"sender: client91, message: > hello from client91"
5,1773959766.490655,1773959768.4210277,1.930372714996338,success
6,1773959773.5191863,1773959775.5358481,2.0166618824005127,success
"sender: client91, message: > hello from client91"
7,1773959780.6317272,1773959782.5896351,1.9579079151153564,success
"sender: client91, message: > hello from client91"
8,1773959787.6933289,1773959789.6536217,1.9602928161621094,success
"sender: client91, message: > hello from client91"
9,1773959794.7460845,1773959796.7546332,2.0085487365722656,success
"sender: client91, message: > hello from client91"
10,1773959801.8334577,1773959803.792158,1.958700180053711,success
11,1773959808.8732915,1773959810.856954,1.9836626052856445,success
"sender: client91, message: > hello from client91"
