round,send_time,recv_time,rtt,status
2,1773959895.0432081,1773959896.9733632,1.9301550388336182,success
3,1773959902.0831301,1773959904.0293212,1.9461910724639893,success
4,1773959909.2646565,1773959911.1020281,1.837371587753296,success
5,1773959916.1804945,1773959918.1548178,1.9743232727050781,success
"sender: client35, message: > hello from client35"
6,1773959923.2304628,1773959925.2107267,1.9802639484405518,success
"sender: client35, message: > hello from client35"
7,1773959930.3069801,1773959932.2664263,1.9594461917877197,success
"sender: client35, message: > hello from client35"
8,1773959937.3573608,1773959939.3423042,1.9849433898925781,success
"sender: client35, message: > hello from client35"
9,1773959944.4328697,1773959946.396452,1.9635822772979736,success
"sender: client35, message: > hello from client35"
10,1773959951.4922025,1773959953.4632757,1.9710731506347656,success
