round,send_time,recv_time,rtt,status
2,1773959745.333443,1773959747.2258615,1.892418622970581,success
3,1773959752.3578951,1773959754.282049,1.9241538047790527,success
4,1773959759.3671966,1773959761.3424616,1.9752650260925293,success
"sender: client66, message: > hello from client66"
5,1773959766.5094452,1773959768.4216018,1.912156581878662,success
"sender: client66, message: > hello from client66"
6,1773959773.512577,1773959775.5328205,2.0202434062957764,success
"sender: client66, message: > hello from client66"
7,1773959780.6266701,1773959782.5904207,1.9637506008148193,success
"sender: client66, message: > hello from client66"
8,1773959787.679308,1773959789.6547892,1.9754812717437744,success
9,1773959794.750245,1773959796.7496324,1.999387264251709,success
"sender: client66, message: > hello from client66"
10,1773959801.8491454,1773959803.7950969,1.9459514617919922,success
"sender: client66, message: > hello from client66"
11,1773959808.8800185,1773959810.8529923,1.9729738235473633,success
"sender: client66, message: > hello from client66"
