round,send_time,recv_time,rtt,status
2,1773959745.3530092,1773959747.2233713,1.8703620433807373,success
3,1773959752.3859305,1773959754.2814481,1.8955175876617432,success
4,1773959759.3789814,1773959761.3456104,1.9666290283203125,success
5,1773959766.5039225,1773959768.4232514,1.9193289279937744,success
6,1773959773.5170448,1773959775.5358906,2.018845796585083,success
7,1773959780.618476,1773959782.5908618,1.9723858833312988,success
"sender: client74, message: > hello from client74"
8,1773959787.6880138,1773959789.6484358,1.9604220390319824,success
9,1773959794.7451637,1773959796.7325022,1.9873385429382324,success
"sender: client74, message: > hello from client74"
10,1773959801.820426,1773959803.7918632,1.9714372158050537,success
"sender: client74, message: > hello from client74"
11,1773959808.8893082,1773959810.8576472,1.968338966369629,success
"sender: client74, message: > hello from client74"
