round,send_time,recv_time,rtt,status
2,1773959745.325541,1773959747.2237318,1.8981907367706299,success
3,1773959752.3818753,1773959754.280178,1.8983027935028076,success
4,1773959759.376434,1773959761.3473542,1.9709200859069824,success
"sender: client52, message: > hello from client52"
5,1773959766.5000808,1773959768.4224124,1.9223315715789795,success
"sender: client52, message: > hello from client52"
6,1773959773.516368,1773959775.5318189,2.015450954437256,success
"sender: client52, message: > hello from client52"
7,1773959780.6309013,1773959782.588393,1.9574916362762451,success
8,1773959787.6782756,1773959789.6522255,1.973949909210205,success
"sender: client52, message: > hello from client52"
9,1773959794.7507932,1773959796.7493103,1.9985170364379883,success
10,1773959801.816714,1773959803.7872574,1.970543384552002,success
"sender: client52, message: > hello from client52"
11,1773959808.8717802,1773959810.8529088,1.9811286926269531,success
