round,send_time,recv_time,rtt,status
3,1773960200.8183882,1773960202.7068748,1.888486623764038,success
4,1773960207.864963,1773960209.7863429,1.921379804611206,success
5,1773960214.848077,1773960216.8541746,2.0060975551605225,success
"sender: client80, message: > hello from client80"
6,1773960221.9526384,1773960223.9269388,1.9743003845214844,success
"sender: client80, message: > hello from client80"
7,1773960229.00284,1773960230.9811022,1.978262186050415,success
"sender: client80, message: > hello from client80"
8,1773960236.080524,1773960238.0488267,1.9683027267456055,success
"sender: client80, message: > hello from client80"
9,1773960243.1123734,1773960245.1170545,2.00468111038208,success
10,1773960250.205258,1773960252.193179,1.9879209995269775,success
"sender: client80, message: > hello from client80"
11,1773960257.3214827,1773960259.2534966,1.932013988494873,success
12,1773960264.3230467,1773960266.3179922,1.9949455261230469,success
"sender: client80, message: > hello from client80"
13,1773960271.4215052,1773960273.3912392,1.9697339534759521,success
"sender: client80, message: > hello from client80"
14,1773960278.4916759,1773960280.460262,1.9685862064361572,success
"sender: client80, message: > hello from client80"
15,1773960285.5347254,1773960287.5233934,1.9886679649353027,success
"sender: client80, message: > hello from client80"
16,1773960292.6017876,1773960294.5892372,1.9874496459960938,success
"sender: client80, message: > hello from client80"
17,1773960299.680108,1773960301.6545966,1.9744884967803955,success
"sender: client80, message: > hello from client80"
18,1773960306.736278,1773960308.7106645,1.97438645362854,success
"sender: client80, message: > hello from client80"
19,1773960313.814804,1773960315.8123176,1.9975135326385498,success
"sender: client80, message: > hello from client80"
20,1773960320.9057097,1773960322.8614767,1.9557669162750244,success
"sender: client80, message: > hello from client80"
