round,send_time,recv_time,rtt,status
3,1773960200.8506048,1773960202.7056966,1.8550918102264404,success
4,1773960207.8403695,1773960209.7865937,1.9462242126464844,success
5,1773960214.8393383,1773960216.8546073,2.0152690410614014,success
"sender: client96, message: > hello from client96"
6,1773960221.9487584,1773960223.9207344,1.9719760417938232,success
7,1773960229.0164037,1773960230.9856265,1.9692227840423584,success
"sender: client96, message: > hello from client96"
8,1773960236.070294,1773960238.0482512,1.9779572486877441,success
"sender: client96, message: > hello from client96"
9,1773960243.1307006,1773960245.1201847,1.9894840717315674,success
"sender: client96, message: > hello from client96"
10,1773960250.2223902,1773960252.1896608,1.9672706127166748,success
"sender: client96, message: > hello from client96"
11,1773960257.3189063,1773960259.253898,1.9349915981292725,success
"sender: client96, message: > hello from client96"
12,1773960264.3172069,1773960266.317941,2.0007340908050537,success
"sender: client96, message: > hello from client96"
13,1773960271.4180317,1773960273.398436,1.9804043769836426,success
"sender: client96, message: > hello from client96"
14,1773960278.4855924,1773960280.4653933,1.9798009395599365,success
"sender: client96, message: > hello from client96"
15,1773960285.5558429,1773960287.519356,1.9635131359100342,success
"sender: client96, message: > hello from client96"
16,1773960292.5962455,1773960294.5856054,1.9893598556518555,success
"sender: client96, message: > hello from client96"
17,1773960299.6866183,1773960301.652081,1.9654626846313477,success
"sender: client96, message: > hello from client96"
18,1773960306.748564,1773960308.7134292,1.9648652076721191,success
"sender: client96, message: > hello from client96"
19,1773960313.8067327,1773960315.805718,1.9989852905273438,success
"sender: client96, message: > hello from client96"
20,1773960320.9048793,1773960322.8644497,1.9595704078674316,success
"sender: client96, message: > hello from client96"
