round,send_time,recv_time,rtt,status
2,1773966924.6190317,1773966926.5661948,1.9471631050109863,success
3,1773966931.6831481,1773966933.688755,2.0056068897247314,success
4,1773966938.7744498,1773966940.7985003,2.02405047416687,success
"sender: client77, message: > hello from client77"
5,1773966945.9216492,1773966947.91182,1.9901707172393799,success
"sender: client77, message: > hello from client77"
6,1773966953.02367,1773966955.0509007,2.027230739593506,success
"sender: client77, message: > hello from client77"
7,1773966960.159768,1773966962.1679335,2.0081653594970703,success
"sender: client77, message: > hello from client77"
8,1773966967.2610662,1773966969.2826233,2.021557092666626,success
"sender: client77, message: > hello from client77"
9,1773966974.3844314,1773966976.3991778,2.0147464275360107,success
"sender: client77, message: > hello from client77"
10,1773966981.513425,1773966983.5367017,2.0232765674591064,success
"sender: client77, message: > hello from client77"
11,1773966988.6607769,1773966990.65001,1.9892332553863525,success
"sender: client77, message: > hello from client77"
12,1773966995.7216618,1773966997.7608585,2.039196729660034,success
"sender: client77, message: > hello from client77"
13,1773967002.9057388,1773967004.9079978,2.0022590160369873,success
"sender: client77, message: > hello from client77"
14,1773967010.0108864,1773967012.026691,2.0158045291900635,success
"sender: client77, message: > hello from client77"
15,1773967017.1492708,1773967019.1579504,2.0086796283721924,success
"sender: client77, message: > hello from client77"
16,1773967024.2678065,1773967026.2683682,2.0005617141723633,success
"sender: client77, message: > hello from client77"
17,1773967031.3703687,1773967033.4047644,2.034395694732666,success
"sender: client77, message: > hello from client77"
18,1773967038.5686061,1773967040.5286663,1.9600601196289062,success
19,1773967045.6270394,1773967047.6236622,1.9966228008270264,success
20,1773967052.7336965,1773967054.757827,2.0241305828094482,success
"sender: client77, message: > hello from client77"
