round,send_time,recv_time,rtt,status
3,1773960200.8362958,1773960202.7071772,1.8708813190460205,success
4,1773960207.847773,1773960209.7817905,1.9340174198150635,success
5,1773960214.8283758,1773960216.8534243,2.0250484943389893,success
6,1773960221.9538884,1773960223.922431,1.9685425758361816,success
"sender: client87, message: > hello from client87"
7,1773960229.0149152,1773960230.9824386,1.9675233364105225,success
"sender: client87, message: > hello from client87"
8,1773960236.0492005,1773960238.040433,1.9912323951721191,success
"sender: client87, message: > hello from client87"
9,1773960243.1429322,1773960245.1175036,1.9745714664459229,success
"sender: client87, message: > hello from client87"
10,1773960250.2033098,1773960252.1838067,1.980496883392334,success
"sender: client87, message: > hello from client87"
11,1773960257.3170383,1773960259.2541769,1.937138557434082,success
"sender: client87, message: > hello from client87"
12,1773960264.3448045,1773960266.3156343,1.970829725265503,success
"sender: client87, message: > hello from client87"
13,1773960271.3937645,1773960273.3886578,1.9948933124542236,success
"sender: client87, message: > hello from client87"
14,1773960278.4822729,1773960280.4586906,1.9764177799224854,success
"sender: client87, message: > hello from client87"
15,1773960285.5559735,1773960287.522172,1.966198444366455,success
"sender: client87, message: > hello from client87"
16,1773960292.626774,1773960294.5897756,1.9630014896392822,success
17,1773960299.660122,1773960301.6584063,1.9982843399047852,success
"sender: client87, message: > hello from client87"
18,1773960306.7518575,1773960308.7154999,1.9636423587799072,success
"sender: client87, message: > hello from client87"
19,1773960313.8101602,1773960315.8127055,2.0025453567504883,success
20,1773960320.9017894,1773960322.8663037,1.9645142555236816,success
