round,send_time,recv_time,rtt,status
2,1773960193.6527536,1773960195.6322794,1.9795258045196533,success
3,1773960200.8422573,1773960202.7019699,1.8597126007080078,success
4,1773960207.8523068,1773960209.7501473,1.8978404998779297,success
5,1773960214.8390093,1773960216.8535051,2.014495849609375,success
"sender: client57, message: > hello from client57"
6,1773960221.9362662,1773960223.9238195,1.987553358078003,success
"sender: client57, message: > hello from client57"
7,1773960229.0089264,1773960230.9827857,1.9738593101501465,success
"sender: client57, message: > hello from client57"
8,1773960236.0670671,1773960238.048084,1.9810168743133545,success
"sender: client57, message: > hello from client57"
9,1773960243.1061301,1773960245.1160107,2.009880542755127,success
"sender: client57, message: > hello from client57"
10,1773960250.2118776,1773960252.1830523,1.971174716949463,success
"sender: client57, message: > hello from client57"
11,1773960257.3262672,1773960259.2487738,1.92250657081604,success
"sender: client57, message: > hello from client57"
12,1773960264.3387945,1773960266.3147554,1.9759609699249268,success
"sender: client57, message: > hello from client57"
13,1773960271.407528,1773960273.396851,1.9893231391906738,success
"sender: client57, message: > hello from client57"
14,1773960278.488912,1773960280.4560935,1.9671814441680908,success
"sender: client57, message: > hello from client57"
15,1773960285.5384936,1773960287.5234125,1.9849188327789307,success
"sender: client57, message: > hello from client57"
16,1773960292.6194546,1773960294.5891693,1.969714641571045,success
"sender: client57, message: > hello from client57"
17,1773960299.6724215,1773960301.652962,1.9805405139923096,success
"sender: client57, message: > hello from client57"
18,1773960306.7529464,1773960308.72048,1.9675335884094238,success
"sender: client57, message: > hello from client57"
19,1773960313.7973514,1773960315.8043306,2.00697922706604,success
"sender: client57, message: > hello from client57"
20,1773960320.9110293,1773960322.8648868,1.953857421875,success
"sender: client57, message: > hello from client57"
