round,send_time,recv_time,rtt,status
2,1773959895.0658448,1773959896.967121,1.9012761116027832,success
3,1773959902.1469128,1773959904.0305884,1.8836755752563477,success
4,1773959909.2523189,1773959911.0988836,1.846564769744873,success
"sender: client32, message: > hello from client32"
5,1773959916.1811304,1773959918.1549976,1.9738671779632568,success
"sender: client32, message: > hello from client32"
6,1773959923.2584076,1773959925.2109194,1.9525117874145508,success
"sender: client32, message: > hello from client32"
7,1773959930.3042068,1773959932.273717,1.9695100784301758,success
"sender: client32, message: > hello from client32"
8,1773959937.3421123,1773959939.3390539,1.9969415664672852,success
"sender: client32, message: > hello from client32"
9,1773959944.4403799,1773959946.4035716,1.9631917476654053,success
"sender: client32, message: > hello from client32"
10,1773959951.47104,1773959953.460772,1.989732027053833,success
"sender: client32, message: > hello from client32"
