round,send_time,recv_time,rtt,status
2,1773959895.0854902,1773959896.9675884,1.8820981979370117,success
3,1773959902.1345572,1773959904.0303957,1.8958384990692139,success
4,1773959909.2597458,1773959911.0919387,1.8321928977966309,success
"sender: client47, message: > hello from client47"
5,1773959916.184965,1773959918.1548326,1.9698677062988281,success
"sender: client47, message: > hello from client47"
6,1773959923.242428,1773959925.2111816,1.9687535762786865,success
"sender: client47, message: > hello from client47"
7,1773959930.317862,1773959932.27568,1.9578180313110352,success
"sender: client47, message: > hello from client47"
8,1773959937.3623555,1773959939.3398185,1.9774630069732666,success
"sender: client47, message: > hello from client47"
9,1773959944.4271274,1773959946.3979356,1.9708082675933838,success
10,1773959951.4955401,1773959953.4608715,1.9653313159942627,success
"sender: client47, message: > hello from client47"
