round,send_time,recv_time,rtt,status
2,1773959745.3510535,1773959747.2249684,1.8739149570465088,success
3,1773959752.3676646,1773959754.284032,1.916367530822754,success
4,1773959759.364596,1773959761.3452048,1.9806089401245117,success
"sender: client75, message: > hello from client75"
5,1773959766.4219387,1773959768.421206,1.999267339706421,success
"sender: client75, message: > hello from client75"
6,1773959773.5160313,1773959775.5365024,2.0204710960388184,success
"sender: client75, message: > hello from client75"
7,1773959780.6248653,1773959782.5893407,1.964475393295288,success
"sender: client75, message: > hello from client75"
8,1773959787.6864574,1773959789.649264,1.9628067016601562,success
9,1773959794.7416759,1773959796.7522686,2.0105926990509033,success
"sender: client75, message: > hello from client75"
10,1773959801.843502,1773959803.7902832,1.9467811584472656,success
"sender: client75, message: > hello from client75"
11,1773959808.8906245,1773959810.8564365,1.9658119678497314,success
