round,send_time,recv_time,rtt,status
3,1773960200.8516264,1773960202.704705,1.8530786037445068,success
4,1773960207.8649707,1773960209.7715771,1.9066064357757568,success
5,1773960214.8461266,1773960216.8491628,2.0030362606048584,success
"sender: client88, message: > hello from client88"
6,1773960221.9448323,1773960223.917963,1.973130702972412,success
"sender: client88, message: > hello from client88"
7,1773960229.0086095,1773960230.9841828,1.9755733013153076,success
"sender: client88, message: > hello from client88"
8,1773960236.0469272,1773960238.0483618,2.001434564590454,success
"sender: client88, message: > hello from client88"
9,1773960243.1430755,1773960245.1164017,1.9733262062072754,success
"sender: client88, message: > hello from client88"
10,1773960250.223054,1773960252.1798363,1.956782341003418,success
"sender: client88, message: > hello from client88"
11,1773960257.31288,1773960259.2529695,1.940089464187622,success
"sender: client88, message: > hello from client88"
12,1773960264.3429284,1773960266.3179224,1.9749939441680908,success
"sender: client88, message: > hello from client88"
13,1773960271.4013433,1773960273.398226,1.996882677078247,success
"sender: client88, message: > hello from client88"
14,1773960278.4634225,1773960280.4649537,2.0015311241149902,success
"sender: client88, message: > hello from client88"
15,1773960285.5626297,1773960287.5206156,1.9579858779907227,success
"sender: client88, message: > hello from client88"
16,1773960292.6158822,1773960294.59138,1.9754977226257324,success
"sender: client88, message: > hello from client88"
17,1773960299.673167,1773960301.6546783,1.9815113544464111,success
"sender: client88, message: > hello from client88"
18,1773960306.7445695,1773960308.7141912,1.9696216583251953,success
"sender: client88, message: > hello from client88"
19,1773960313.8173306,1773960315.8132064,1.9958758354187012,success
"sender: client88, message: > hello from client88"
20,1773960320.9004252,1773960322.866627,1.9662017822265625,success
"sender: client88, message: > hello from client88"
