round,send_time,recv_time,rtt,status
2,1773959745.2899997,1773959747.223398,1.9333982467651367,success
3,1773959752.287125,1773959754.2880511,2.0009260177612305,success
4,1773959759.3837945,1773959761.3473864,1.9635918140411377,success
"sender: client67, message: > hello from client67"
5,1773959766.4731102,1773959768.4209878,1.9478776454925537,success
"sender: client67, message: > hello from client67"
6,1773959773.506263,1773959775.5316544,2.0253913402557373,success
"sender: client67, message: > hello from client67"
7,1773959780.6241658,1773959782.58939,1.965224266052246,success
"sender: client67, message: > hello from client67"
8,1773959787.6642392,1773959789.6523376,1.988098382949829,success
"sender: client67, message: > hello from client67"
9,1773959794.7165473,1773959796.7483494,2.031802177429199,success
"sender: client67, message: > hello from client67"
10,1773959801.843581,1773959803.792313,1.9487321376800537,success
"sender: client67, message: > hello from client67"
11,1773959808.880385,1773959810.8530061,1.972621202468872,success
"sender: client67, message: > hello from client67"
