round,send_time,recv_time,rtt,status
2,1773966924.6428494,1773966926.5666366,1.9237871170043945,success
3,1773966931.659543,1773966933.6886113,2.0290682315826416,success
"sender: client47, message: > hello from client47"
4,1773966938.7598221,1773966940.7960522,2.0362300872802734,success
"sender: client47, message: > hello from client47"
5,1773966945.908035,1773966947.9117403,2.0037052631378174,success
"sender: client47, message: > hello from client47"
6,1773966952.9971497,1773966955.0469327,2.0497829914093018,success
"sender: client47, message: > hello from client47"
7,1773966960.1585352,1773966962.1658235,2.0072882175445557,success
"sender: client47, message: > hello from client47"
8,1773966967.2745368,1773966969.2796426,2.00510573387146,success
"sender: client47, message: > hello from client47"
9,1773966974.386501,1773966976.404143,2.017642021179199,success
"sender: client47, message: > hello from client47"
10,1773966981.495979,1773966983.5366528,2.0406737327575684,success
"sender: client47, message: > hello from client47"
11,1773966988.6599436,1773966990.6526246,1.9926810264587402,success
"sender: client47, message: > hello from client47"
12,1773966995.7263615,1773966997.7598605,2.033499002456665,success
"sender: client47, message: > hello from client47"
13,1773967002.8978825,1773967004.902128,2.0042455196380615,success
"sender: client47, message: > hello from client47"
14,1773967010.032135,1773967012.0290856,1.996950626373291,success
"sender: client47, message: > hello from client47"
15,1773967017.1429834,1773967019.1530957,2.0101122856140137,success
"sender: client47, message: > hello from client47"
16,1773967024.2548523,1773967026.2707794,2.0159270763397217,success
"sender: client47, message: > hello from client47"
17,1773967031.3870254,1773967033.4065738,2.0195484161376953,success
"sender: client47, message: > hello from client47"
18,1773967038.5630808,1773967040.5278995,1.9648187160491943,success
"sender: client47, message: > hello from client47"
19,1773967045.6372666,1773967047.6273808,1.9901142120361328,success
"sender: client47, message: > hello from client47"
20,1773967052.731116,1773967054.7584872,2.0273711681365967,success
"sender: client47, message: > hello from client47"
