round,send_time,recv_time,rtt,status
2,1773960193.6672761,1773960195.6328373,1.9655611515045166,success
3,1773960200.852468,1773960202.6982374,1.8457694053649902,success
4,1773960207.854598,1773960209.7495675,1.8949694633483887,success
5,1773960214.8420918,1773960216.8487284,2.006636619567871,success
"sender: client16, message: > hello from client16"
6,1773960221.9623232,1773960223.9169436,1.954620361328125,success
"sender: client16, message: > hello from client16"
7,1773960229.018811,1773960230.9804296,1.9616186618804932,success
"sender: client16, message: > hello from client16"
8,1773960236.0775042,1773960238.0371287,1.9596245288848877,success
"sender: client16, message: > hello from client16"
9,1773960243.1388054,1773960245.1182687,1.9794633388519287,success
"sender: client16, message: > hello from client16"
10,1773960250.210425,1773960252.1930985,1.9826736450195312,success
"sender: client16, message: > hello from client16"
11,1773960257.3092394,1773960259.2516139,1.9423744678497314,success
12,1773960264.341988,1773960266.3188677,1.976879596710205,success
"sender: client16, message: > hello from client16"
13,1773960271.4102948,1773960273.3905947,1.980299949645996,success
"sender: client16, message: > hello from client16"
14,1773960278.4841552,1773960280.4558825,1.9717273712158203,success
"sender: client16, message: > hello from client16"
15,1773960285.561476,1773960287.517107,1.9556310176849365,success
"sender: client16, message: > hello from client16"
16,1773960292.6168802,1773960294.589029,1.9721488952636719,success
"sender: client16, message: > hello from client16"
17,1773960299.6838253,1773960301.6531122,1.9692869186401367,success
"sender: client16, message: > hello from client16"
18,1773960306.7442493,1773960308.7086527,1.9644033908843994,success
"sender: client16, message: > hello from client16"
19,1773960313.8083599,1773960315.8004715,1.9921116828918457,success
"sender: client16, message: > hello from client16"
20,1773960320.9040735,1773960322.8669634,1.9628899097442627,success
"sender: client16, message: > hello from client16"
