round,send_time,recv_time,rtt,status
2,1773960193.6565673,1773960195.631402,1.974834680557251,success
3,1773960200.797025,1773960202.6974192,1.9003942012786865,success
4,1773960207.7731004,1773960209.7490778,1.9759774208068848,success
5,1773960214.8451076,1773960216.847862,2.0027544498443604,success
"sender: client2, message: > hello from client2"
6,1773960221.9541626,1773960223.9135792,1.9594166278839111,success
"sender: client2, message: > hello from client2"
7,1773960229.0185542,1773960230.9802012,1.9616470336914062,success
"sender: client2, message: > hello from client2"
8,1773960236.0558233,1773960238.048412,1.992588758468628,success
"sender: client2, message: > hello from client2"
9,1773960243.1219478,1773960245.1145132,1.992565393447876,success
"sender: client2, message: > hello from client2"
10,1773960250.2126496,1773960252.1858346,1.9731850624084473,success
"sender: client2, message: > hello from client2"
11,1773960257.3253775,1773960259.2486687,1.9232912063598633,success
"sender: client2, message: > hello from client2"
12,1773960264.3359838,1773960266.3145814,1.978597640991211,success
"sender: client2, message: > hello from client2"
13,1773960271.4205303,1773960273.3939295,1.9733991622924805,success
"sender: client2, message: > hello from client2"
14,1773960278.4945493,1773960280.4570546,1.9625053405761719,success
"sender: client2, message: > hello from client2"
15,1773960285.5701263,1773960287.5171227,1.9469964504241943,success
"sender: client2, message: > hello from client2"
16,1773960292.6244683,1773960294.5830133,1.9585449695587158,success
"sender: client2, message: > hello from client2"
17,1773960299.6869967,1773960301.6523976,1.9654009342193604,success
"sender: client2, message: > hello from client2"
18,1773960306.7508934,1773960308.7081978,1.9573044776916504,success
"sender: client2, message: > hello from client2"
19,1773960313.7828593,1773960315.812563,2.0297036170959473,success
"sender: client2, message: > hello from client2"
20,1773960320.9111202,1773960322.864573,1.9534528255462646,success
"sender: client2, message: > hello from client2"
