round,send_time,recv_time,rtt,status
2,1773959745.3503194,1773959747.2213693,1.8710498809814453,success
3,1773959752.3762352,1773959754.2843573,1.9081220626831055,success
4,1773959759.382315,1773959761.3460317,1.963716745376587,success
5,1773959766.4994073,1773959768.4079754,1.9085681438446045,success
6,1773959773.515099,1773959775.5338457,2.0187466144561768,success
"sender: client99, message: > hello from client99"
7,1773959780.6298487,1773959782.5896118,1.9597630500793457,success
8,1773959787.6743908,1773959789.6498804,1.975489616394043,success
9,1773959794.7496457,1773959796.7381604,1.9885146617889404,success
"sender: client99, message: > hello from client99"
10,1773959801.8489275,1773959803.7936356,1.9447081089019775,success
"sender: client99, message: > hello from client99"
11,1773959808.8944921,1773959810.8575692,1.9630770683288574,success
"sender: client99, message: > hello from client99"
