round,send_time,recv_time,rtt,status
2,1773959895.076648,1773959896.9686148,1.8919668197631836,success
3,1773959902.1107821,1773959904.0328043,1.9220221042633057,success
4,1773959909.2643628,1773959911.0931711,1.828808307647705,success
"sender: client64, message: > hello from client64"
5,1773959916.194635,1773959918.1560152,1.9613802433013916,success
"sender: client64, message: > hello from client64"
6,1773959923.2502177,1773959925.2112057,1.9609880447387695,success
"sender: client64, message: > hello from client64"
7,1773959930.3194544,1773959932.2661345,1.9466800689697266,success
"sender: client64, message: > hello from client64"
8,1773959937.3589852,1773959939.3370512,1.9780659675598145,success
"sender: client64, message: > hello from client64"
9,1773959944.4395003,1773959946.4023223,1.9628219604492188,success
"sender: client64, message: > hello from client64"
10,1773959951.4996936,1773959953.4587598,1.9590661525726318,success
"sender: client64, message: > hello from client64"
