round,send_time,recv_time,rtt,status
3,1773960200.8193574,1773960202.7051551,1.8857977390289307,success
4,1773960207.8681405,1773960209.781613,1.9134726524353027,success
5,1773960214.8441944,1773960216.8548374,2.0106430053710938,success
"sender: client69, message: > hello from client69"
6,1773960221.9584062,1773960223.9238923,1.9654860496520996,success
"sender: client69, message: > hello from client69"
7,1773960228.9995942,1773960230.9857786,1.9861843585968018,success
"sender: client69, message: > hello from client69"
8,1773960236.0735323,1773960238.0424056,1.9688732624053955,success
"sender: client69, message: > hello from client69"
9,1773960243.138943,1773960245.1196644,1.9807214736938477,success
"sender: client69, message: > hello from client69"
10,1773960250.217746,1773960252.1802645,1.9625184535980225,success
"sender: client69, message: > hello from client69"
11,1773960257.3259919,1773960259.2506948,1.9247028827667236,success
"sender: client69, message: > hello from client69"
12,1773960264.346089,1773960266.3244321,1.9783432483673096,success
"sender: client69, message: > hello from client69"
13,1773960271.4092112,1773960273.3934546,1.984243392944336,success
"sender: client69, message: > hello from client69"
14,1773960278.4819827,1773960280.4556983,1.9737155437469482,success
"sender: client69, message: > hello from client69"
15,1773960285.5653696,1773960287.526611,1.9612414836883545,success
"sender: client69, message: > hello from client69"
16,1773960292.6128058,1773960294.5871391,1.9743332862854004,success
"sender: client69, message: > hello from client69"
17,1773960299.6767254,1773960301.6547801,1.9780547618865967,success
18,1773960306.738986,1773960308.717994,1.9790079593658447,success
"sender: client69, message: > hello from client69"
19,1773960313.8112135,1773960315.8052158,1.994002342224121,success
"sender: client69, message: > hello from client69"
20,1773960320.887573,1773960322.8617349,1.9741618633270264,success
"sender: client69, message: > hello from client69"
