round,send_time,recv_time,rtt,status
2,1773959895.0506613,1773959896.967821,1.9171595573425293,success
3,1773959902.1470358,1773959904.0302846,1.8832488059997559,success
4,1773959909.1852422,1773959911.1018705,1.916628360748291,success
5,1773959916.1897378,1773959918.1577988,1.9680609703063965,success
"sender: client82, message: > hello from client82"
6,1773959923.2565086,1773959925.2194333,1.9629247188568115,success
"sender: client82, message: > hello from client82"
7,1773959930.307244,1773959932.27499,1.9677460193634033,success
"sender: client82, message: > hello from client82"
8,1773959937.365022,1773959939.336388,1.9713661670684814,success
"sender: client82, message: > hello from client82"
9,1773959944.4315279,1773959946.40181,1.9702820777893066,success
"sender: client82, message: > hello from client82"
10,1773959951.500111,1773959953.4583483,1.9582371711730957,success
"sender: client82, message: > hello from client82"
