round,send_time,recv_time,rtt,status
2,1773960193.649965,1773960195.6286194,1.978654384613037,success
3,1773960200.853678,1773960202.7017152,1.8480372428894043,success
4,1773960207.8545852,1773960209.7714446,1.9168593883514404,success
5,1773960214.839583,1773960216.8559515,2.0163686275482178,success
"sender: client46, message: > hello from client46"
6,1773960221.9354239,1773960223.9193714,1.983947515487671,success
"sender: client46, message: > hello from client46"
7,1773960229.0112984,1773960230.9856846,1.974386215209961,success
"sender: client46, message: > hello from client46"
8,1773960236.0363035,1773960238.0414312,2.0051276683807373,success
9,1773960243.1410248,1773960245.1172905,1.9762656688690186,success
"sender: client46, message: > hello from client46"
10,1773960250.2229283,1773960252.179269,1.9563407897949219,success
"sender: client46, message: > hello from client46"
11,1773960257.325861,1773960259.2539315,1.9280705451965332,success
"sender: client46, message: > hello from client46"
12,1773960264.3378735,1773960266.3230155,1.9851419925689697,success
"sender: client46, message: > hello from client46"
13,1773960271.4170687,1773960273.395906,1.978837251663208,success
"sender: client46, message: > hello from client46"
14,1773960278.4826732,1773960280.4561749,1.9735016822814941,success
15,1773960285.5549483,1773960287.5203977,1.965449333190918,success
"sender: client46, message: > hello from client46"
16,1773960292.6221232,1773960294.5910442,1.9689209461212158,success
"sender: client46, message: > hello from client46"
17,1773960299.6837893,1773960301.6566536,1.9728643894195557,success
"sender: client46, message: > hello from client46"
18,1773960306.7253783,1773960308.71197,1.9865918159484863,success
"sender: client46, message: > hello from client46"
19,1773960313.816778,1773960315.8027737,1.9859957695007324,success
"sender: client46, message: > hello from client46"
20,1773960320.8896043,1773960322.866996,1.9773917198181152,success
"sender: client46, message: > hello from client46"
