round,send_time,recv_time,rtt,status
1,1773966917.4622543,1773966919.4516938,1.9894394874572754,success
2,1773966924.587216,1773966926.5678203,1.9806044101715088,success
3,1773966931.704744,1773966933.686086,1.98134183883667,success
"sender: client30, message: > hello from client30"
4,1773966938.7883623,1773966940.7971513,2.0087890625,success
"sender: client30, message: > hello from client30"
5,1773966945.9196286,1773966947.912668,1.9930393695831299,success
"sender: client30, message: > hello from client30"
6,1773966953.0221753,1773966955.0506144,2.0284390449523926,success
"sender: client30, message: > hello from client30"
7,1773966960.1570086,1773966962.1655967,2.0085880756378174,success
8,1773966967.272074,1773966969.282013,2.009938955307007,success
"sender: client30, message: > hello from client30"
9,1773966974.3860526,1773966976.4041743,2.0181217193603516,success
"sender: client30, message: > hello from client30"
10,1773966981.5074828,1773966983.5400958,2.0326130390167236,success
"sender: client30, message: > hello from client30"
11,1773966988.6535027,1773966990.654555,2.0010523796081543,success
"sender: client30, message: > hello from client30"
12,1773966995.741337,1773966997.7583716,2.0170345306396484,success
"sender: client30, message: > hello from client30"
13,1773967002.899841,1773967004.90467,2.004828929901123,success
"sender: client30, message: > hello from client30"
14,1773967010.0167468,1773967012.0256894,2.0089426040649414,success
"sender: client30, message: > hello from client30"
15,1773967017.1357584,1773967019.1529708,2.017212390899658,success
"sender: client30, message: > hello from client30"
16,1773967024.2491405,1773967026.2733107,2.024170160293579,success
17,1773967031.387033,1773967033.4052005,2.018167495727539,success
"sender: client30, message: > hello from client30"
18,1773967038.5339754,1773967040.5259018,1.9919264316558838,success
"sender: client30, message: > hello from client30"
19,1773967045.6393363,1773967047.6225789,1.9832425117492676,success
"sender: client30, message: > hello from client30"
20,1773967052.737633,1773967054.758023,2.020390033721924,success
"sender: client30, message: > hello from client30"
