round,send_time,recv_time,rtt,status
3,1773960200.8381734,1773960202.7048228,1.8666493892669678,success
4,1773960207.8425617,1773960209.7861106,1.9435489177703857,success
5,1773960214.8185997,1773960216.854434,2.035834312438965,success
"sender: client81, message: > hello from client81"
6,1773960221.9449914,1773960223.9231753,1.9781839847564697,success
"sender: client81, message: > hello from client81"
7,1773960229.004601,1773960230.9810467,1.9764456748962402,success
"sender: client81, message: > hello from client81"
8,1773960236.0787983,1773960238.0476549,1.9688565731048584,success
"sender: client81, message: > hello from client81"
9,1773960243.1446488,1773960245.1190908,1.9744420051574707,success
10,1773960250.2183993,1773960252.183188,1.9647886753082275,success
"sender: client81, message: > hello from client81"
11,1773960257.321786,1773960259.2506404,1.9288544654846191,success
12,1773960264.325719,1773960266.3156972,1.9899780750274658,success
"sender: client81, message: > hello from client81"
13,1773960271.4128046,1773960273.3936355,1.9808309078216553,success
"sender: client81, message: > hello from client81"
14,1773960278.4957006,1773960280.4649992,1.9692986011505127,success
"sender: client81, message: > hello from client81"
15,1773960285.5706258,1773960287.5220053,1.9513795375823975,success
"sender: client81, message: > hello from client81"
16,1773960292.6272087,1773960294.5912168,1.964008092880249,success
"sender: client81, message: > hello from client81"
17,1773960299.6516447,1773960301.6523252,2.000680446624756,success
"sender: client81, message: > hello from client81"
18,1773960306.7260225,1773960308.7183375,1.9923150539398193,success
"sender: client81, message: > hello from client81"
19,1773960313.8103504,1773960315.8054621,1.9951117038726807,success
"sender: client81, message: > hello from client81"
20,1773960320.8890395,1773960322.8663769,1.97733736038208,success
"sender: client81, message: > hello from client81"
