round,send_time,recv_time,rtt,status
2,1773960193.6532605,1773960195.6311185,1.977858066558838,success
3,1773960200.8301265,1773960202.6975887,1.867462158203125,success
4,1773960207.7643194,1773960209.7495406,1.9852211475372314,success
"sender: client18, message: > hello from client18"
5,1773960214.821929,1773960216.8487513,2.026822328567505,success
"sender: client18, message: > hello from client18"
6,1773960221.960887,1773960223.9139502,1.9530632495880127,success
"sender: client18, message: > hello from client18"
7,1773960229.0130575,1773960230.9803054,1.9672479629516602,success
"sender: client18, message: > hello from client18"
8,1773960236.077257,1773960238.0483425,1.971085548400879,success
"sender: client18, message: > hello from client18"
9,1773960243.1428792,1773960245.1184857,1.9756064414978027,success
"sender: client18, message: > hello from client18"
10,1773960250.2009068,1773960252.1788075,1.977900743484497,success
"sender: client18, message: > hello from client18"
11,1773960257.3223286,1773960259.252404,1.9300754070281982,success
"sender: client18, message: > hello from client18"
12,1773960264.3251104,1773960266.3150089,1.989898443222046,success
"sender: client18, message: > hello from client18"
13,1773960271.412939,1773960273.3940067,1.9810676574707031,success
"sender: client18, message: > hello from client18"
14,1773960278.4806135,1773960280.4603143,1.9797008037567139,success
"sender: client18, message: > hello from client18"
15,1773960285.569778,1773960287.5232635,1.9534854888916016,success
"sender: client18, message: > hello from client18"
16,1773960292.6049614,1773960294.5911474,1.9861860275268555,success
"sender: client18, message: > hello from client18"
17,1773960299.6818511,1773960301.650721,1.968869924545288,success
"sender: client18, message: > hello from client18"
18,1773960306.7527153,1773960308.7084718,1.955756425857544,success
"sender: client18, message: > hello from client18"
19,1773960313.8105965,1773960315.8006883,1.9900918006896973,success
"sender: client18, message: > hello from client18"
20,1773960320.9053104,1773960322.8671389,1.9618284702301025,success
"sender: client18, message: > hello from client18"
