round,send_time,recv_time,rtt,status
2,1773959745.3527114,1773959747.2213368,1.8686254024505615,success
3,1773959752.3875558,1773959754.2817457,1.8941898345947266,success
4,1773959759.385911,1773959761.3457239,1.959812879562378,success
"sender: client43, message: > hello from client43"
5,1773959766.4350195,1773959768.407161,1.9721415042877197,success
6,1773959773.5173326,1773959775.564931,2.047598361968994,success
"sender: client43, message: > hello from client43"
7,1773959780.626664,1773959782.5928977,1.966233730316162,success
"sender: client43, message: > hello from client43"
8,1773959787.6918156,1773959789.6522882,1.960472583770752,success
9,1773959794.7511694,1773959796.7390528,1.9878833293914795,success
10,1773959801.84267,1773959803.7870922,1.9444222450256348,success
"sender: client43, message: > hello from client43"
11,1773959808.895085,1773959810.852787,1.9577019214630127,success
