round,send_time,recv_time,rtt,status
2,1773960193.6614404,1773960195.6287324,1.967292070388794,success
3,1773960200.8326426,1773960202.698397,1.8657543659210205,success
4,1773960207.7791877,1773960209.7730768,1.9938890933990479,success
5,1773960214.8483064,1773960216.8502529,2.001946449279785,success
"sender: client32, message: > hello from client32"
6,1773960221.9198678,1773960223.918343,1.9984753131866455,success
"sender: client32, message: > hello from client32"
7,1773960229.0001168,1773960230.9803395,1.9802227020263672,success
"sender: client32, message: > hello from client32"
8,1773960236.0647998,1773960238.047673,1.9828732013702393,success
"sender: client32, message: > hello from client32"
9,1773960243.1274767,1773960245.1158109,1.9883341789245605,success
"sender: client32, message: > hello from client32"
10,1773960250.1939933,1773960252.195437,2.00144362449646,success
"sender: client32, message: > hello from client32"
11,1773960257.3080797,1773960259.247928,1.9398481845855713,success
"sender: client32, message: > hello from client32"
12,1773960264.3190398,1773960266.3150597,1.9960198402404785,success
"sender: client32, message: > hello from client32"
13,1773960271.414801,1773960273.3954296,1.9806287288665771,success
"sender: client32, message: > hello from client32"
14,1773960278.4934921,1773960280.456078,1.9625859260559082,success
"sender: client32, message: > hello from client32"
15,1773960285.562758,1773960287.522389,1.9596309661865234,success
"sender: client32, message: > hello from client32"
16,1773960292.6038392,1773960294.5898294,1.985990285873413,success
"sender: client32, message: > hello from client32"
17,1773960299.674541,1773960301.6511798,1.9766387939453125,success
"sender: client32, message: > hello from client32"
18,1773960306.7507174,1773960308.7192137,1.968496322631836,success
"sender: client32, message: > hello from client32"
19,1773960313.7975657,1773960315.8053901,2.007824420928955,success
"sender: client32, message: > hello from client32"
20,1773960320.905847,1773960322.8618114,1.9559643268585205,success
"sender: client32, message: > hello from client32"
