round,send_time,recv_time,rtt,status
2,1773959745.3170779,1773959747.2272515,1.9101736545562744,success
3,1773959752.3847063,1773959754.2889001,1.9041938781738281,success
4,1773959759.3858557,1773959761.3446467,1.9587910175323486,success
"sender: client97, message: > hello from client97"
5,1773959766.4969113,1773959768.4228268,1.9259154796600342,success
"sender: client97, message: > hello from client97"
6,1773959773.5088427,1773959775.5638893,2.055046558380127,success
7,1773959780.613342,1773959782.5897493,1.9764072895050049,success
"sender: client97, message: > hello from client97"
8,1773959787.6794338,1773959789.6532001,1.9737663269042969,success
"sender: client97, message: > hello from client97"
9,1773959794.739283,1773959796.751543,2.0122599601745605,success
"sender: client97, message: > hello from client97"
10,1773959801.8517346,1773959803.7913506,1.9396159648895264,success
11,1773959808.891085,1773959810.8576784,1.9665935039520264,success
"sender: client97, message: > hello from client97"
