round,send_time,recv_time,rtt,status
3,1773959902.0852757,1773959904.0302362,1.944960594177246,success
4,1773959909.2102945,1773959911.0916078,1.8813133239746094,success
5,1773959916.2030156,1773959918.1568453,1.9538297653198242,success
"sender: client84, message: > hello from client84"
6,1773959923.251005,1773959925.2152762,1.9642713069915771,success
"sender: client84, message: > hello from client84"
7,1773959930.3179858,1773959932.2723749,1.9543890953063965,success
"sender: client84, message: > hello from client84"
8,1773959937.3600612,1773959939.3363755,1.9763143062591553,success
"sender: client84, message: > hello from client84"
9,1773959944.4228728,1773959946.397481,1.9746081829071045,success
"sender: client84, message: > hello from client84"
10,1773959951.4898264,1773959953.458728,1.9689016342163086,success
"sender: client84, message: > hello from client84"
