round,send_time,recv_time,rtt,status
2,1773959895.0191712,1773959896.971421,1.9522497653961182,success
3,1773959902.1431887,1773959904.0272317,1.8840429782867432,success
4,1773959909.248847,1773959911.0912588,1.842411756515503,success
5,1773959916.1852317,1773959918.1550527,1.9698209762573242,success
"sender: client43, message: > hello from client43"
6,1773959923.227567,1773959925.210812,1.9832451343536377,success
"sender: client43, message: > hello from client43"
7,1773959930.3081365,1773959932.2659197,1.9577832221984863,success
"sender: client43, message: > hello from client43"
8,1773959937.3412583,1773959939.335376,1.9941177368164062,success
"sender: client43, message: > hello from client43"
9,1773959944.4361668,1773959946.397291,1.9611241817474365,success
"sender: client43, message: > hello from client43"
10,1773959951.4997756,1773959953.4581976,1.9584219455718994,success
"sender: client43, message: > hello from client43"
