round,send_time,recv_time,rtt,status
2,1773960193.7019458,1773960195.630307,1.928361177444458,success
3,1773960200.8539479,1773960202.700856,1.8469080924987793,success
4,1773960207.839775,1773960209.7711174,1.931342363357544,success
5,1773960214.8432405,1773960216.854704,2.0114634037017822,success
"sender: client39, message: > hello from client39"
6,1773960221.9512062,1773960223.9231472,1.9719409942626953,success
"sender: client39, message: > hello from client39"
7,1773960229.007583,1773960230.980763,1.9731800556182861,success
"sender: client39, message: > hello from client39"
8,1773960236.0795398,1773960238.0406425,1.9611027240753174,success
"sender: client39, message: > hello from client39"
9,1773960243.1375403,1773960245.1156628,1.9781224727630615,success
"sender: client39, message: > hello from client39"
10,1773960250.2158144,1773960252.1890485,1.9732341766357422,success
"sender: client39, message: > hello from client39"
11,1773960257.327398,1773960259.2504835,1.9230854511260986,success
12,1773960264.3413196,1773960266.3149247,1.9736051559448242,success
"sender: client39, message: > hello from client39"
13,1773960271.4157648,1773960273.3909347,1.9751698970794678,success
"sender: client39, message: > hello from client39"
14,1773960278.4831042,1773960280.4558127,1.9727084636688232,success
"sender: client39, message: > hello from client39"
15,1773960285.5320358,1773960287.521841,1.9898052215576172,success
"sender: client39, message: > hello from client39"
16,1773960292.6238275,1773960294.589956,1.9661285877227783,success
"sender: client39, message: > hello from client39"
17,1773960299.6652393,1773960301.6511114,1.9858720302581787,success
"sender: client39, message: > hello from client39"
18,1773960306.7482672,1773960308.7187397,1.9704725742340088,success
"sender: client39, message: > hello from client39"
19,1773960313.8162143,1773960315.8121316,1.9959173202514648,success
"sender: client39, message: > hello from client39"
20,1773960320.8932817,1773960322.8644705,1.9711887836456299,success
"sender: client39, message: > hello from client39"
