round,send_time,recv_time,rtt,status
2,1773959745.3446438,1773959747.2234187,1.878774881362915,success
3,1773959752.3604114,1773959754.2837439,1.9233324527740479,success
"sender: client86, message: > hello from client86"
4,1773959759.3580062,1773959761.3448515,1.9868452548980713,success
"sender: client86, message: > hello from client86"
5,1773959766.505837,1773959768.4227643,1.9169273376464844,success
"sender: client86, message: > hello from client86"
6,1773959773.5027404,1773959775.5317664,2.0290260314941406,success
7,1773959780.6170948,1773959782.5900426,1.9729478359222412,success
"sender: client86, message: > hello from client86"
8,1773959787.6748345,1773959789.6488235,1.9739890098571777,success
"sender: client86, message: > hello from client86"
9,1773959794.7531762,1773959796.7304888,1.9773125648498535,success
10,1773959801.8406713,1773959803.788408,1.9477367401123047,success
"sender: client86, message: > hello from client86"
11,1773959808.8798144,1773959810.8532917,1.9734773635864258,success
"sender: client86, message: > hello from client86"
