round,send_time,recv_time,rtt,status
1,1773959738.1880956,1773959740.1572382,1.9691426753997803,success
2,1773959745.3120239,1773959747.2288337,1.9168097972869873,success
3,1773959752.2981791,1773959754.2821336,1.9839544296264648,success
4,1773959759.3866343,1773959761.340105,1.9534707069396973,success
"sender: client15, message: > hello from client15"
5,1773959766.4928558,1773959768.4066815,1.9138257503509521,success
6,1773959773.5038245,1773959775.5641103,2.060285806655884,success
"sender: client15, message: > hello from client15"
7,1773959780.6304302,1773959782.5829484,1.9525182247161865,success
"sender: client15, message: > hello from client15"
8,1773959787.6932688,1773959789.6474898,1.9542210102081299,success
"sender: client15, message: > hello from client15"
9,1773959794.7409222,1773959796.738353,1.9974308013916016,success
10,1773959801.839024,1773959803.7886102,1.9495861530303955,success
"sender: client15, message: > hello from client15"
11,1773959808.8883412,1773959810.8568976,1.9685564041137695,success
"sender: client15, message: > hello from client15"
