round,send_time,recv_time,rtt,status
1,1773966917.466898,1773966919.44993,1.983031988143921,success
2,1773966924.6205356,1773966926.565472,1.9449362754821777,success
3,1773966931.7042618,1773966933.6855297,1.9812679290771484,success
4,1773966938.7729313,1773966940.797473,2.0245416164398193,success
"sender: client0, message: > hello from client0"
5,1773966945.9159396,1773966947.908188,1.99224853515625,success
"sender: client0, message: > hello from client0"
6,1773966953.0242789,1773966955.0447655,2.02048659324646,success
"sender: client0, message: > hello from client0"
7,1773966960.1552007,1773966962.1659353,2.0107345581054688,success
8,1773966967.2536316,1773966969.2800975,2.026465892791748,success
"sender: client0, message: > hello from client0"
9,1773966974.3863766,1773966976.3993037,2.0129270553588867,success
"sender: client0, message: > hello from client0"
10,1773966981.5005054,1773966983.537475,2.0369696617126465,success
"sender: client0, message: > hello from client0"
11,1773966988.6529167,1773966990.6499288,1.9970121383666992,success
"sender: client0, message: > hello from client0"
12,1773966995.7389696,1773966997.7588522,2.0198826789855957,success
"sender: client0, message: > hello from client0"
13,1773967002.8992965,1773967004.8927019,1.9934053421020508,success
"sender: client0, message: > hello from client0"
14,1773967010.0282903,1773967012.0267878,1.998497486114502,success
"sender: client0, message: > hello from client0"
15,1773967017.147756,1773967019.1542025,2.006446361541748,success
"sender: client0, message: > hello from client0"
16,1773967024.2687945,1773967026.2685428,1.9997482299804688,success
"sender: client0, message: > hello from client0"
17,1773967031.3779655,1773967033.401129,2.0231635570526123,success
"sender: client0, message: > hello from client0"
18,1773967038.5528862,1773967040.5234315,1.9705452919006348,success
"sender: client0, message: > hello from client0"
19,1773967045.640542,1773967047.622318,1.9817759990692139,success
"sender: client0, message: > hello from client0"
20,1773967052.687324,1773967054.757577,2.0702528953552246,success
"sender: client0, message: > hello from client0"
