round,send_time,recv_time,rtt,status
2,1773959745.3348467,1773959747.2241573,1.889310598373413,success
3,1773959752.3718061,1773959754.2853253,1.9135191440582275,success
"sender: client79, message: > hello from client79"
4,1773959759.381714,1773959761.346445,1.964730978012085,success
5,1773959766.4020417,1773959768.4224374,2.0203957557678223,success
6,1773959773.5196068,1773959775.5339873,2.01438045501709,success
"sender: client79, message: > hello from client79"
7,1773959780.6217544,1773959782.5884812,1.9667267799377441,success
"sender: client79, message: > hello from client79"
8,1773959787.67071,1773959789.6530697,1.9823596477508545,success
"sender: client79, message: > hello from client79"
9,1773959794.7514505,1773959796.7503464,1.9988958835601807,success
"sender: client79, message: > hello from client79"
10,1773959801.8222477,1773959803.794045,1.971797227859497,success
"sender: client79, message: > hello from client79"
11,1773959808.8973756,1773959810.856806,1.959430456161499,success
"sender: client79, message: > hello from client79"
