round,send_time,recv_time,rtt,status
1,1773959738.1842535,1773959740.1564455,1.9721920490264893,success
2,1773959745.323223,1773959747.2210515,1.8978283405303955,success
3,1773959752.302016,1773959754.2880962,1.9860801696777344,success
"sender: client2, message: > hello from client2"
4,1773959759.3695138,1773959761.3393958,1.9698820114135742,success
"sender: client2, message: > hello from client2"
5,1773959766.4732096,1773959768.4060135,1.9328038692474365,success
6,1773959773.51486,1773959775.5234232,2.008563280105591,success
"sender: client2, message: > hello from client2"
7,1773959780.6031833,1773959782.5890145,1.9858312606811523,success
"sender: client2, message: > hello from client2"
8,1773959787.6836338,1773959789.6459513,1.9623174667358398,success
9,1773959794.742214,1773959796.756207,2.01399302482605,success
10,1773959801.8380213,1773959803.78604,1.9480187892913818,success
"sender: client2, message: > hello from client2"
11,1773959808.8790083,1773959810.8510795,1.9720711708068848,success
"sender: client2, message: > hello from client2"
