round,send_time,recv_time,rtt,status
1,1773966917.471721,1773966919.4488492,1.977128267288208,success
2,1773966924.648259,1773966926.5734484,1.92518949508667,success
3,1773966931.6467376,1773966933.6854281,2.0386905670166016,success
4,1773966938.7792068,1773966940.7982981,2.0190913677215576,success
"sender: client28, message: > hello from client28"
5,1773966945.90942,1773966947.9090884,1.9996683597564697,success
6,1773966953.014783,1773966955.050529,2.0357460975646973,success
"sender: client28, message: > hello from client28"
7,1773966960.1416612,1773966962.1670923,2.0254311561584473,success
"sender: client28, message: > hello from client28"
8,1773966967.2469893,1773966969.2835057,2.0365164279937744,success
"sender: client28, message: > hello from client28"
9,1773966974.387381,1773966976.4033911,2.016010046005249,success
"sender: client28, message: > hello from client28"
10,1773966981.51201,1773966983.5328274,2.020817279815674,success
"sender: client28, message: > hello from client28"
11,1773966988.6550925,1773966990.652132,1.997039556503296,success
"sender: client28, message: > hello from client28"
12,1773966995.7398582,1773966997.7603066,2.0204484462738037,success
"sender: client28, message: > hello from client28"
13,1773967002.892616,1773967004.8987024,2.0060863494873047,success
"sender: client28, message: > hello from client28"
14,1773967010.0273585,1773967012.0258286,1.9984700679779053,success
"sender: client28, message: > hello from client28"
15,1773967017.139664,1773967019.1530712,2.0134072303771973,success
"sender: client28, message: > hello from client28"
16,1773967024.266153,1773967026.2697673,2.0036141872406006,success
"sender: client28, message: > hello from client28"
17,1773967031.3872483,1773967033.4077456,2.0204973220825195,success
"sender: client28, message: > hello from client28"
18,1773967038.560976,1773967040.5284367,1.9674606323242188,success
"sender: client28, message: > hello from client28"
19,1773967045.6390784,1773967047.6240947,1.9850163459777832,success
"sender: client28, message: > hello from client28"
20,1773967052.7389402,1773967054.7574167,2.0184764862060547,success
"sender: client28, message: > hello from client28"
