round,send_time,recv_time,rtt,status
2,1773966924.6116838,1773966926.5673532,1.9556694030761719,success
3,1773966931.6563916,1773966933.6909559,2.034564256668091,success
4,1773966938.7955382,1773966940.8078372,2.012299060821533,success
"sender: client88, message: > hello from client88"
5,1773966945.914966,1773966947.9096284,1.9946622848510742,success
"sender: client88, message: > hello from client88"
6,1773966953.0232804,1773966955.0504065,2.0271260738372803,success
"sender: client88, message: > hello from client88"
7,1773966960.158814,1773966962.1682532,2.00943922996521,success
"sender: client88, message: > hello from client88"
8,1773966967.2661352,1773966969.2836015,2.0174663066864014,success
"sender: client88, message: > hello from client88"
9,1773966974.3737774,1773966976.404936,2.031158685684204,success
"sender: client88, message: > hello from client88"
10,1773966981.5115173,1773966983.5373263,2.0258090496063232,success
"sender: client88, message: > hello from client88"
11,1773966988.654891,1773966990.6536593,1.9987683296203613,success
"sender: client88, message: > hello from client88"
12,1773966995.7404306,1773966997.7641737,2.023743152618408,success
"sender: client88, message: > hello from client88"
13,1773967002.8587875,1773967004.8953884,2.0366008281707764,success
14,1773967010.0356226,1773967012.030882,1.9952592849731445,success
"sender: client88, message: > hello from client88"
15,1773967017.1276498,1773967019.1577091,2.030059337615967,success
"sender: client88, message: > hello from client88"
16,1773967024.2466123,1773967026.268443,2.0218307971954346,success
"sender: client88, message: > hello from client88"
17,1773967031.375093,1773967033.4081097,2.0330166816711426,success
"sender: client88, message: > hello from client88"
18,1773967038.5629084,1773967040.531353,1.968444585800171,success
"sender: client88, message: > hello from client88"
19,1773967045.6186612,1773967047.6259685,2.007307291030884,success
"sender: client88, message: > hello from client88"
20,1773967052.7311747,1773967054.7551823,2.024007558822632,success
"sender: client88, message: > hello from client88"
