round,send_time,recv_time,rtt,status
2,1773959745.3143992,1773959747.2223973,1.9079980850219727,success
3,1773959752.3675303,1773959754.2811987,1.9136683940887451,success
4,1773959759.3784747,1773959761.3447485,1.9662737846374512,success
5,1773959766.5023923,1773959768.407667,1.9052746295928955,success
"sender: client81, message: > hello from client81"
6,1773959773.4947546,1773959775.5341156,2.039361000061035,success
7,1773959780.609949,1773959782.5893214,1.979372262954712,success
"sender: client81, message: > hello from client81"
8,1773959787.6867008,1773959789.6507933,1.964092493057251,success
"sender: client81, message: > hello from client81"
9,1773959794.7526321,1773959796.7307105,1.9780783653259277,success
10,1773959801.8460112,1773959803.793134,1.9471228122711182,success
"sender: client81, message: > hello from client81"
11,1773959808.8970203,1773959810.853279,1.956258773803711,success
"sender: client81, message: > hello from client81"
