round,send_time,recv_time,rtt,status
1,1773966917.4681354,1773966919.4491782,1.9810428619384766,success
2,1773966924.6518373,1773966926.5660474,1.9142100811004639,success
3,1773966931.7239463,1773966933.688319,1.9643726348876953,success
4,1773966938.760645,1773966940.79833,2.0376851558685303,success
"sender: client42, message: > hello from client42"
5,1773966945.9137118,1773966947.9094071,1.9956953525543213,success
"sender: client42, message: > hello from client42"
6,1773966953.0176122,1773966955.0475614,2.029949188232422,success
"sender: client42, message: > hello from client42"
7,1773966960.121658,1773966962.1677818,2.046123743057251,success
"sender: client42, message: > hello from client42"
8,1773966967.2629604,1773966969.279672,2.016711473464966,success
"sender: client42, message: > hello from client42"
9,1773966974.3858469,1773966976.3987112,2.012864351272583,success
"sender: client42, message: > hello from client42"
10,1773966981.5093598,1773966983.5390599,2.0297000408172607,success
"sender: client42, message: > hello from client42"
11,1773966988.661399,1773966990.653587,1.9921882152557373,success
"sender: client42, message: > hello from client42"
12,1773966995.745121,1773966997.7585292,2.0134081840515137,success
"sender: client42, message: > hello from client42"
13,1773967002.90084,1773967004.9076622,2.006822109222412,success
"sender: client42, message: > hello from client42"
14,1773967010.0348525,1773967012.0258934,1.9910409450531006,success
15,1773967017.143828,1773967019.1545093,2.010681390762329,success
"sender: client42, message: > hello from client42"
16,1773967024.2350857,1773967026.267975,2.0328893661499023,success
"sender: client42, message: > hello from client42"
17,1773967031.3780782,1773967033.4025943,2.0245161056518555,success
"sender: client42, message: > hello from client42"
18,1773967038.5507374,1773967040.5270777,1.9763402938842773,success
"sender: client42, message: > hello from client42"
19,1773967045.6317532,1773967047.6228516,1.991098403930664,success
"sender: client42, message: > hello from client42"
20,1773967052.7387793,1773967054.7576585,2.0188791751861572,success
"sender: client42, message: > hello from client42"
