round,send_time,recv_time,rtt,status
1,1773959738.1654024,1773959740.1753767,2.009974241256714,success
2,1773959745.347555,1773959747.2216182,1.87406325340271,success
3,1773959752.3496196,1773959754.2853897,1.935770034790039,success
"sender: client28, message: > hello from client28"
4,1773959759.3766828,1773959761.3453596,1.9686768054962158,success
5,1773959766.500009,1773959768.4069202,1.9069111347198486,success
"sender: client28, message: > hello from client28"
6,1773959773.5074544,1773959775.5649822,2.057527780532837,success
7,1773959780.6302602,1773959782.5901735,1.9599132537841797,success
"sender: client28, message: > hello from client28"
8,1773959787.6860461,1773959789.6520782,1.9660320281982422,success
"sender: client28, message: > hello from client28"
9,1773959794.7417579,1773959796.7502146,2.0084567070007324,success
"sender: client28, message: > hello from client28"
10,1773959801.8486931,1773959803.7867565,1.938063383102417,success
"sender: client28, message: > hello from client28"
11,1773959808.893818,1773959810.8543274,1.9605095386505127,success
