round,send_time,recv_time,rtt,status
1,1773959887.9272761,1773959889.9916713,2.0643951892852783,success
2,1773959895.086564,1773959896.9775472,1.8909831047058105,success
3,1773959902.1486623,1773959904.0291755,1.8805131912231445,success
4,1773959909.2549806,1773959911.0906928,1.835712194442749,success
5,1773959916.1950567,1773959918.1523201,1.957263469696045,success
"sender: client0, message: > hello from client0"
6,1773959923.2322297,1773959925.210243,1.978013277053833,success
"sender: client0, message: > hello from client0"
7,1773959930.3047576,1773959932.2697918,1.9650342464447021,success
"sender: client0, message: > hello from client0"
8,1773959937.3521976,1773959939.3384614,1.9862637519836426,success
"sender: client0, message: > hello from client0"
9,1773959944.4231539,1773959946.4025788,1.9794249534606934,success
"sender: client0, message: > hello from client0"
10,1773959951.502366,1773959953.4601128,1.9577467441558838,success
"sender: client0, message: > hello from client0"
