round,send_time,recv_time,rtt,status
2,1773960193.7027183,1773960195.631828,1.929109811782837,success
3,1773960200.8500063,1773960202.697858,1.8478517532348633,success
4,1773960207.864649,1773960209.7859662,1.9213171005249023,success
5,1773960214.8545253,1773960216.856165,2.0016396045684814,success
"sender: client30, message: > hello from client30"
6,1773960221.9572136,1773960223.9210052,1.9637916088104248,success
"sender: client30, message: > hello from client30"
7,1773960229.0132508,1773960230.9807506,1.9674997329711914,success
"sender: client30, message: > hello from client30"
8,1773960236.0794692,1773960238.050511,1.9710416793823242,success
9,1773960243.1302826,1773960245.1157918,1.9855091571807861,success
"sender: client30, message: > hello from client30"
10,1773960250.2186878,1773960252.18292,1.9642322063446045,success
"sender: client30, message: > hello from client30"
11,1773960257.3250158,1773960259.2470438,1.9220280647277832,success
"sender: client30, message: > hello from client30"
12,1773960264.3394907,1773960266.3146567,1.9751660823822021,success
"sender: client30, message: > hello from client30"
13,1773960271.4118521,1773960273.390566,1.9787139892578125,success
"sender: client30, message: > hello from client30"
14,1773960278.4685817,1773960280.459605,1.991023302078247,success
"sender: client30, message: > hello from client30"
15,1773960285.5691025,1773960287.5209053,1.9518027305603027,success
"sender: client30, message: > hello from client30"
16,1773960292.6239805,1773960294.5869417,1.962961196899414,success
17,1773960299.682869,1773960301.650908,1.9680390357971191,success
"sender: client30, message: > hello from client30"
18,1773960306.749746,1773960308.7142184,1.9644722938537598,success
"sender: client30, message: > hello from client30"
19,1773960313.7848766,1773960315.8132343,2.028357744216919,success
"sender: client30, message: > hello from client30"
20,1773960320.8997293,1773960322.8657925,1.9660632610321045,success
"sender: client30, message: > hello from client30"
