round,send_time,recv_time,rtt,status
2,1773959895.0858543,1773959896.970809,1.8849546909332275,success
3,1773959902.1289835,1773959904.026498,1.8975145816802979,success
4,1773959909.2050624,1773959911.1024575,1.897395133972168,success
"sender: client19, message: > hello from client19"
5,1773959916.198668,1773959918.1567342,1.9580662250518799,success
"sender: client19, message: > hello from client19"
6,1773959923.2437866,1773959925.2117114,1.9679248332977295,success
"sender: client19, message: > hello from client19"
7,1773959930.3214877,1773959932.2666156,1.9451279640197754,success
"sender: client19, message: > hello from client19"
8,1773959937.391929,1773959939.3384027,1.9464738368988037,success
"sender: client19, message: > hello from client19"
9,1773959944.4408872,1773959946.4014459,1.9605586528778076,success
"sender: client19, message: > hello from client19"
10,1773959951.483244,1773959953.4609172,1.9776732921600342,success
"sender: client19, message: > hello from client19"
