round,send_time,recv_time,rtt,status
1,1773959738.15786,1773959740.1758378,2.017977714538574,success
2,1773959745.3483107,1773959747.221296,1.8729853630065918,success
3,1773959752.376581,1773959754.2798483,1.9032673835754395,success
4,1773959759.3887048,1773959761.340134,1.9514291286468506,success
"sender: client17, message: > hello from client17"
5,1773959766.497409,1773959768.4077501,1.9103410243988037,success
"sender: client17, message: > hello from client17"
6,1773959773.520061,1773959775.533043,2.01298189163208,success
"sender: client17, message: > hello from client17"
7,1773959780.6042633,1773959782.589373,1.985109806060791,success
"sender: client17, message: > hello from client17"
8,1773959787.6590736,1773959789.6473963,1.9883227348327637,success
9,1773959794.7262,1773959796.7498586,2.023658514022827,success
10,1773959801.823675,1773959803.7886586,1.9649837017059326,success
"sender: client17, message: > hello from client17"
11,1773959808.8576078,1773959810.853446,1.9958381652832031,success
"sender: client17, message: > hello from client17"
