round,send_time,recv_time,rtt,status
3,1773959902.1342359,1773959904.0359364,1.901700496673584,success
4,1773959909.2643392,1773959911.0918155,1.8274762630462646,success
"sender: client85, message: > hello from client85"
5,1773959916.1571496,1773959918.163791,2.006641387939453,success
6,1773959923.233827,1773959925.2202048,1.9863777160644531,success
"sender: client85, message: > hello from client85"
7,1773959930.3160872,1773959932.2752073,1.9591200351715088,success
"sender: client85, message: > hello from client85"
8,1773959937.3644001,1773959939.3430219,1.9786217212677002,success
"sender: client85, message: > hello from client85"
9,1773959944.4400682,1773959946.4040089,1.9639406204223633,success
"sender: client85, message: > hello from client85"
10,1773959951.4998286,1773959953.4592834,1.9594547748565674,success
"sender: client85, message: > hello from client85"
