round,send_time,recv_time,rtt,status
2,1773959895.0656667,1773959896.9732347,1.9075679779052734,success
3,1773959902.1491904,1773959904.029348,1.880157470703125,success
4,1773959909.201403,1773959911.0935133,1.8921103477478027,success
"sender: client68, message: > hello from client68"
5,1773959916.1783326,1773959918.154306,1.97597336769104,success
"sender: client68, message: > hello from client68"
6,1773959923.232947,1773959925.2112315,1.9782843589782715,success
"sender: client68, message: > hello from client68"
7,1773959930.3201642,1773959932.2751894,1.9550251960754395,success
"sender: client68, message: > hello from client68"
8,1773959937.355017,1773959939.3422701,1.987253189086914,success
"sender: client68, message: > hello from client68"
9,1773959944.431406,1773959946.4039857,1.9725797176361084,success
"sender: client68, message: > hello from client68"
10,1773959951.4849865,1773959953.458472,1.9734854698181152,success
"sender: client68, message: > hello from client68"
