round,send_time,recv_time,rtt,status
2,1773960193.677985,1773960195.6314883,1.9535033702850342,success
3,1773960200.8494298,1773960202.7032428,1.8538129329681396,success
4,1773960207.8638144,1773960209.7501981,1.8863837718963623,success
5,1773960214.850648,1773960216.8540368,2.0033888816833496,success
"sender: client62, message: > hello from client62"
6,1773960221.9433014,1773960223.9217362,1.9784348011016846,success
"sender: client62, message: > hello from client62"
7,1773960229.0155437,1773960230.9822733,1.9667296409606934,success
"sender: client62, message: > hello from client62"
8,1773960236.078269,1773960238.0487297,1.9704606533050537,success
"sender: client62, message: > hello from client62"
9,1773960243.1311476,1773960245.1188986,1.9877510070800781,success
"sender: client62, message: > hello from client62"
10,1773960250.2076056,1773960252.1838493,1.9762437343597412,success
"sender: client62, message: > hello from client62"
11,1773960257.3062723,1773960259.2522266,1.9459543228149414,success
"sender: client62, message: > hello from client62"
12,1773960264.3289385,1773960266.3198752,1.9909367561340332,success
"sender: client62, message: > hello from client62"
13,1773960271.4095595,1773960273.385625,1.9760653972625732,success
"sender: client62, message: > hello from client62"
14,1773960278.4930387,1773960280.459099,1.9660604000091553,success
15,1773960285.5497153,1773960287.5202909,1.9705755710601807,success
"sender: client62, message: > hello from client62"
16,1773960292.6167707,1773960294.587706,1.970935344696045,success
"sender: client62, message: > hello from client62"
17,1773960299.6856768,1773960301.6511393,1.9654624462127686,success
"sender: client62, message: > hello from client62"
18,1773960306.7485452,1773960308.7153125,1.9667673110961914,success
19,1773960313.812664,1773960315.8128266,2.0001626014709473,success
"sender: client62, message: > hello from client62"
20,1773960320.9043279,1773960322.8637779,1.9594500064849854,success
"sender: client62, message: > hello from client62"
