round,send_time,recv_time,rtt,status
3,1773960200.8567595,1773960202.7082634,1.851503849029541,success
4,1773960207.8689737,1773960209.7717488,1.9027750492095947,success
5,1773960214.8496423,1773960216.8544686,2.004826307296753,success
"sender: client71, message: > hello from client71"
6,1773960221.9394512,1773960223.919235,1.9797837734222412,success
"sender: client71, message: > hello from client71"
7,1773960229.0110254,1773960230.9858541,1.9748287200927734,success
"sender: client71, message: > hello from client71"
8,1773960236.0675642,1773960238.0501692,1.98260498046875,success
"sender: client71, message: > hello from client71"
9,1773960243.132803,1773960245.1163666,1.9835636615753174,success
"sender: client71, message: > hello from client71"
10,1773960250.2129526,1773960252.1859126,1.9729599952697754,success
"sender: client71, message: > hello from client71"
11,1773960257.3281925,1773960259.2522917,1.9240992069244385,success
"sender: client71, message: > hello from client71"
12,1773960264.3280177,1773960266.322067,1.994049310684204,success
"sender: client71, message: > hello from client71"
13,1773960271.4198647,1773960273.3962915,1.9764268398284912,success
"sender: client71, message: > hello from client71"
14,1773960278.4779775,1773960280.4557226,1.9777450561523438,success
"sender: client71, message: > hello from client71"
15,1773960285.566197,1773960287.5222142,1.956017255783081,success
"sender: client71, message: > hello from client71"
16,1773960292.6212234,1773960294.5892742,1.9680507183074951,success
"sender: client71, message: > hello from client71"
17,1773960299.6871815,1773960301.6519377,1.9647562503814697,success
"sender: client71, message: > hello from client71"
18,1773960306.7379088,1773960308.7154696,1.9775607585906982,success
"sender: client71, message: > hello from client71"
19,1773960313.8164334,1773960315.805513,1.989079475402832,success
"sender: client71, message: > hello from client71"
20,1773960320.9140954,1773960322.8660333,1.9519379138946533,success
"sender: client71, message: > hello from client71"
