round,send_time,recv_time,rtt,status
2,1773966924.6309762,1773966926.5731337,1.942157506942749,success
3,1773966931.7088647,1773966933.6898298,1.9809651374816895,success
4,1773966938.7627735,1773966940.7969213,2.0341477394104004,success
"sender: client61, message: > hello from client61"
5,1773966945.9075727,1773966947.9092784,2.0017056465148926,success
"sender: client61, message: > hello from client61"
6,1773966953.0051818,1773966955.0517676,2.04658579826355,success
"sender: client61, message: > hello from client61"
7,1773966960.1386316,1773966962.167544,2.028912305831909,success
"sender: client61, message: > hello from client61"
8,1773966967.271451,1773966969.2834635,2.012012481689453,success
"sender: client61, message: > hello from client61"
9,1773966974.3787825,1773966976.403684,2.0249013900756836,success
"sender: client61, message: > hello from client61"
10,1773966981.5033746,1773966983.535779,2.0324044227600098,success
"sender: client61, message: > hello from client61"
11,1773966988.661819,1773966990.651898,1.9900789260864258,success
"sender: client61, message: > hello from client61"
12,1773966995.7486625,1773966997.7610872,2.0124247074127197,success
"sender: client61, message: > hello from client61"
13,1773967002.9026022,1773967004.8945026,1.9919004440307617,success
"sender: client61, message: > hello from client61"
14,1773967010.035215,1773967012.0296807,1.9944658279418945,success
"sender: client61, message: > hello from client61"
15,1773967017.1492116,1773967019.1576278,2.008416175842285,success
"sender: client61, message: > hello from client61"
16,1773967024.2645369,1773967026.2696035,2.0050666332244873,success
"sender: client61, message: > hello from client61"
17,1773967031.385216,1773967033.4076571,2.0224411487579346,success
"sender: client61, message: > hello from client61"
18,1773967038.5567708,1773967040.5281656,1.9713947772979736,success
"sender: client61, message: > hello from client61"
19,1773967045.63792,1773967047.626058,1.988138198852539,success
"sender: client61, message: > hello from client61"
20,1773967052.7195778,1773967054.7586346,2.0390567779541016,success
"sender: client61, message: > hello from client61"
