round,send_time,recv_time,rtt,status
1,1773959738.1869645,1773959740.157975,1.971010446548462,success
2,1773959745.344828,1773959747.2273316,1.8825037479400635,success
3,1773959752.313635,1773959754.2852428,1.9716076850891113,success
4,1773959759.3917623,1773959761.3440108,1.9522485733032227,success
"sender: client35, message: > hello from client35"
5,1773959766.484554,1773959768.4223874,1.937833309173584,success
"sender: client35, message: > hello from client35"
6,1773959773.499628,1773959775.5304472,2.0308191776275635,success
"sender: client35, message: > hello from client35"
7,1773959780.6085863,1773959782.58926,1.9806737899780273,success
"sender: client35, message: > hello from client35"
8,1773959787.681619,1773959789.6472368,1.9656178951263428,success
"sender: client35, message: > hello from client35"
9,1773959794.7380247,1773959796.7307808,1.9927561283111572,success
"sender: client35, message: > hello from client35"
10,1773959801.822416,1773959803.7868595,1.9644434452056885,success
"sender: client35, message: > hello from client35"
11,1773959808.8967342,1773959810.854732,1.9579977989196777,success
"sender: client35, message: > hello from client35"
