round,send_time,recv_time,rtt,status
2,1773959895.0644739,1773959896.9697075,1.90523362159729,success
3,1773959902.1506004,1773959904.0303426,1.87974214553833,success
4,1773959909.2117639,1773959911.094804,1.883040189743042,success
5,1773959916.1912231,1773959918.1597228,1.9684996604919434,success
"sender: client33, message: > hello from client33"
6,1773959923.2509942,1773959925.2122614,1.9612672328948975,success
"sender: client33, message: > hello from client33"
7,1773959930.3037071,1773959932.2770898,1.9733827114105225,success
"sender: client33, message: > hello from client33"
8,1773959937.3600247,1773959939.342167,1.9821422100067139,success
"sender: client33, message: > hello from client33"
9,1773959944.440791,1773959946.4040651,1.9632742404937744,success
"sender: client33, message: > hello from client33"
10,1773959951.4848073,1773959953.457985,1.9731776714324951,success
"sender: client33, message: > hello from client33"
