round,send_time,recv_time,rtt,status
2,1773960193.6687193,1773960195.6296747,1.9609553813934326,success
3,1773960200.8079078,1773960202.6979463,1.8900384902954102,success
4,1773960207.8533688,1773960209.772084,1.918715238571167,success
5,1773960214.8501313,1773960216.8511152,2.000983953475952,success
"sender: client34, message: > hello from client34"
6,1773960221.952642,1773960223.9176588,1.9650168418884277,success
"sender: client34, message: > hello from client34"
7,1773960228.996568,1773960230.9856443,1.9890763759613037,success
"sender: client34, message: > hello from client34"
8,1773960236.079864,1773960238.0421417,1.9622776508331299,success
"sender: client34, message: > hello from client34"
9,1773960243.1383042,1773960245.1154919,1.9771876335144043,success
"sender: client34, message: > hello from client34"
10,1773960250.2178276,1773960252.1864967,1.9686691761016846,success
"sender: client34, message: > hello from client34"
11,1773960257.3038287,1773960259.2516377,1.9478089809417725,success
"sender: client34, message: > hello from client34"
12,1773960264.3276646,1773960266.3191028,1.9914381504058838,success
"sender: client34, message: > hello from client34"
13,1773960271.4171386,1773960273.3984854,1.981346845626831,success
"sender: client34, message: > hello from client34"
14,1773960278.4717183,1773960280.4602895,1.9885711669921875,success
"sender: client34, message: > hello from client34"
15,1773960285.5517428,1773960287.5201867,1.9684438705444336,success
"sender: client34, message: > hello from client34"
16,1773960292.6178365,1773960294.5898004,1.971963882446289,success
"sender: client34, message: > hello from client34"
17,1773960299.6767704,1773960301.6509516,1.9741811752319336,success
"sender: client34, message: > hello from client34"
18,1773960306.7532814,1773960308.7186563,1.9653749465942383,success
"sender: client34, message: > hello from client34"
19,1773960313.818018,1773960315.8034008,1.9853827953338623,success
"sender: client34, message: > hello from client34"
20,1773960320.906418,1773960322.8611531,1.9547350406646729,success
