round,send_time,recv_time,rtt,status
2,1773959745.32816,1773959747.2234447,1.895284652709961,success
3,1773959752.279087,1773959754.2866468,2.0075597763061523,success
4,1773959759.370879,1773959761.3443952,1.9735162258148193,success
"sender: client70, message: > hello from client70"
5,1773959766.5027168,1773959768.4222486,1.9195318222045898,success
"sender: client70, message: > hello from client70"
6,1773959773.5121963,1773959775.5426555,2.03045916557312,success
"sender: client70, message: > hello from client70"
7,1773959780.6176608,1773959782.5918183,1.9741575717926025,success
"sender: client70, message: > hello from client70"
8,1773959787.6904147,1773959789.6510248,1.9606101512908936,success
"sender: client70, message: > hello from client70"
9,1773959794.7235923,1773959796.7480764,2.024484157562256,success
"sender: client70, message: > hello from client70"
10,1773959801.8195908,1773959803.7930079,1.973417043685913,success
"sender: client70, message: > hello from client70"
11,1773959808.8729968,1773959810.8567622,1.9837653636932373,success
"sender: client70, message: > hello from client70"
