round,send_time,recv_time,rtt,status
2,1773959745.3510442,1773959747.223892,1.8728477954864502,success
3,1773959752.385317,1773959754.2841074,1.8987903594970703,success
"sender: client90, message: > hello from client90"
4,1773959759.384557,1773959761.3461916,1.961634635925293,success
"sender: client90, message: > hello from client90"
5,1773959766.4851062,1773959768.4210727,1.9359664916992188,success
6,1773959773.5136616,1773959775.539592,2.025930404663086,success
"sender: client90, message: > hello from client90"
7,1773959780.6244693,1773959782.5894473,1.9649779796600342,success
"sender: client90, message: > hello from client90"
8,1773959787.6832263,1773959789.648928,1.9657015800476074,success
"sender: client90, message: > hello from client90"
9,1773959794.736564,1773959796.74821,2.011646032333374,success
"sender: client90, message: > hello from client90"
10,1773959801.8336415,1773959803.7914188,1.9577772617340088,success
"sender: client90, message: > hello from client90"
11,1773959808.895663,1773959810.8532665,1.9576034545898438,success
"sender: client90, message: > hello from client90"
