round,send_time,recv_time,rtt,status
3,1773959902.125238,1773959904.0301952,1.9049572944641113,success
4,1773959909.2162712,1773959911.0916915,1.875420331954956,success
5,1773959916.1874464,1773959918.1583655,1.970919132232666,success
"sender: client90, message: > hello from client90"
6,1773959923.2579513,1773959925.2112906,1.9533393383026123,success
"sender: client90, message: > hello from client90"
7,1773959930.3147337,1773959932.27224,1.9575061798095703,success
"sender: client90, message: > hello from client90"
8,1773959937.3390634,1773959939.3424351,2.0033717155456543,success
"sender: client90, message: > hello from client90"
9,1773959944.4414315,1773959946.4030569,1.961625337600708,success
"sender: client90, message: > hello from client90"
10,1773959951.4970899,1773959953.4612203,1.9641304016113281,success
"sender: client90, message: > hello from client90"
