round,send_time,recv_time,rtt,status
2,1773966924.6245182,1773966926.5721889,1.9476706981658936,success
3,1773966931.7300777,1773966933.6891391,1.9590613842010498,success
"sender: client52, message: > hello from client52"
4,1773966938.7419684,1773966940.795773,2.053804636001587,success
"sender: client52, message: > hello from client52"
5,1773966945.9187927,1773966947.9131696,1.9943768978118896,success
"sender: client52, message: > hello from client52"
6,1773966953.024093,1773966955.048946,2.024852991104126,success
"sender: client52, message: > hello from client52"
7,1773966960.1510248,1773966962.1673021,2.016277313232422,success
"sender: client52, message: > hello from client52"
8,1773966967.2739918,1773966969.280282,2.0062901973724365,success
"sender: client52, message: > hello from client52"
9,1773966974.3832967,1773966976.3987615,2.0154647827148438,success
"sender: client52, message: > hello from client52"
10,1773966981.506937,1773966983.5408585,2.033921480178833,success
"sender: client52, message: > hello from client52"
11,1773966988.6484127,1773966990.6539083,2.005495548248291,success
"sender: client52, message: > hello from client52"
12,1773966995.7436178,1773966997.758605,2.0149872303009033,success
"sender: client52, message: > hello from client52"
13,1773967002.8980496,1773967004.904336,2.006286382675171,success
"sender: client52, message: > hello from client52"
14,1773967010.0368843,1773967012.025849,1.9889647960662842,success
"sender: client52, message: > hello from client52"
15,1773967017.1490335,1773967019.1571693,2.0081357955932617,success
"sender: client52, message: > hello from client52"
16,1773967024.2670395,1773967026.268328,2.001288414001465,success
"sender: client52, message: > hello from client52"
17,1773967031.3904436,1773967033.406396,2.0159523487091064,success
"sender: client52, message: > hello from client52"
18,1773967038.5254133,1773967040.525091,1.9996776580810547,success
"sender: client52, message: > hello from client52"
19,1773967045.6318598,1773967047.6265173,1.9946575164794922,success
"sender: client52, message: > hello from client52"
20,1773967052.7341676,1773967054.756821,2.022653341293335,success
"sender: client52, message: > hello from client52"
