round,send_time,recv_time,rtt,status
3,1773960200.812807,1773960202.7023084,1.8895013332366943,success
4,1773960207.8527274,1773960209.7708933,1.918165922164917,success
5,1773960214.852413,1773960216.8492289,1.9968159198760986,success
6,1773960221.9566689,1773960223.9210258,1.9643568992614746,success
"sender: client90, message: > hello from client90"
7,1773960229.0062628,1773960230.984238,1.9779751300811768,success
"sender: client90, message: > hello from client90"
8,1773960236.0741613,1773960238.0481124,1.9739511013031006,success
"sender: client90, message: > hello from client90"
9,1773960243.139062,1773960245.1177719,1.9787099361419678,success
10,1773960250.214164,1773960252.1858194,1.9716553688049316,success
"sender: client90, message: > hello from client90"
11,1773960257.3118546,1773960259.2534192,1.9415645599365234,success
12,1773960264.3423536,1773960266.3177586,1.975404977798462,success
13,1773960271.400353,1773960273.3940556,1.9937026500701904,success
"sender: client90, message: > hello from client90"
14,1773960278.4928331,1773960280.4656203,1.9727871417999268,success
"sender: client90, message: > hello from client90"
15,1773960285.5566518,1773960287.5254343,1.9687824249267578,success
"sender: client90, message: > hello from client90"
16,1773960292.6270719,1773960294.5906198,1.963547945022583,success
"sender: client90, message: > hello from client90"
17,1773960299.6856985,1773960301.652305,1.9666063785552979,success
"sender: client90, message: > hello from client90"
18,1773960306.746494,1773960308.7131119,1.9666178226470947,success
"sender: client90, message: > hello from client90"
19,1773960313.8170686,1773960315.8056414,1.9885728359222412,success
"sender: client90, message: > hello from client90"
20,1773960320.8781307,1773960322.8687468,1.9906160831451416,success
"sender: client90, message: > hello from client90"
