round,send_time,recv_time,rtt,status
2,1773966924.6326604,1773966926.5664032,1.9337427616119385,success
3,1773966931.6391425,1773966933.6890743,2.049931764602661,success
4,1773966938.7534482,1773966940.7971354,2.043687105178833,success
"sender: client53, message: > hello from client53"
5,1773966945.9104483,1773966947.9117684,2.0013201236724854,success
"sender: client53, message: > hello from client53"
6,1773966953.0180912,1773966955.0475903,2.029499053955078,success
"sender: client53, message: > hello from client53"
7,1773966960.145555,1773966962.1672835,2.021728515625,success
"sender: client53, message: > hello from client53"
8,1773966967.2482073,1773966969.279714,2.0315067768096924,success
"sender: client53, message: > hello from client53"
9,1773966974.391232,1773966976.4046717,2.013439655303955,success
"sender: client53, message: > hello from client53"
10,1773966981.5074668,1773966983.5363169,2.0288500785827637,success
"sender: client53, message: > hello from client53"
11,1773966988.6410332,1773966990.6501613,2.0091280937194824,success
"sender: client53, message: > hello from client53"
12,1773966995.7399354,1773966997.7588093,2.018873929977417,success
"sender: client53, message: > hello from client53"
13,1773967002.9070423,1773967004.905869,1.9988267421722412,success
"sender: client53, message: > hello from client53"
14,1773967010.033747,1773967012.0265825,1.992835521697998,success
"sender: client53, message: > hello from client53"
15,1773967017.1358914,1773967019.1571095,2.0212180614471436,success
"sender: client53, message: > hello from client53"
16,1773967024.2378054,1773967026.275013,2.03720760345459,success
"sender: client53, message: > hello from client53"
17,1773967031.36993,1773967033.4117968,2.0418667793273926,success
"sender: client53, message: > hello from client53"
18,1773967038.5610385,1773967040.5251887,1.9641501903533936,success
"sender: client53, message: > hello from client53"
19,1773967045.6415274,1773967047.623527,1.9819996356964111,success
"sender: client53, message: > hello from client53"
20,1773967052.6986907,1773967054.7586532,2.059962511062622,success
"sender: client53, message: > hello from client53"
