round,send_time,recv_time,rtt,status
1,1773966917.4628096,1773966919.4517858,1.988976240158081,success
2,1773966924.6470132,1773966926.5659673,1.9189541339874268,success
3,1773966931.7307465,1773966933.6859326,1.955186128616333,success
"sender: client19, message: > hello from client19"
4,1773966938.7772505,1773966940.8082585,2.031008005142212,success
5,1773966945.9173467,1773966947.9091737,1.9918270111083984,success
"sender: client19, message: > hello from client19"
6,1773966953.0172563,1773966955.043778,2.026521682739258,success
"sender: client19, message: > hello from client19"
7,1773966960.159262,1773966962.1669848,2.007722854614258,success
"sender: client19, message: > hello from client19"
8,1773966967.2709541,1773966969.2795093,2.0085551738739014,success
"sender: client19, message: > hello from client19"
9,1773966974.3855767,1773966976.3983648,2.0127880573272705,success
"sender: client19, message: > hello from client19"
10,1773966981.5118217,1773966983.5346642,2.0228424072265625,success
"sender: client19, message: > hello from client19"
11,1773966988.6544368,1773966990.650938,1.9965012073516846,success
"sender: client19, message: > hello from client19"
12,1773966995.741502,1773966997.7591712,2.017669200897217,success
"sender: client19, message: > hello from client19"
13,1773967002.896965,1773967004.8965032,1.9995381832122803,success
"sender: client19, message: > hello from client19"
14,1773967010.0363843,1773967012.030332,1.9939477443695068,success
"sender: client19, message: > hello from client19"
15,1773967017.1172795,1773967019.1527889,2.0355093479156494,success
"sender: client19, message: > hello from client19"
16,1773967024.267066,1773967026.2697144,2.00264835357666,success
"sender: client19, message: > hello from client19"
17,1773967031.3496528,1773967033.4038777,2.054224967956543,success
"sender: client19, message: > hello from client19"
18,1773967038.5069997,1773967040.5282717,2.0212719440460205,success
19,1773967045.6276307,1773967047.6240454,1.9964146614074707,success
20,1773967052.7365808,1773967054.7580945,2.0215137004852295,success
"sender: client19, message: > hello from client19"
