round,send_time,recv_time,rtt,status
2,1773959895.0590103,1773959896.9788125,1.919802188873291,success
3,1773959902.1370015,1773959904.027317,1.8903155326843262,success
4,1773959909.2595246,1773959911.0911913,1.8316667079925537,success
5,1773959916.1660168,1773959918.151829,1.9858121871948242,success
"sender: client39, message: > hello from client39"
6,1773959923.2564666,1773959925.217177,1.9607102870941162,success
"sender: client39, message: > hello from client39"
7,1773959930.308505,1773959932.2659593,1.9574542045593262,success
"sender: client39, message: > hello from client39"
8,1773959937.391495,1773959939.3423526,1.9508576393127441,success
"sender: client39, message: > hello from client39"
9,1773959944.4379387,1773959946.4001844,1.9622457027435303,success
"sender: client39, message: > hello from client39"
10,1773959951.472688,1773959953.4605048,1.9878168106079102,success
"sender: client39, message: > hello from client39"
