round,send_time,recv_time,rtt,status
3,1773960200.8557303,1773960202.7037559,1.8480255603790283,success
4,1773960207.8569393,1773960209.772773,1.9158337116241455,success
5,1773960214.8572035,1773960216.8526573,1.9954538345336914,success
"sender: client91, message: > hello from client91"
6,1773960221.9536648,1773960223.9216037,1.9679388999938965,success
"sender: client91, message: > hello from client91"
7,1773960229.0184772,1773960230.9851727,1.9666955471038818,success
"sender: client91, message: > hello from client91"
8,1773960236.06921,1773960238.0446165,1.9754064083099365,success
"sender: client91, message: > hello from client91"
9,1773960243.121977,1773960245.1173918,1.9954147338867188,success
10,1773960250.2124648,1773960252.185654,1.973189115524292,success
"sender: client91, message: > hello from client91"
11,1773960257.3278236,1773960259.254192,1.9263684749603271,success
12,1773960264.3412907,1773960266.317347,1.9760563373565674,success
13,1773960271.412083,1773960273.395199,1.9831161499023438,success
"sender: client91, message: > hello from client91"
14,1773960278.4944425,1773960280.4560144,1.9615719318389893,success
"sender: client91, message: > hello from client91"
15,1773960285.5339608,1773960287.5184155,1.98445463180542,success
"sender: client91, message: > hello from client91"
16,1773960292.6226861,1773960294.5900238,1.9673376083374023,success
"sender: client91, message: > hello from client91"
17,1773960299.677838,1773960301.652358,1.974519968032837,success
"sender: client91, message: > hello from client91"
18,1773960306.7411802,1773960308.7162535,1.9750733375549316,success
"sender: client91, message: > hello from client91"
19,1773960313.816983,1773960315.812875,1.99589204788208,success
"sender: client91, message: > hello from client91"
20,1773960320.8879895,1773960322.8658974,1.9779078960418701,success
"sender: client91, message: > hello from client91"
