round,send_time,recv_time,rtt,status
2,1773959745.3266232,1773959747.2225113,1.895888090133667,success
3,1773959752.3521717,1773959754.2886715,1.936499834060669,success
4,1773959759.3733582,1773959761.3466437,1.973285436630249,success
"sender: client69, message: > hello from client69"
5,1773959766.4999259,1773959768.4210508,1.9211249351501465,success
"sender: client69, message: > hello from client69"
6,1773959773.5172286,1773959775.536211,2.018982410430908,success
"sender: client69, message: > hello from client69"
7,1773959780.6118422,1773959782.5929503,1.9811081886291504,success
"sender: client69, message: > hello from client69"
8,1773959787.6851993,1773959789.6534615,1.9682621955871582,success
"sender: client69, message: > hello from client69"
9,1773959794.7315655,1773959796.7503119,2.0187463760375977,success
"sender: client69, message: > hello from client69"
10,1773959801.8466413,1773959803.7944288,1.9477875232696533,success
"sender: client69, message: > hello from client69"
11,1773959808.8930933,1773959810.853049,1.9599556922912598,success
"sender: client69, message: > hello from client69"
