round,send_time,recv_time,rtt,status
2,1773959895.0706189,1773959896.9733396,1.9027206897735596,success
3,1773959902.1208665,1773959904.034394,1.913527488708496,success
4,1773959909.2616496,1773959911.0919585,1.8303089141845703,success
"sender: client57, message: > hello from client57"
5,1773959916.1816614,1773959918.1558518,1.9741904735565186,success
6,1773959923.256177,1773959925.2160468,1.9598698616027832,success
"sender: client57, message: > hello from client57"
7,1773959930.2873569,1773959932.2827876,1.9954307079315186,success
"sender: client57, message: > hello from client57"
8,1773959937.3638585,1773959939.3342614,1.9704029560089111,success
"sender: client57, message: > hello from client57"
9,1773959944.432744,1773959946.398235,1.9654910564422607,success
"sender: client57, message: > hello from client57"
10,1773959951.494811,1773959953.458335,1.9635238647460938,success
"sender: client57, message: > hello from client57"
