round,send_time,recv_time,rtt,status
2,1773960193.6682115,1773960195.628333,1.9601216316223145,success
3,1773960200.8212075,1773960202.697776,1.8765685558319092,success
4,1773960207.8214455,1773960209.7709785,1.9495329856872559,success
"sender: client0, message: > hello from client0"
5,1773960214.8483024,1773960216.8478036,1.9995012283325195,success
6,1773960221.9436731,1773960223.9169207,1.9732475280761719,success
"sender: client0, message: > hello from client0"
7,1773960228.987763,1773960230.9839082,1.996145248413086,success
"sender: client0, message: > hello from client0"
8,1773960236.0619507,1773960238.0362153,1.9742646217346191,success
"sender: client0, message: > hello from client0"
9,1773960243.1305945,1773960245.1150367,1.9844422340393066,success
"sender: client0, message: > hello from client0"
10,1773960250.1890142,1773960252.1823611,1.993346929550171,success
"sender: client0, message: > hello from client0"
11,1773960257.325399,1773960259.2454808,1.9200818538665771,success
"sender: client0, message: > hello from client0"
12,1773960264.3385897,1773960266.3144855,1.975895881652832,success
"sender: client0, message: > hello from client0"
13,1773960271.4146547,1773960273.3847167,1.970062017440796,success
"sender: client0, message: > hello from client0"
14,1773960278.4442625,1773960280.4561567,2.0118942260742188,success
"sender: client0, message: > hello from client0"
15,1773960285.568097,1773960287.5263362,1.9582390785217285,success
"sender: client0, message: > hello from client0"
16,1773960292.6159434,1773960294.5832782,1.9673347473144531,success
"sender: client0, message: > hello from client0"
17,1773960299.6839795,1773960301.6506648,1.9666852951049805,success
"sender: client0, message: > hello from client0"
18,1773960306.7325873,1773960308.7080305,1.9754431247711182,success
"sender: client0, message: > hello from client0"
19,1773960313.8098514,1773960315.8159611,2.0061097145080566,success
"sender: client0, message: > hello from client0"
20,1773960320.9048955,1773960322.864498,1.9596023559570312,success
"sender: client0, message: > hello from client0"
