round,send_time,recv_time,rtt,status
3,1773959902.1361125,1773959904.0357919,1.89967942237854,success
4,1773959909.2254205,1773959911.094326,1.8689055442810059,success
5,1773959916.19596,1773959918.1589122,1.9629521369934082,success
"sender: client92, message: > hello from client92"
6,1773959923.2471042,1773959925.2172117,1.9701075553894043,success
"sender: client92, message: > hello from client92"
7,1773959930.2965543,1773959932.2718375,1.975283145904541,success
"sender: client92, message: > hello from client92"
8,1773959937.3904223,1773959939.3417597,1.9513373374938965,success
"sender: client92, message: > hello from client92"
9,1773959944.432252,1773959946.4028838,1.9706318378448486,success
"sender: client92, message: > hello from client92"
10,1773959951.50237,1773959953.4653654,1.9629952907562256,success
