round,send_time,recv_time,rtt,status
1,1773959887.9384782,1773959889.9911892,2.052711009979248,success
2,1773959895.0863843,1773959896.9719672,1.8855829238891602,success
3,1773959902.114214,1773959904.028097,1.9138829708099365,success
4,1773959909.2596934,1773959911.093133,1.833439588546753,success
"sender: client3, message: > hello from client3"
5,1773959916.1847756,1773959918.1590142,1.974238634109497,success
"sender: client3, message: > hello from client3"
6,1773959923.2472513,1773959925.2147121,1.9674608707427979,success
"sender: client3, message: > hello from client3"
7,1773959930.2977061,1773959932.2752252,1.9775190353393555,success
"sender: client3, message: > hello from client3"
8,1773959937.3670454,1773959939.3387463,1.97170090675354,success
"sender: client3, message: > hello from client3"
9,1773959944.4249656,1773959946.400126,1.9751603603363037,success
"sender: client3, message: > hello from client3"
10,1773959951.495891,1773959953.4644537,1.9685626029968262,success
"sender: client3, message: > hello from client3"
