round,send_time,recv_time,rtt,status
2,1773959895.067597,1773959896.9680226,1.900425672531128,success
3,1773959902.1374876,1773959904.0272748,1.889787197113037,success
4,1773959909.2546022,1773959911.0913267,1.8367245197296143,success
5,1773959916.175813,1773959918.1550846,1.979271650314331,success
"sender: client59, message: > hello from client59"
6,1773959923.230795,1773959925.2109334,1.9801385402679443,success
7,1773959930.298837,1773959932.266248,1.9674110412597656,success
"sender: client59, message: > hello from client59"
8,1773959937.359676,1773959939.3420985,1.9824225902557373,success
"sender: client59, message: > hello from client59"
9,1773959944.4322448,1773959946.402609,1.9703643321990967,success
"sender: client59, message: > hello from client59"
10,1773959951.4806366,1773959953.4584,1.9777634143829346,success
"sender: client59, message: > hello from client59"
