round,send_time,recv_time,rtt,status
3,1773960200.8292449,1773960202.704785,1.8755402565002441,success
4,1773960207.819366,1773960209.7502458,1.930879831314087,success
5,1773960214.8375788,1773960216.8540967,2.0165178775787354,success
"sender: client70, message: > hello from client70"
6,1773960221.9465241,1773960223.9194243,1.972900152206421,success
"sender: client70, message: > hello from client70"
7,1773960229.0132842,1773960230.9856684,1.9723842144012451,success
"sender: client70, message: > hello from client70"
8,1773960236.0773394,1773960238.0478213,1.9704818725585938,success
"sender: client70, message: > hello from client70"
9,1773960243.111253,1773960245.1163838,2.0051307678222656,success
"sender: client70, message: > hello from client70"
10,1773960250.2121186,1773960252.1932688,1.9811501502990723,success
"sender: client70, message: > hello from client70"
11,1773960257.328025,1773960259.251739,1.9237139225006104,success
"sender: client70, message: > hello from client70"
12,1773960264.3459153,1773960266.3152592,1.969343900680542,success
"sender: client70, message: > hello from client70"
13,1773960271.4216216,1773960273.3998528,1.9782311916351318,success
"sender: client70, message: > hello from client70"
14,1773960278.4878855,1773960280.465955,1.978069543838501,success
"sender: client70, message: > hello from client70"
15,1773960285.5622222,1773960287.5173814,1.9551591873168945,success
"sender: client70, message: > hello from client70"
16,1773960292.6183834,1773960294.5900478,1.9716644287109375,success
"sender: client70, message: > hello from client70"
17,1773960299.6787527,1773960301.6518977,1.9731450080871582,success
"sender: client70, message: > hello from client70"
18,1773960306.7531,1773960308.721183,1.968083143234253,success
"sender: client70, message: > hello from client70"
19,1773960313.81562,1773960315.8049788,1.989358901977539,success
"sender: client70, message: > hello from client70"
20,1773960320.912635,1773960322.8617587,1.9491236209869385,success
"sender: client70, message: > hello from client70"
