round,send_time,recv_time,rtt,status
2,1773959895.0650969,1773959896.967563,1.902466058731079,success
3,1773959902.0835755,1773959904.0272548,1.9436793327331543,success
4,1773959909.11346,1773959911.0909538,1.9774937629699707,success
5,1773959916.178461,1773959918.1584723,1.980011224746704,success
"sender: client51, message: > hello from client51"
6,1773959923.2545912,1773959925.2195084,1.9649171829223633,success
7,1773959930.3212125,1773959932.2669184,1.9457058906555176,success
"sender: client51, message: > hello from client51"
8,1773959937.5164266,1773959939.335469,1.819042444229126,success
"sender: client51, message: > hello from client51"
9,1773959944.4386814,1773959946.3980496,1.9593682289123535,success
"sender: client51, message: > hello from client51"
10,1773959951.493939,1773959953.4578686,1.9639296531677246,success
"sender: client51, message: > hello from client51"
