round,send_time,recv_time,rtt,status
2,1773959745.348012,1773959747.228959,1.8809471130371094,success
3,1773959752.298322,1773959754.2888393,1.9905173778533936,success
4,1773959759.3723202,1773959761.3447828,1.9724626541137695,success
"sender: client92, message: > hello from client92"
5,1773959766.5084848,1773959768.4211197,1.9126348495483398,success
"sender: client92, message: > hello from client92"
6,1773959773.514542,1773959775.5358152,2.021273136138916,success
"sender: client92, message: > hello from client92"
7,1773959780.6289642,1773959782.5892944,1.9603302478790283,success
8,1773959787.6740224,1773959789.648513,1.9744906425476074,success
"sender: client92, message: > hello from client92"
9,1773959794.7504056,1773959796.7500114,1.9996058940887451,success
"sender: client92, message: > hello from client92"
10,1773959801.8437157,1773959803.7929296,1.949213981628418,success
11,1773959808.895362,1773959810.8533316,1.9579696655273438,success
"sender: client92, message: > hello from client92"
