round,send_time,recv_time,rtt,status
3,1773960200.839233,1773960202.70556,1.8663270473480225,success
4,1773960207.8624642,1773960209.7820723,1.9196081161499023,success
5,1773960214.8384786,1773960216.8530748,2.0145962238311768,success
"sender: client66, message: > hello from client66"
6,1773960221.9274144,1773960223.921882,1.9944674968719482,success
"sender: client66, message: > hello from client66"
7,1773960229.0153866,1773960230.9863622,1.970975637435913,success
"sender: client66, message: > hello from client66"
8,1773960236.0665708,1773960238.0507953,1.984224557876587,success
"sender: client66, message: > hello from client66"
9,1773960243.1292715,1773960245.1161735,1.9869019985198975,success
"sender: client66, message: > hello from client66"
10,1773960250.2180455,1773960252.1938746,1.9758291244506836,success
"sender: client66, message: > hello from client66"
11,1773960257.3103168,1773960259.2494755,1.9391586780548096,success
"sender: client66, message: > hello from client66"
12,1773960264.3370028,1773960266.3197129,1.9827101230621338,success
"sender: client66, message: > hello from client66"
13,1773960271.4162316,1773960273.3942835,1.9780519008636475,success
"sender: client66, message: > hello from client66"
14,1773960278.4942844,1773960280.4596753,1.965390920639038,success
"sender: client66, message: > hello from client66"
15,1773960285.5380948,1773960287.5266488,1.9885540008544922,success
"sender: client66, message: > hello from client66"
16,1773960292.6235461,1773960294.585002,1.9614558219909668,success
"sender: client66, message: > hello from client66"
17,1773960299.6811173,1773960301.655076,1.9739587306976318,success
"sender: client66, message: > hello from client66"
18,1773960306.7411206,1773960308.713286,1.9721653461456299,success
"sender: client66, message: > hello from client66"
19,1773960313.8165545,1773960315.8010998,1.9845452308654785,success
"sender: client66, message: > hello from client66"
20,1773960320.8996463,1773960322.8617089,1.9620625972747803,success
"sender: client66, message: > hello from client66"
