round,send_time,recv_time,rtt,status
1,1773959738.1830583,1773959740.1578581,1.9747998714447021,success
2,1773959745.3325877,1773959747.2312791,1.8986914157867432,success
3,1773959752.3821926,1773959754.2862709,1.9040782451629639,success
4,1773959759.3861058,1773959761.3442786,1.9581727981567383,success
5,1773959766.5066078,1773959768.4056454,1.8990375995635986,success
"sender: client4, message: > hello from client4"
6,1773959773.5194468,1773959775.5612578,2.041810989379883,success
"sender: client4, message: > hello from client4"
7,1773959780.6248388,1773959782.5830467,1.9582078456878662,success
"sender: client4, message: > hello from client4"
8,1773959787.6881251,1773959789.6531818,1.9650566577911377,success
"sender: client4, message: > hello from client4"
9,1773959794.747754,1773959796.7279956,1.9802415370941162,success
"sender: client4, message: > hello from client4"
10,1773959801.8383408,1773959803.787591,1.9492502212524414,success
"sender: client4, message: > hello from client4"
11,1773959808.8925476,1773959810.8511572,1.9586095809936523,success
