round,send_time,recv_time,rtt,status
2,1773966924.6479816,1773966926.5665243,1.9185426235198975,success
3,1773966931.7063782,1773966933.6899137,1.9835355281829834,success
4,1773966938.7625194,1773966940.7955558,2.033036470413208,success
"sender: client83, message: > hello from client83"
5,1773966945.9168432,1773966947.9112148,1.9943716526031494,success
"sender: client83, message: > hello from client83"
6,1773966953.0106597,1773966955.047492,2.036832332611084,success
"sender: client83, message: > hello from client83"
7,1773966960.142931,1773966962.1680546,2.0251235961914062,success
"sender: client83, message: > hello from client83"
8,1773966967.273995,1773966969.2800448,2.006049871444702,success
"sender: client83, message: > hello from client83"
9,1773966974.3814218,1773966976.3999712,2.0185494422912598,success
"sender: client83, message: > hello from client83"
10,1773966981.4911184,1773966983.5376627,2.046544313430786,success
"sender: client83, message: > hello from client83"
11,1773966988.662287,1773966990.6541023,1.9918153285980225,success
"sender: client83, message: > hello from client83"
12,1773966995.7158577,1773966997.7634737,2.0476160049438477,success
"sender: client83, message: > hello from client83"
13,1773967002.9059927,1773967004.9059477,1.9999549388885498,success
"sender: client83, message: > hello from client83"
14,1773967010.0361228,1773967012.029828,1.9937052726745605,success
"sender: client83, message: > hello from client83"
15,1773967017.1232793,1773967019.1587274,2.0354480743408203,success
"sender: client83, message: > hello from client83"
16,1773967024.2617044,1773967026.2684114,2.006706953048706,success
"sender: client83, message: > hello from client83"
17,1773967031.3868177,1773967033.4057975,2.018979787826538,success
"sender: client83, message: > hello from client83"
18,1773967038.5229573,1773967040.5299919,2.0070345401763916,success
"sender: client83, message: > hello from client83"
19,1773967045.6106117,1773967047.6265883,2.015976667404175,success
"sender: client83, message: > hello from client83"
20,1773967052.7197397,1773967054.7577598,2.038020133972168,success
"sender: client83, message: > hello from client83"
