round,send_time,recv_time,rtt,status
2,1773959745.3269098,1773959747.2209492,1.8940393924713135,success
3,1773959752.35157,1773959754.2836955,1.9321255683898926,success
4,1773959759.3839967,1773959761.347499,1.9635021686553955,success
"sender: client84, message: > hello from client84"
5,1773959766.4348443,1773959768.4237065,1.9888622760772705,success
"sender: client84, message: > hello from client84"
6,1773959773.5163348,1773959775.5308034,2.0144686698913574,success
"sender: client84, message: > hello from client84"
7,1773959780.6176388,1773959782.586674,1.9690351486206055,success
"sender: client84, message: > hello from client84"
8,1773959787.6866913,1773959789.6482008,1.9615094661712646,success
"sender: client84, message: > hello from client84"
9,1773959794.7288387,1773959796.7493331,2.0204944610595703,success
"sender: client84, message: > hello from client84"
10,1773959801.851674,1773959803.7905111,1.9388370513916016,success
"sender: client84, message: > hello from client84"
11,1773959808.873285,1773959810.853168,1.9798829555511475,success
