round,send_time,recv_time,rtt,status
2,1773959745.3089733,1773959747.2316356,1.9226622581481934,success
3,1773959752.3040366,1773959754.2801518,1.9761152267456055,success
4,1773959759.387951,1773959761.3434107,1.9554598331451416,success
"sender: client78, message: > hello from client78"
5,1773959766.486246,1773959768.4076536,1.9214074611663818,success
"sender: client78, message: > hello from client78"
6,1773959773.5133405,1773959775.5360384,2.022697925567627,success
"sender: client78, message: > hello from client78"
7,1773959780.6151254,1773959782.5905733,1.9754478931427002,success
"sender: client78, message: > hello from client78"
8,1773959787.688414,1773959789.6517453,1.9633312225341797,success
"sender: client78, message: > hello from client78"
9,1773959794.7452762,1773959796.7383265,1.9930503368377686,success
10,1773959801.8300297,1773959803.7921,1.9620702266693115,success
"sender: client78, message: > hello from client78"
11,1773959808.893323,1773959810.8577535,1.964430570602417,success
