round,send_time,recv_time,rtt,status
1,1773966917.4637442,1773966919.4510114,1.987267255783081,success
2,1773966924.6219697,1773966926.5645256,1.9425559043884277,success
3,1773966931.7313643,1773966933.6853862,1.95402193069458,success
4,1773966938.7726684,1773966940.797916,2.025247573852539,success
"sender: client6, message: > hello from client6"
5,1773966945.9020684,1773966947.9089854,2.0069169998168945,success
"sender: client6, message: > hello from client6"
6,1773966953.0165706,1773966955.0516524,2.0350818634033203,success
"sender: client6, message: > hello from client6"
7,1773966960.1577704,1773966962.166358,2.008587598800659,success
"sender: client6, message: > hello from client6"
8,1773966967.2628706,1773966969.2810402,2.018169641494751,success
"sender: client6, message: > hello from client6"
9,1773966974.3714411,1773966976.3980708,2.026629686355591,success
"sender: client6, message: > hello from client6"
10,1773966981.4909759,1773966983.5380871,2.0471112728118896,success
"sender: client6, message: > hello from client6"
11,1773966988.6556058,1773966990.6490757,1.9934699535369873,success
"sender: client6, message: > hello from client6"
12,1773966995.7453737,1773966997.7589614,2.013587713241577,success
"sender: client6, message: > hello from client6"
13,1773967002.8994043,1773967004.9020517,2.0026473999023438,success
"sender: client6, message: > hello from client6"
14,1773967010.000006,1773967012.025816,2.0258100032806396,success
"sender: client6, message: > hello from client6"
15,1773967017.145414,1773967019.1543138,2.008899688720703,success
"sender: client6, message: > hello from client6"
16,1773967024.250845,1773967026.2696857,2.018840789794922,success
"sender: client6, message: > hello from client6"
17,1773967031.3906093,1773967033.411159,2.020549774169922,success
"sender: client6, message: > hello from client6"
18,1773967038.5053928,1773967040.5309615,2.025568723678589,success
"sender: client6, message: > hello from client6"
19,1773967045.6250806,1773967047.6223752,1.9972946643829346,success
"sender: client6, message: > hello from client6"
20,1773967052.7336295,1773967054.7586029,2.0249733924865723,success
"sender: client6, message: > hello from client6"
