round,send_time,recv_time,rtt,status
2,1773959895.0767634,1773959896.9779549,1.9011914730072021,success
3,1773959902.1365542,1773959904.0276518,1.8910975456237793,success
4,1773959909.0915654,1773959911.0953734,2.00380802154541,success
5,1773959916.197177,1773959918.15626,1.959083080291748,success
"sender: client69, message: > hello from client69"
6,1773959923.2432787,1773959925.2183938,1.9751150608062744,success
"sender: client69, message: > hello from client69"
7,1773959930.310209,1773959932.266461,1.956251859664917,success
"sender: client69, message: > hello from client69"
8,1773959937.362792,1773959939.3415632,1.9787712097167969,success
"sender: client69, message: > hello from client69"
9,1773959944.4415638,1773959946.4028306,1.9612667560577393,success
"sender: client69, message: > hello from client69"
10,1773959951.496775,1773959953.4612632,1.9644882678985596,success
"sender: client69, message: > hello from client69"
