round,send_time,recv_time,rtt,status
2,1773966924.652929,1773966926.5678408,1.9149117469787598,success
3,1773966931.7328796,1773966933.689318,1.9564383029937744,success
4,1773966938.7885082,1773966940.7970948,2.0085866451263428,success
"sender: client58, message: > hello from client58"
5,1773966945.916011,1773966947.909471,1.993459939956665,success
"sender: client58, message: > hello from client58"
6,1773966953.024672,1773966955.0485125,2.0238404273986816,success
"sender: client58, message: > hello from client58"
7,1773966960.1395557,1773966962.1675165,2.027960777282715,success
"sender: client58, message: > hello from client58"
8,1773966967.2694018,1773966969.280192,2.0107901096343994,success
"sender: client58, message: > hello from client58"
9,1773966974.3900146,1773966976.3988519,2.0088372230529785,success
"sender: client58, message: > hello from client58"
10,1773966981.5053213,1773966983.5358927,2.030571460723877,success
"sender: client58, message: > hello from client58"
11,1773966988.6552262,1773966990.6499708,1.9947445392608643,success
"sender: client58, message: > hello from client58"
12,1773966995.7385492,1773966997.758652,2.0201027393341064,success
"sender: client58, message: > hello from client58"
13,1773967002.902617,1773967004.9049985,2.0023815631866455,success
"sender: client58, message: > hello from client58"
14,1773967010.0083294,1773967012.031772,2.023442506790161,success
"sender: client58, message: > hello from client58"
15,1773967017.1463878,1773967019.1563468,2.0099589824676514,success
"sender: client58, message: > hello from client58"
16,1773967024.267045,1773967026.271031,2.00398588180542,success
"sender: client58, message: > hello from client58"
17,1773967031.3844528,1773967033.404474,2.0200212001800537,success
"sender: client58, message: > hello from client58"
18,1773967038.5359454,1773967040.5271556,1.9912102222442627,success
"sender: client58, message: > hello from client58"
19,1773967045.640546,1773967047.6273522,1.9868061542510986,success
"sender: client58, message: > hello from client58"
20,1773967052.7222927,1773967054.759304,2.0370113849639893,success
"sender: client58, message: > hello from client58"
