round,send_time,recv_time,rtt,status
2,1773960193.6958487,1773960195.630772,1.9349234104156494,success
3,1773960200.8563542,1773960202.7020235,1.8456692695617676,success
4,1773960207.8440387,1773960209.7501676,1.9061288833618164,success
5,1773960214.8129313,1773960216.848643,2.0357117652893066,success
"sender: client56, message: > hello from client56"
6,1773960221.9435453,1773960223.9228046,1.9792592525482178,success
"sender: client56, message: > hello from client56"
7,1773960229.0183861,1773960230.9840283,1.9656422138214111,success
"sender: client56, message: > hello from client56"
8,1773960236.0563757,1773960238.040319,1.983943223953247,success
"sender: client56, message: > hello from client56"
9,1773960243.1318872,1773960245.1161945,1.9843072891235352,success
"sender: client56, message: > hello from client56"
10,1773960250.2223122,1773960252.185892,1.9635798931121826,success
"sender: client56, message: > hello from client56"
11,1773960257.3100083,1773960259.2528195,1.9428112506866455,success
"sender: client56, message: > hello from client56"
12,1773960264.3368425,1773960266.3147964,1.9779539108276367,success
"sender: client56, message: > hello from client56"
13,1773960271.4181924,1773960273.393798,1.9756057262420654,success
"sender: client56, message: > hello from client56"
14,1773960278.461347,1773960280.4561875,1.994840383529663,success
"sender: client56, message: > hello from client56"
15,1773960285.5706425,1773960287.519164,1.948521614074707,success
"sender: client56, message: > hello from client56"
16,1773960292.6230848,1773960294.5892944,1.9662096500396729,success
"sender: client56, message: > hello from client56"
17,1773960299.68734,1773960301.651166,1.9638259410858154,success
"sender: client56, message: > hello from client56"
18,1773960306.7473967,1773960308.7183626,1.97096586227417,success
"sender: client56, message: > hello from client56"
19,1773960313.8062336,1773960315.8049524,1.9987187385559082,success
"sender: client56, message: > hello from client56"
20,1773960320.8994305,1773960322.8611813,1.9617507457733154,success
"sender: client56, message: > hello from client56"
