round,send_time,recv_time,rtt,status
2,1773959745.3512955,1773959747.2276833,1.8763878345489502,success
3,1773959752.3868723,1773959754.2833498,1.896477460861206,success
4,1773959759.3732357,1773959761.3446114,1.9713757038116455,success
"sender: client94, message: > hello from client94"
5,1773959766.4978085,1773959768.4227333,1.9249248504638672,success
"sender: client94, message: > hello from client94"
6,1773959773.518617,1773959775.5583146,2.0396976470947266,success
7,1773959780.608923,1773959782.591033,1.9821100234985352,success
"sender: client94, message: > hello from client94"
8,1773959787.6913362,1773959789.6521983,1.960862159729004,success
"sender: client94, message: > hello from client94"
9,1773959794.7458258,1773959796.7304451,1.984619379043579,success
10,1773959801.8443396,1773959803.7915618,1.9472222328186035,success
11,1773959808.8821607,1773959810.8533437,1.9711830615997314,success
