round,send_time,recv_time,rtt,status
2,1773960193.6522398,1773960195.6285675,1.976327657699585,success
3,1773960200.8417156,1773960202.697638,1.8559224605560303,success
4,1773960207.8655424,1773960209.7496357,1.8840932846069336,success
5,1773960214.8490179,1773960216.8490334,2.0000154972076416,success
"sender: client23, message: > hello from client23"
6,1773960221.9399147,1773960223.9202487,1.9803340435028076,success
"sender: client23, message: > hello from client23"
7,1773960229.0108347,1773960230.9833128,1.9724781513214111,success
"sender: client23, message: > hello from client23"
8,1773960236.0673735,1773960238.0420387,1.9746651649475098,success
"sender: client23, message: > hello from client23"
9,1773960243.1376262,1773960245.115329,1.9777028560638428,success
"sender: client23, message: > hello from client23"
10,1773960250.1969674,1773960252.1837683,1.9868009090423584,success
"sender: client23, message: > hello from client23"
11,1773960257.3276567,1773960259.2517545,1.9240977764129639,success
"sender: client23, message: > hello from client23"
12,1773960264.309495,1773960266.3242059,2.0147109031677246,success
13,1773960271.4126146,1773960273.3934085,1.9807939529418945,success
"sender: client23, message: > hello from client23"
14,1773960278.4770231,1773960280.4592571,1.982234001159668,success
"sender: client23, message: > hello from client23"
15,1773960285.55178,1773960287.5171874,1.965407371520996,success
"sender: client23, message: > hello from client23"
16,1773960292.6247072,1773960294.5828595,1.9581522941589355,success
"sender: client23, message: > hello from client23"
17,1773960299.671485,1773960301.658466,1.9869811534881592,success
"sender: client23, message: > hello from client23"
18,1773960306.746767,1773960308.7085755,1.961808443069458,success
"sender: client23, message: > hello from client23"
19,1773960313.7801976,1773960315.8127978,2.032600164413452,success
"sender: client23, message: > hello from client23"
20,1773960320.9112644,1773960322.8657703,1.9545059204101562,success
"sender: client23, message: > hello from client23"
