round,send_time,recv_time,rtt,status
2,1773966924.6536903,1773966926.5716412,1.9179508686065674,success
3,1773966931.718516,1773966933.6899405,1.9714243412017822,success
"sender: client78, message: > hello from client78"
4,1773966938.782328,1773966940.8073962,2.0250682830810547,success
5,1773966945.9087737,1773966947.9109445,2.0021708011627197,success
"sender: client78, message: > hello from client78"
6,1773966953.0123625,1773966955.0504253,2.038062810897827,success
"sender: client78, message: > hello from client78"
7,1773966960.1405954,1773966962.1683285,2.027733087539673,success
"sender: client78, message: > hello from client78"
8,1773966967.2521236,1773966969.2809901,2.0288665294647217,success
9,1773966974.3896396,1773966976.3991554,2.0095157623291016,success
"sender: client78, message: > hello from client78"
10,1773966981.5094275,1773966983.5395472,2.0301196575164795,success
"sender: client78, message: > hello from client78"
11,1773966988.660822,1773966990.6500874,1.9892654418945312,success
"sender: client78, message: > hello from client78"
12,1773966995.7224615,1773966997.7615685,2.039107084274292,success
"sender: client78, message: > hello from client78"
13,1773967002.9046733,1773967004.89883,1.9941565990447998,success
"sender: client78, message: > hello from client78"
14,1773967010.0168786,1773967012.0266683,2.0097897052764893,success
"sender: client78, message: > hello from client78"
15,1773967017.1230574,1773967019.1570005,2.0339431762695312,success
"sender: client78, message: > hello from client78"
16,1773967024.2654834,1773967026.2706983,2.0052149295806885,success
"sender: client78, message: > hello from client78"
17,1773967031.3906374,1773967033.40983,2.019192695617676,success
"sender: client78, message: > hello from client78"
18,1773967038.5680087,1773967040.5279212,1.9599125385284424,success
"sender: client78, message: > hello from client78"
19,1773967045.6395543,1773967047.6236477,1.984093427658081,success
"sender: client78, message: > hello from client78"
20,1773967052.721487,1773967054.7579103,2.0364232063293457,success
"sender: client78, message: > hello from client78"
