round,send_time,recv_time,rtt,status
2,1773966924.652151,1773966926.5674431,1.9152920246124268,success
3,1773966931.6409044,1773966933.689038,2.048133611679077,success
4,1773966938.7699802,1773966940.7986863,2.0287060737609863,success
"sender: client84, message: > hello from client84"
5,1773966945.8985305,1773966947.9137409,2.0152103900909424,success
"sender: client84, message: > hello from client84"
6,1773966953.0013835,1773966955.0466962,2.0453126430511475,success
"sender: client84, message: > hello from client84"
7,1773966960.1617029,1773966962.1684291,2.0067262649536133,success
"sender: client84, message: > hello from client84"
8,1773966967.2576683,1773966969.282186,2.024517774581909,success
"sender: client84, message: > hello from client84"
9,1773966974.3865385,1773966976.3993864,2.012847900390625,success
"sender: client84, message: > hello from client84"
10,1773966981.4911845,1773966983.5362573,2.0450727939605713,success
"sender: client84, message: > hello from client84"
11,1773966988.6625452,1773966990.655026,1.992480754852295,success
"sender: client84, message: > hello from client84"
12,1773966995.7473404,1773966997.7614412,2.0141007900238037,success
"sender: client84, message: > hello from client84"
13,1773967002.9072654,1773967004.9059758,1.9987103939056396,success
"sender: client84, message: > hello from client84"
14,1773967010.025123,1773967012.031858,2.00673508644104,success
"sender: client84, message: > hello from client84"
15,1773967017.1454875,1773967019.1561127,2.010625123977661,success
"sender: client84, message: > hello from client84"
16,1773967024.258495,1773967026.272812,2.0143167972564697,success
"sender: client84, message: > hello from client84"
17,1773967031.3830338,1773967033.4225597,2.0395259857177734,success
"sender: client84, message: > hello from client84"
18,1773967038.5406077,1773967040.5312982,1.9906904697418213,success
"sender: client84, message: > hello from client84"
19,1773967045.6330447,1773967047.6261766,1.9931318759918213,success
20,1773967052.7378595,1773967054.7576916,2.019832134246826,success
"sender: client84, message: > hello from client84"
