round,send_time,recv_time,rtt,status
2,1773959745.2974348,1773959747.2217436,1.9243087768554688,success
3,1773959752.3828585,1773959754.2817152,1.8988566398620605,success
4,1773959759.3787737,1773959761.3484066,1.969632863998413,success
5,1773959766.4897437,1773959768.407195,1.9174513816833496,success
"sender: client61, message: > hello from client61"
6,1773959773.5072405,1773959775.5309649,2.023724317550659,success
"sender: client61, message: > hello from client61"
7,1773959780.5865436,1773959782.587774,2.001230478286743,success
"sender: client61, message: > hello from client61"
8,1773959787.668135,1773959789.6508176,1.982682704925537,success
"sender: client61, message: > hello from client61"
9,1773959794.7420366,1773959796.749458,2.0074214935302734,success
"sender: client61, message: > hello from client61"
10,1773959801.828298,1773959803.795019,1.9667208194732666,success
11,1773959808.8554845,1773959810.8529525,1.9974679946899414,success
