round,send_time,recv_time,rtt,status
1,1773966917.4189634,1773966919.4504924,2.031528949737549,success
2,1773966924.5973518,1773966926.569099,1.9717471599578857,success
3,1773966931.6646943,1773966933.6855562,2.020861864089966,success
4,1773966938.7951474,1773966940.808155,2.013007640838623,success
"sender: client37, message: > hello from client37"
5,1773966945.9181974,1773966947.9091208,1.9909234046936035,success
"sender: client37, message: > hello from client37"
6,1773966953.022783,1773966955.0509963,2.0282132625579834,success
"sender: client37, message: > hello from client37"
7,1773966960.1449935,1773966962.1671638,2.022170305252075,success
"sender: client37, message: > hello from client37"
8,1773966967.2696543,1773966969.2837863,2.014132022857666,success
"sender: client37, message: > hello from client37"
9,1773966974.3832881,1773966976.3986166,2.0153284072875977,success
"sender: client37, message: > hello from client37"
10,1773966981.506942,1773966983.5395143,2.0325722694396973,success
"sender: client37, message: > hello from client37"
11,1773966988.647795,1773966990.6537898,2.0059947967529297,success
"sender: client37, message: > hello from client37"
12,1773966995.7482817,1773966997.7631042,2.014822483062744,success
"sender: client37, message: > hello from client37"
13,1773967002.8822696,1773967004.8945568,2.012287139892578,success
"sender: client37, message: > hello from client37"
14,1773967010.0329657,1773967012.0321662,1.9992005825042725,success
"sender: client37, message: > hello from client37"
15,1773967017.1290832,1773967019.1533742,2.0242910385131836,success
"sender: client37, message: > hello from client37"
16,1773967024.2468588,1773967026.2717695,2.0249106884002686,success
"sender: client37, message: > hello from client37"
17,1773967031.3900669,1773967033.4064584,2.0163915157318115,success
"sender: client37, message: > hello from client37"
18,1773967038.5611427,1773967040.5311124,1.9699697494506836,success
19,1773967045.6375952,1773967047.6239984,1.986403226852417,success
"sender: client37, message: > hello from client37"
20,1773967052.719766,1773967054.7549376,2.0351717472076416,success
"sender: client37, message: > hello from client37"
