round,send_time,recv_time,rtt,status
3,1773960200.8186934,1773960202.7069557,1.8882622718811035,success
4,1773960207.8678343,1773960209.7708209,1.9029865264892578,success
5,1773960214.8506556,1773960216.8546295,2.003973960876465,success
6,1773960221.953383,1773960223.9169905,1.9636075496673584,success
"sender: client82, message: > hello from client82"
7,1773960229.0192263,1773960230.985877,1.9666507244110107,success
"sender: client82, message: > hello from client82"
8,1773960236.063379,1773960238.0409079,1.9775288105010986,success
"sender: client82, message: > hello from client82"
9,1773960243.1431088,1773960245.1197665,1.9766576290130615,success
"sender: client82, message: > hello from client82"
10,1773960250.2181864,1773960252.182701,1.9645147323608398,success
"sender: client82, message: > hello from client82"
11,1773960257.3131475,1773960259.248149,1.9350013732910156,success
"sender: client82, message: > hello from client82"
12,1773960264.3447607,1773960266.3156552,1.9708945751190186,success
"sender: client82, message: > hello from client82"
13,1773960271.404719,1773960273.3903701,1.9856510162353516,success
"sender: client82, message: > hello from client82"
14,1773960278.4959464,1773960280.4559298,1.9599833488464355,success
"sender: client82, message: > hello from client82"
15,1773960285.5548916,1773960287.518262,1.9633703231811523,success
"sender: client82, message: > hello from client82"
16,1773960292.6252315,1773960294.5883443,1.9631128311157227,success
"sender: client82, message: > hello from client82"
17,1773960299.6562557,1773960301.6525698,1.9963140487670898,success
"sender: client82, message: > hello from client82"
18,1773960306.7525136,1773960308.7189333,1.9664196968078613,success
"sender: client82, message: > hello from client82"
19,1773960313.8017578,1773960315.8057725,2.004014730453491,success
"sender: client82, message: > hello from client82"
20,1773960320.9051087,1773960322.865991,1.9608824253082275,success
"sender: client82, message: > hello from client82"
