round,send_time,recv_time,rtt,status
2,1773966924.653111,1773966926.5657701,1.9126591682434082,success
3,1773966931.654127,1773966933.693043,2.0389161109924316,success
4,1773966938.7803226,1773966940.8073547,2.0270321369171143,success
"sender: client62, message: > hello from client62"
5,1773966945.9020207,1773966947.9093509,2.0073301792144775,success
"sender: client62, message: > hello from client62"
6,1773966953.02333,1773966955.048621,2.0252909660339355,success
"sender: client62, message: > hello from client62"
7,1773966960.157748,1773966962.167643,2.009895086288452,success
"sender: client62, message: > hello from client62"
8,1773966967.2685032,1773966969.2798061,2.011302947998047,success
"sender: client62, message: > hello from client62"
9,1773966974.3885136,1773966976.4049926,2.016479015350342,success
"sender: client62, message: > hello from client62"
10,1773966981.512271,1773966983.5323527,2.0200817584991455,success
"sender: client62, message: > hello from client62"
11,1773966988.6472101,1773966990.6543117,2.007101535797119,success
"sender: client62, message: > hello from client62"
12,1773966995.747781,1773966997.7587104,2.0109293460845947,success
"sender: client62, message: > hello from client62"
13,1773967002.9064705,1773967004.8974812,1.9910106658935547,success
"sender: client62, message: > hello from client62"
14,1773967010.0293186,1773967012.026474,1.9971554279327393,success
"sender: client62, message: > hello from client62"
15,1773967017.1355119,1773967019.1585565,2.0230445861816406,success
"sender: client62, message: > hello from client62"
16,1773967024.2440782,1773967026.2735248,2.029446601867676,success
"sender: client62, message: > hello from client62"
17,1773967031.3814917,1773967033.4113321,2.0298404693603516,success
"sender: client62, message: > hello from client62"
18,1773967038.5686295,1773967040.5311742,1.9625446796417236,success
"sender: client62, message: > hello from client62"
19,1773967045.6051762,1773967047.6258118,2.0206356048583984,success
"sender: client62, message: > hello from client62"
20,1773967052.7378025,1773967054.75893,2.021127462387085,success
"sender: client62, message: > hello from client62"
