round,send_time,recv_time,rtt,status
2,1773966924.6426516,1773966926.5654461,1.9227945804595947,success
3,1773966931.7301085,1773966933.692998,1.9628894329071045,success
"sender: client54, message: > hello from client54"
4,1773966938.7783093,1773966940.8082745,2.0299651622772217,success
"sender: client54, message: > hello from client54"
5,1773966945.9014745,1773966947.9095602,2.0080857276916504,success
"sender: client54, message: > hello from client54"
6,1773966953.0114982,1773966955.0507307,2.0392324924468994,success
"sender: client54, message: > hello from client54"
7,1773966960.1612456,1773966962.1674485,2.0062029361724854,success
"sender: client54, message: > hello from client54"
8,1773966967.2711139,1773966969.2797332,2.0086193084716797,success
"sender: client54, message: > hello from client54"
9,1773966974.387182,1773966976.3987858,2.011603832244873,success
"sender: client54, message: > hello from client54"
10,1773966981.4911675,1773966983.536628,2.0454604625701904,success
"sender: client54, message: > hello from client54"
11,1773966988.6548698,1773966990.6543279,1.9994580745697021,success
"sender: client54, message: > hello from client54"
12,1773966995.729832,1773966997.7648745,2.0350425243377686,success
"sender: client54, message: > hello from client54"
13,1773967002.8885288,1773967004.9045427,2.0160138607025146,success
"sender: client54, message: > hello from client54"
14,1773967010.0307572,1773967012.0318205,2.001063346862793,success
"sender: client54, message: > hello from client54"
15,1773967017.144566,1773967019.1548953,2.010329246520996,success
"sender: client54, message: > hello from client54"
16,1773967024.234443,1773967026.268093,2.0336501598358154,success
"sender: client54, message: > hello from client54"
17,1773967031.3697598,1773967033.4029684,2.0332086086273193,success
"sender: client54, message: > hello from client54"
18,1773967038.5652864,1773967040.526097,1.960810661315918,success
"sender: client54, message: > hello from client54"
19,1773967045.638677,1773967047.6251154,1.986438512802124,success
"sender: client54, message: > hello from client54"
20,1773967052.735575,1773967054.7587104,2.0231354236602783,success
"sender: client54, message: > hello from client54"
