round,send_time,recv_time,rtt,status
2,1773966924.6036193,1773966926.5676997,1.9640803337097168,success
3,1773966931.7227206,1773966933.6906893,1.9679687023162842,success
4,1773966938.7720802,1773966940.7945604,2.0224802494049072,success
"sender: client69, message: > hello from client69"
5,1773966945.9184456,1773966947.9136894,1.995243787765503,success
"sender: client69, message: > hello from client69"
6,1773966953.0259085,1773966955.051569,2.025660514831543,success
"sender: client69, message: > hello from client69"
7,1773966960.1571882,1773966962.1677058,2.0105175971984863,success
"sender: client69, message: > hello from client69"
8,1773966967.2683983,1773966969.2824495,2.0140511989593506,success
"sender: client69, message: > hello from client69"
9,1773966974.3866386,1773966976.398973,2.0123343467712402,success
"sender: client69, message: > hello from client69"
10,1773966981.482018,1773966983.5358222,2.0538041591644287,success
"sender: client69, message: > hello from client69"
11,1773966988.6640997,1773966990.6552727,1.9911730289459229,success
"sender: client69, message: > hello from client69"
12,1773966995.737973,1773966997.7587948,2.0208218097686768,success
"sender: client69, message: > hello from client69"
13,1773967002.9064584,1773967004.904641,1.9981825351715088,success
"sender: client69, message: > hello from client69"
14,1773967010.0357215,1773967012.0288706,1.9931490421295166,success
"sender: client69, message: > hello from client69"
15,1773967017.1478148,1773967019.155854,2.0080392360687256,success
"sender: client69, message: > hello from client69"
16,1773967024.2676787,1773967026.2721083,2.004429578781128,success
"sender: client69, message: > hello from client69"
17,1773967031.3791983,1773967033.408164,2.028965711593628,success
"sender: client69, message: > hello from client69"
18,1773967038.5160468,1773967040.5255299,2.0094830989837646,success
"sender: client69, message: > hello from client69"
19,1773967045.6413598,1773967047.6236005,1.9822406768798828,success
"sender: client69, message: > hello from client69"
20,1773967052.7379644,1773967054.7574532,2.01948881149292,success
"sender: client69, message: > hello from client69"
