round,send_time,recv_time,rtt,status
3,1773959902.131752,1773959904.0276783,1.8959262371063232,success
4,1773959909.2574632,1773959911.0999627,1.8424994945526123,success
"sender: client95, message: > hello from client95"
5,1773959916.18744,1773959918.1557193,1.9682793617248535,success
"sender: client95, message: > hello from client95"
6,1773959923.245091,1773959925.2172801,1.97218918800354,success
"sender: client95, message: > hello from client95"
7,1773959930.3190823,1773959932.275936,1.9568536281585693,success
"sender: client95, message: > hello from client95"
8,1773959937.3544166,1773959939.3369665,1.9825499057769775,success
9,1773959944.4408147,1773959946.3997054,1.958890676498413,success
"sender: client95, message: > hello from client95"
10,1773959951.4945385,1773959953.4584248,1.9638862609863281,success
"sender: client95, message: > hello from client95"
