round,send_time,recv_time,rtt,status
2,1773959895.0388517,1773959896.9719229,1.9330711364746094,success
3,1773959902.1361089,1773959904.0291524,1.8930435180664062,success
4,1773959909.1908417,1773959911.1052728,1.914431095123291,success
"sender: client70, message: > hello from client70"
5,1773959916.1958454,1773959918.1590714,1.963226079940796,success
"sender: client70, message: > hello from client70"
6,1773959923.2564778,1773959925.2173872,1.960909366607666,success
"sender: client70, message: > hello from client70"
7,1773959930.3125834,1773959932.2720037,1.9594202041625977,success
"sender: client70, message: > hello from client70"
8,1773959937.358152,1773959939.3386717,1.9805197715759277,success
"sender: client70, message: > hello from client70"
9,1773959944.4122927,1773959946.4048038,1.9925110340118408,success
"sender: client70, message: > hello from client70"
10,1773959951.5018837,1773959953.4584844,1.9566006660461426,success
