round,send_time,recv_time,rtt,status
1,1773959738.198214,1773959740.1573906,1.9591765403747559,success
2,1773959745.3269517,1773959747.2238083,1.8968565464019775,success
3,1773959752.308023,1773959754.2798848,1.9718618392944336,success
"sender: client34, message: > hello from client34"
4,1773959759.3894324,1773959761.3448186,1.9553861618041992,success
"sender: client34, message: > hello from client34"
5,1773959766.4950578,1773959768.4205139,1.9254560470581055,success
"sender: client34, message: > hello from client34"
6,1773959773.5060432,1773959775.5311546,2.025111436843872,success
"sender: client34, message: > hello from client34"
7,1773959780.6214294,1773959782.585123,1.963693618774414,success
"sender: client34, message: > hello from client34"
8,1773959787.6916723,1773959789.649475,1.9578027725219727,success
9,1773959794.7408404,1773959796.752016,2.0111756324768066,success
"sender: client34, message: > hello from client34"
10,1773959801.8502152,1773959803.789492,1.9392766952514648,success
"sender: client34, message: > hello from client34"
11,1773959808.8637578,1773959810.8534567,1.989698886871338,success
"sender: client34, message: > hello from client34"
