round,send_time,recv_time,rtt,status
2,1773959745.3243666,1773959747.222583,1.8982164859771729,success
3,1773959752.375139,1773959754.281679,1.9065399169921875,success
4,1773959759.387313,1773959761.3454711,1.958158254623413,success
"sender: client64, message: > hello from client64"
5,1773959766.423172,1773959768.4230459,1.9998738765716553,success
"sender: client64, message: > hello from client64"
6,1773959773.5174813,1773959775.5318644,2.01438307762146,success
"sender: client64, message: > hello from client64"
7,1773959780.6285424,1773959782.5858862,1.9573438167572021,success
8,1773959787.687048,1773959789.6530917,1.9660437107086182,success
"sender: client64, message: > hello from client64"
9,1773959794.7460577,1773959796.7384615,1.9924037456512451,success
10,1773959801.8317146,1773959803.7875512,1.955836534500122,success
"sender: client64, message: > hello from client64"
11,1773959808.8945906,1773959810.8529794,1.9583888053894043,success
