round,send_time,recv_time,rtt,status
1,1773966917.450946,1773966919.4521856,2.001239538192749,success
2,1773966924.6532812,1773966926.5648868,1.9116055965423584,success
3,1773966931.7119646,1773966933.6861045,1.974139928817749,success
4,1773966938.7708755,1773966940.796635,2.02575945854187,success
"sender: client33, message: > hello from client33"
5,1773966945.8850896,1773966947.9093184,2.024228811264038,success
"sender: client33, message: > hello from client33"
6,1773966952.9906578,1773966955.0443776,2.0537197589874268,success
"sender: client33, message: > hello from client33"
7,1773966960.132412,1773966962.168285,2.0358729362487793,success
"sender: client33, message: > hello from client33"
8,1773966967.2665129,1773966969.2796135,2.0131006240844727,success
"sender: client33, message: > hello from client33"
9,1773966974.3771744,1773966976.398567,2.021392583847046,success
"sender: client33, message: > hello from client33"
10,1773966981.5122907,1773966983.5380635,2.0257728099823,success
"sender: client33, message: > hello from client33"
11,1773966988.6542778,1773966990.6498294,1.995551586151123,success
"sender: client33, message: > hello from client33"
12,1773966995.7480383,1773966997.7605686,2.0125303268432617,success
"sender: client33, message: > hello from client33"
13,1773967002.9063997,1773967004.8945308,1.988131046295166,success
"sender: client33, message: > hello from client33"
14,1773967010.025154,1773967012.0278265,2.0026724338531494,success
"sender: client33, message: > hello from client33"
15,1773967017.1483943,1773967019.153123,2.0047285556793213,success
"sender: client33, message: > hello from client33"
16,1773967024.268605,1773967026.2741103,2.005505323410034,success
"sender: client33, message: > hello from client33"
17,1773967031.376069,1773967033.40355,2.0274808406829834,success
"sender: client33, message: > hello from client33"
18,1773967038.5582035,1773967040.5277,1.969496488571167,success
"sender: client33, message: > hello from client33"
19,1773967045.6412487,1773967047.6262004,1.9849517345428467,success
"sender: client33, message: > hello from client33"
20,1773967052.7385676,1773967054.7574692,2.0189015865325928,success
"sender: client33, message: > hello from client33"
