round,send_time,recv_time,rtt,status
2,1773959745.310912,1773959747.2275994,1.9166874885559082,success
3,1773959752.3632772,1773959754.2815123,1.9182350635528564,success
4,1773959759.3826702,1773959761.3454144,1.9627442359924316,success
"sender: client68, message: > hello from client68"
5,1773959766.500444,1773959768.4217026,1.9212586879730225,success
"sender: client68, message: > hello from client68"
6,1773959773.5115566,1773959775.5344145,2.022857904434204,success
"sender: client68, message: > hello from client68"
7,1773959780.6236877,1773959782.5896692,1.9659814834594727,success
"sender: client68, message: > hello from client68"
8,1773959787.6624236,1773959789.6506624,1.98823881149292,success
"sender: client68, message: > hello from client68"
9,1773959794.742344,1773959796.7380526,1.995708703994751,success
"sender: client68, message: > hello from client68"
10,1773959801.8346412,1773959803.7940197,1.9593784809112549,success
"sender: client68, message: > hello from client68"
11,1773959808.8969393,1773959810.8578918,1.9609525203704834,success
"sender: client68, message: > hello from client68"
