round,send_time,recv_time,rtt,status
2,1773960193.6576426,1773960195.6316705,1.9740278720855713,success
3,1773960200.8518133,1773960202.6973796,1.8455662727355957,success
4,1773960207.7779295,1773960209.7493048,1.9713752269744873,success
5,1773960214.8616962,1773960216.8479168,1.9862205982208252,success
6,1773960221.9290628,1773960223.9136283,1.9845654964447021,success
"sender: client6, message: > hello from client6"
7,1773960228.9769046,1773960230.9854667,2.0085620880126953,success
"sender: client6, message: > hello from client6"
8,1773960236.0792098,1773960238.0503886,1.9711787700653076,success
"sender: client6, message: > hello from client6"
9,1773960243.1245832,1773960245.1148596,1.9902763366699219,success
"sender: client6, message: > hello from client6"
10,1773960250.2108443,1773960252.1799684,1.9691240787506104,success
"sender: client6, message: > hello from client6"
11,1773960257.31124,1773960259.2532606,1.9420206546783447,success
"sender: client6, message: > hello from client6"
12,1773960264.3172114,1773960266.3229797,2.005768299102783,success
"sender: client6, message: > hello from client6"
13,1773960271.4114797,1773960273.3958545,1.984374761581421,success
"sender: client6, message: > hello from client6"
14,1773960278.4862766,1773960280.4630222,1.97674560546875,success
"sender: client6, message: > hello from client6"
15,1773960285.5691066,1773960287.5170739,1.947967290878296,success
"sender: client6, message: > hello from client6"
16,1773960292.618243,1773960294.582563,1.9643199443817139,success
"sender: client6, message: > hello from client6"
17,1773960299.65451,1773960301.6508923,1.996382236480713,success
"sender: client6, message: > hello from client6"
18,1773960306.7506306,1773960308.7079716,1.957340955734253,success
"sender: client6, message: > hello from client6"
19,1773960313.795044,1773960315.80426,2.009216070175171,success
"sender: client6, message: > hello from client6"
20,1773960320.9131086,1773960322.8646019,1.951493263244629,success
"sender: client6, message: > hello from client6"
