round,send_time,recv_time,rtt,status
1,1773966917.4772582,1773966919.449055,1.9717967510223389,success
2,1773966924.646622,1773966926.5649552,1.9183332920074463,success
3,1773966931.6933732,1773966933.6855683,1.9921951293945312,success
4,1773966938.780028,1773966940.7931874,2.0131592750549316,success
"sender: client38, message: > hello from client38"
5,1773966945.9121134,1773966947.9127684,2.000654935836792,success
"sender: client38, message: > hello from client38"
6,1773966953.0106404,1773966955.047136,2.0364956855773926,success
"sender: client38, message: > hello from client38"
7,1773966960.1362624,1773966962.1657755,2.029513120651245,success
"sender: client38, message: > hello from client38"
8,1773966967.269147,1773966969.2796276,2.0104806423187256,success
9,1773966974.3905962,1773966976.3986645,2.008068323135376,success
"sender: client38, message: > hello from client38"
10,1773966981.5129852,1773966983.5355048,2.022519588470459,success
"sender: client38, message: > hello from client38"
11,1773966988.625136,1773966990.651767,2.0266311168670654,success
"sender: client38, message: > hello from client38"
12,1773966995.746302,1773966997.7640872,2.0177853107452393,success
"sender: client38, message: > hello from client38"
13,1773967002.8932264,1773967004.90487,2.011643648147583,success
"sender: client38, message: > hello from client38"
14,1773967010.0164452,1773967012.0255952,2.0091500282287598,success
"sender: client38, message: > hello from client38"
15,1773967017.14818,1773967019.1565943,2.0084142684936523,success
"sender: client38, message: > hello from client38"
16,1773967024.2527907,1773967026.2743971,2.0216064453125,success
"sender: client38, message: > hello from client38"
17,1773967031.3870292,1773967033.411044,2.024014711380005,success
"sender: client38, message: > hello from client38"
18,1773967038.567364,1773967040.5250583,1.9576942920684814,success
"sender: client38, message: > hello from client38"
19,1773967045.6331196,1773967047.622722,1.9896023273468018,success
"sender: client38, message: > hello from client38"
20,1773967052.7258358,1773967054.7575295,2.031693696975708,success
"sender: client38, message: > hello from client38"
