round,send_time,recv_time,rtt,status
1,1773966917.4419658,1773966919.4489298,2.0069639682769775,success
2,1773966924.6408882,1773966926.5647144,1.9238262176513672,success
3,1773966931.641586,1773966933.6860352,2.0444490909576416,success
"sender: client25, message: > hello from client25"
4,1773966938.7535129,1773966940.7974358,2.0439229011535645,success
5,1773966945.9045746,1773966947.9120963,2.007521629333496,success
"sender: client25, message: > hello from client25"
6,1773966953.02556,1773966955.044027,2.0184671878814697,success
"sender: client25, message: > hello from client25"
7,1773966960.1569834,1773966962.1651142,2.0081307888031006,success
"sender: client25, message: > hello from client25"
8,1773966967.274749,1773966969.2795606,2.0048115253448486,success
"sender: client25, message: > hello from client25"
9,1773966974.3698564,1773966976.3991067,2.029250383377075,success
"sender: client25, message: > hello from client25"
10,1773966981.5096858,1773966983.5383115,2.028625726699829,success
"sender: client25, message: > hello from client25"
11,1773966988.6626515,1773966990.6511872,1.9885356426239014,success
"sender: client25, message: > hello from client25"
12,1773966995.7275465,1773966997.758308,2.030761480331421,success
"sender: client25, message: > hello from client25"
13,1773967002.8918002,1773967004.9085875,2.01678729057312,success
"sender: client25, message: > hello from client25"
14,1773967010.0357513,1773967012.0264993,1.9907479286193848,success
"sender: client25, message: > hello from client25"
15,1773967017.1445694,1773967019.152868,2.008298635482788,success
"sender: client25, message: > hello from client25"
16,1773967024.2574363,1773967026.268999,2.0115628242492676,success
"sender: client25, message: > hello from client25"
17,1773967031.3901284,1773967033.4048126,2.0146842002868652,success
"sender: client25, message: > hello from client25"
18,1773967038.5599825,1773967040.5258212,1.9658386707305908,success
"sender: client25, message: > hello from client25"
19,1773967045.6241481,1773967047.6225352,1.998387098312378,success
"sender: client25, message: > hello from client25"
20,1773967052.7253878,1773967054.7578933,2.032505512237549,success
"sender: client25, message: > hello from client25"
