round,send_time,recv_time,rtt,status
3,1773960200.8443248,1773960202.7077324,1.8634076118469238,success
4,1773960207.8016512,1773960209.786604,1.984952688217163,success
"sender: client78, message: > hello from client78"
5,1773960214.8354306,1773960216.8555543,2.0201237201690674,success
"sender: client78, message: > hello from client78"
6,1773960221.946478,1773960223.9175794,1.9711015224456787,success
"sender: client78, message: > hello from client78"
7,1773960229.0158317,1773960230.984055,1.9682233333587646,success
"sender: client78, message: > hello from client78"
8,1773960236.0686295,1773960238.0445857,1.9759562015533447,success
"sender: client78, message: > hello from client78"
9,1773960243.131258,1773960245.1194267,1.988168716430664,success
10,1773960250.2195632,1773960252.1947074,1.9751441478729248,success
"sender: client78, message: > hello from client78"
11,1773960257.3096802,1773960259.2498164,1.940136194229126,success
"sender: client78, message: > hello from client78"
12,1773960264.3321524,1773960266.314875,1.982722520828247,success
"sender: client78, message: > hello from client78"
13,1773960271.4133224,1773960273.3961546,1.9828321933746338,success
"sender: client78, message: > hello from client78"
14,1773960278.4878774,1773960280.4646428,1.9767653942108154,success
"sender: client78, message: > hello from client78"
15,1773960285.5695515,1773960287.5182242,1.9486727714538574,success
"sender: client78, message: > hello from client78"
16,1773960292.5846214,1773960294.5905108,2.005889415740967,success
"sender: client78, message: > hello from client78"
17,1773960299.6713538,1773960301.65308,1.9817261695861816,success
"sender: client78, message: > hello from client78"
18,1773960306.7422912,1773960308.7165775,1.9742863178253174,success
"sender: client78, message: > hello from client78"
19,1773960313.7946181,1773960315.804665,2.01004695892334,success
"sender: client78, message: > hello from client78"
20,1773960320.9129546,1773960322.863595,1.9506404399871826,success
"sender: client78, message: > hello from client78"
