round,send_time,recv_time,rtt,status
1,1773966917.4744115,1773966919.451984,1.9775724411010742,success
2,1773966924.604284,1773966926.5717895,1.9675054550170898,success
3,1773966931.6514106,1773966933.688557,2.0371463298797607,success
4,1773966938.7668612,1773966940.7961845,2.0293233394622803,success
"sender: client45, message: > hello from client45"
5,1773966945.9152045,1773966947.9111855,1.995980978012085,success
6,1773966953.0215101,1773966955.0468283,2.025318145751953,success
"sender: client45, message: > hello from client45"
7,1773966960.1483114,1773966962.1657996,2.0174882411956787,success
"sender: client45, message: > hello from client45"
8,1773966967.2618105,1773966969.2838051,2.0219945907592773,success
"sender: client45, message: > hello from client45"
9,1773966974.3539083,1773966976.3984656,2.0445573329925537,success
"sender: client45, message: > hello from client45"
10,1773966981.4908555,1773966983.532074,2.0412185192108154,success
"sender: client45, message: > hello from client45"
11,1773966988.6598392,1773966990.6499498,1.9901106357574463,success
"sender: client45, message: > hello from client45"
12,1773966995.7286825,1773966997.758478,2.0297954082489014,success
"sender: client45, message: > hello from client45"
13,1773967002.9066787,1773967004.9023447,1.9956660270690918,success
"sender: client45, message: > hello from client45"
14,1773967010.005025,1773967012.0302753,2.0252504348754883,success
"sender: client45, message: > hello from client45"
15,1773967017.147089,1773967019.1535108,2.0064218044281006,success
"sender: client45, message: > hello from client45"
16,1773967024.2633438,1773967026.268303,2.0049591064453125,success
"sender: client45, message: > hello from client45"
17,1773967031.3837447,1773967033.406418,2.0226733684539795,success
"sender: client45, message: > hello from client45"
18,1773967038.558902,1773967040.5276096,1.96870756149292,success
"sender: client45, message: > hello from client45"
19,1773967045.629242,1773967047.6228764,1.9936344623565674,success
"sender: client45, message: > hello from client45"
20,1773967052.7359283,1773967054.7577252,2.021796941757202,success
"sender: client45, message: > hello from client45"
