round,send_time,recv_time,rtt,status
3,1773959902.1078146,1773959904.028902,1.9210875034332275,success
4,1773959909.2502794,1773959911.091868,1.8415884971618652,success
5,1773959916.173573,1773959918.1548507,1.9812777042388916,success
"sender: client96, message: > hello from client96"
6,1773959923.261113,1773959925.2178044,1.9566915035247803,success
"sender: client96, message: > hello from client96"
7,1773959930.3142047,1773959932.2736447,1.959439992904663,success
"sender: client96, message: > hello from client96"
8,1773959937.3474007,1773959939.3364582,1.9890575408935547,success
"sender: client96, message: > hello from client96"
9,1773959944.4289985,1773959946.3996444,1.9706459045410156,success
"sender: client96, message: > hello from client96"
10,1773959951.5005438,1773959953.46067,1.9601261615753174,success
"sender: client96, message: > hello from client96"
