round,send_time,recv_time,rtt,status
2,1773959895.0573773,1773959896.9685037,1.9111263751983643,success
3,1773959902.136097,1773959904.029082,1.8929851055145264,success
4,1773959909.0980122,1773959911.0932012,1.9951889514923096,success
5,1773959916.193441,1773959918.1592093,1.9657683372497559,success
"sender: client66, message: > hello from client66"
6,1773959923.2507052,1773959925.2110221,1.9603168964385986,success
7,1773959930.3081462,1773959932.2728791,1.9647328853607178,success
"sender: client66, message: > hello from client66"
8,1773959937.3651822,1773959939.342136,1.9769537448883057,success
"sender: client66, message: > hello from client66"
9,1773959944.4221709,1773959946.401071,1.9789001941680908,success
"sender: client66, message: > hello from client66"
10,1773959951.4836488,1773959953.4584606,1.9748117923736572,success
"sender: client66, message: > hello from client66"
