round,send_time,recv_time,rtt,status
2,1773959895.0866215,1773959896.9713957,1.8847742080688477,success
3,1773959902.1398468,1773959904.0278487,1.8880019187927246,success
4,1773959909.255542,1773959911.0916228,1.83608078956604,success
5,1773959916.1862748,1773959918.1552362,1.968961477279663,success
"sender: client78, message: > hello from client78"
6,1773959923.2516477,1773959925.2175643,1.965916633605957,success
"sender: client78, message: > hello from client78"
7,1773959930.3144403,1773959932.2774413,1.963001012802124,success
"sender: client78, message: > hello from client78"
8,1773959937.34782,1773959939.33659,1.9887700080871582,success
"sender: client78, message: > hello from client78"
9,1773959944.4389029,1773959946.3974316,1.958528757095337,success
"sender: client78, message: > hello from client78"
10,1773959951.4989643,1773959953.463892,1.9649276733398438,success
"sender: client78, message: > hello from client78"
