round,send_time,recv_time,rtt,status
2,1773959745.335069,1773959747.226296,1.8912270069122314,success
3,1773959752.3870502,1773959754.2796602,1.8926100730895996,success
4,1773959759.3525553,1773959761.3481221,1.9955668449401855,success
"sender: client60, message: > hello from client60"
5,1773959766.506512,1773959768.4226782,1.9161663055419922,success
6,1773959773.521988,1773959775.5602236,2.038235664367676,success
"sender: client60, message: > hello from client60"
7,1773959780.6190157,1773959782.58915,1.9701342582702637,success
"sender: client60, message: > hello from client60"
8,1773959787.6850102,1773959789.6482255,1.9632153511047363,success
"sender: client60, message: > hello from client60"
9,1773959794.7124076,1773959796.7282572,2.0158495903015137,success
"sender: client60, message: > hello from client60"
10,1773959801.8406959,1773959803.7935026,1.9528067111968994,success
"sender: client60, message: > hello from client60"
11,1773959808.8627882,1773959810.85748,1.9946918487548828,success
"sender: client60, message: > hello from client60"
