round,send_time,recv_time,rtt,status
2,1773960193.6603866,1773960195.6333904,1.97300386428833,success
3,1773960200.8572505,1773960202.6983209,1.8410704135894775,success
4,1773960207.839486,1773960209.7499013,1.9104154109954834,success
5,1773960214.8503592,1773960216.8492715,1.9989123344421387,success
"sender: client25, message: > hello from client25"
6,1773960221.9460661,1773960223.914402,1.9683358669281006,success
"sender: client25, message: > hello from client25"
7,1773960229.0186956,1773960230.9804044,1.9617087841033936,success
"sender: client25, message: > hello from client25"
8,1773960236.063246,1773960238.0401776,1.9769315719604492,success
"sender: client25, message: > hello from client25"
9,1773960243.1174192,1773960245.1182308,2.0008115768432617,success
"sender: client25, message: > hello from client25"
10,1773960250.1929746,1773960252.1817405,1.9887659549713135,success
"sender: client25, message: > hello from client25"
11,1773960257.3278337,1773960259.2469265,1.9190928936004639,success
"sender: client25, message: > hello from client25"
12,1773960264.3308854,1773960266.3149507,1.984065294265747,success
13,1773960271.4075544,1773960273.3858042,1.9782497882843018,success
"sender: client25, message: > hello from client25"
14,1773960278.4833853,1773960280.455994,1.9726085662841797,success
"sender: client25, message: > hello from client25"
15,1773960285.5592577,1773960287.5304427,1.9711849689483643,success
"sender: client25, message: > hello from client25"
16,1773960292.6200442,1773960294.5873477,1.9673035144805908,success
"sender: client25, message: > hello from client25"
17,1773960299.6838188,1773960301.651041,1.9672222137451172,success
"sender: client25, message: > hello from client25"
18,1773960306.7016082,1773960308.717575,2.0159668922424316,success
"sender: client25, message: > hello from client25"
19,1773960313.7895858,1773960315.8039544,2.0143685340881348,success
"sender: client25, message: > hello from client25"
20,1773960320.9128907,1773960322.8608747,1.947983980178833,success
"sender: client25, message: > hello from client25"
