round,send_time,recv_time,rtt,status
2,1773959895.088112,1773959896.9741378,1.8860256671905518,success
3,1773959902.1288476,1773959904.0290198,1.900172233581543,success
4,1773959909.2053947,1773959911.0911207,1.885725975036621,success
5,1773959916.1893013,1773959918.1580136,1.968712329864502,success
"sender: client55, message: > hello from client55"
6,1773959923.244083,1773959925.2111385,1.9670555591583252,success
"sender: client55, message: > hello from client55"
7,1773959930.3170927,1773959932.2660136,1.9489209651947021,success
"sender: client55, message: > hello from client55"
8,1773959937.3631973,1773959939.3381646,1.9749672412872314,success
"sender: client55, message: > hello from client55"
9,1773959944.4383628,1773959946.3981574,1.959794521331787,success
"sender: client55, message: > hello from client55"
10,1773959951.4979017,1773959953.458359,1.9604573249816895,success
"sender: client55, message: > hello from client55"
