round,send_time,recv_time,rtt,status
1,1773959738.1590233,1773959740.1752,2.016176700592041,success
2,1773959745.343804,1773959747.2208807,1.8770768642425537,success
3,1773959752.2922037,1773959754.2846649,1.9924612045288086,success
4,1773959759.3909402,1773959761.3455036,1.9545633792877197,success
5,1773959766.4328136,1773959768.4217782,1.988964557647705,success
"sender: client5, message: > hello from client5"
6,1773959773.5118902,1773959775.542607,2.030716896057129,success
"sender: client5, message: > hello from client5"
7,1773959780.6242824,1773959782.582869,1.9585866928100586,success
8,1773959787.6930933,1773959789.646763,1.953669786453247,success
"sender: client5, message: > hello from client5"
9,1773959794.7465134,1773959796.7521665,2.005653142929077,success
10,1773959801.8198884,1773959803.7876573,1.967768907546997,success
"sender: client5, message: > hello from client5"
11,1773959808.8937187,1773959810.8533993,1.9596805572509766,success
"sender: client5, message: > hello from client5"
