round,send_time,recv_time,rtt,status
2,1773959745.3469622,1773959747.2239141,1.8769519329071045,success
3,1773959752.3698368,1773959754.2796268,1.9097900390625,success
4,1773959759.3689668,1773959761.3441668,1.9751999378204346,success
"sender: client47, message: > hello from client47"
5,1773959766.5016208,1773959768.4228032,1.92118239402771,success
"sender: client47, message: > hello from client47"
6,1773959773.5163567,1773959775.5310857,2.0147290229797363,success
7,1773959780.6176467,1773959782.5909154,1.973268747329712,success
"sender: client47, message: > hello from client47"
8,1773959787.685307,1773959789.6486537,1.9633467197418213,success
9,1773959794.7431543,1773959796.7460818,2.002927541732788,success
"sender: client47, message: > hello from client47"
10,1773959801.83763,1773959803.7872822,1.9496521949768066,success
"sender: client47, message: > hello from client47"
11,1773959808.895359,1773959810.8563766,1.9610176086425781,success
"sender: client47, message: > hello from client47"
