round,send_time,recv_time,rtt,status
1,1773959738.1979713,1773959740.156418,1.958446741104126,success
2,1773959745.3344762,1773959747.2208452,1.886368989944458,success
3,1773959752.3151076,1773959754.281903,1.9667954444885254,success
4,1773959759.3751159,1773959761.3400478,1.9649319648742676,success
"sender: client16, message: > hello from client16"
5,1773959766.489922,1773959768.4071782,1.9172561168670654,success
6,1773959773.509735,1773959775.5650394,2.0553042888641357,success
"sender: client16, message: > hello from client16"
7,1773959780.6312854,1773959782.5829308,1.9516453742980957,success
"sender: client16, message: > hello from client16"
8,1773959787.6889315,1773959789.6473792,1.9584476947784424,success
"sender: client16, message: > hello from client16"
9,1773959794.7513962,1773959796.7379963,1.9866001605987549,success
10,1773959801.846421,1773959803.7884772,1.9420561790466309,success
"sender: client16, message: > hello from client16"
11,1773959808.8932774,1773959810.8519683,1.958690881729126,success
"sender: client16, message: > hello from client16"
