round,send_time,recv_time,rtt,status
2,1773966924.6513236,1773966926.565421,1.914097547531128,success
3,1773966931.6497152,1773966933.6885319,2.0388166904449463,success
4,1773966938.7490559,1773966940.794623,2.045567035675049,success
"sender: client55, message: > hello from client55"
5,1773966945.9149604,1773966947.9095454,1.9945850372314453,success
"sender: client55, message: > hello from client55"
6,1773966953.0180764,1773966955.045486,2.027409553527832,success
"sender: client55, message: > hello from client55"
7,1773966960.1317859,1773966962.1673207,2.0355348587036133,success
"sender: client55, message: > hello from client55"
8,1773966967.2601235,1773966969.2807388,2.020615339279175,success
"sender: client55, message: > hello from client55"
9,1773966974.3761787,1773966976.4035077,2.0273289680480957,success
"sender: client55, message: > hello from client55"
10,1773966981.5049748,1773966983.5305948,2.0256199836730957,success
"sender: client55, message: > hello from client55"
11,1773966988.658629,1773966990.6542583,1.9956293106079102,success
"sender: client55, message: > hello from client55"
12,1773966995.733091,1773966997.7637913,2.030700206756592,success
"sender: client55, message: > hello from client55"
13,1773967002.8959472,1773967004.9044957,2.0085484981536865,success
"sender: client55, message: > hello from client55"
14,1773967010.030545,1773967012.0259397,1.9953947067260742,success
"sender: client55, message: > hello from client55"
15,1773967017.1405904,1773967019.1561465,2.0155560970306396,success
"sender: client55, message: > hello from client55"
16,1773967024.268727,1773967026.2724636,2.0037364959716797,success
"sender: client55, message: > hello from client55"
17,1773967031.3887763,1773967033.4036112,2.0148348808288574,success
"sender: client55, message: > hello from client55"
18,1773967038.5544767,1773967040.5272055,1.9727287292480469,success
"sender: client55, message: > hello from client55"
19,1773967045.6190886,1773967047.6254463,2.0063576698303223,success
"sender: client55, message: > hello from client55"
20,1773967052.7385886,1773967054.7557502,2.0171616077423096,success
"sender: client55, message: > hello from client55"
