round,send_time,recv_time,rtt,status
2,1773959895.0316565,1773959896.9674752,1.9358186721801758,success
3,1773959902.1446388,1773959904.0277648,1.8831260204315186,success
4,1773959909.2116778,1773959911.091713,1.880035161972046,success
5,1773959916.1844118,1773959918.1659184,1.981506586074829,success
"sender: client65, message: > hello from client65"
6,1773959923.2579482,1773959925.2110102,1.9530620574951172,success
"sender: client65, message: > hello from client65"
7,1773959930.315673,1773959932.2682269,1.9525537490844727,success
"sender: client65, message: > hello from client65"
8,1773959937.3596532,1773959939.3362567,1.9766035079956055,success
"sender: client65, message: > hello from client65"
9,1773959944.422487,1773959946.4007728,1.978285789489746,success
"sender: client65, message: > hello from client65"
10,1773959951.4905427,1773959953.458412,1.9678692817687988,success
"sender: client65, message: > hello from client65"
