round,send_time,recv_time,rtt,status
2,1773966924.6420567,1773966926.5731807,1.931123971939087,success
3,1773966931.7310507,1773966933.6903312,1.9592804908752441,success
"sender: client86, message: > hello from client86"
4,1773966938.7721205,1773966940.7974913,2.0253708362579346,success
"sender: client86, message: > hello from client86"
5,1773966945.9166229,1773966947.9098225,1.9931995868682861,success
"sender: client86, message: > hello from client86"
6,1773966953.0193684,1773966955.047418,2.0280497074127197,success
"sender: client86, message: > hello from client86"
7,1773966960.152014,1773966962.1681042,2.016090154647827,success
"sender: client86, message: > hello from client86"
8,1773966967.2674265,1773966969.2804546,2.013028144836426,success
"sender: client86, message: > hello from client86"
9,1773966974.3610485,1773966976.4044495,2.043401002883911,success
"sender: client86, message: > hello from client86"
10,1773966981.511847,1773966983.5360398,2.0241928100585938,success
"sender: client86, message: > hello from client86"
11,1773966988.6637573,1773966990.650069,1.986311674118042,success
"sender: client86, message: > hello from client86"
12,1773966995.7406492,1773966997.7646945,2.02404522895813,success
"sender: client86, message: > hello from client86"
13,1773967002.893984,1773967004.9018533,2.007869243621826,success
"sender: client86, message: > hello from client86"
14,1773967010.0334928,1773967012.0305455,1.9970526695251465,success
"sender: client86, message: > hello from client86"
15,1773967017.1487224,1773967019.1570437,2.0083212852478027,success
"sender: client86, message: > hello from client86"
16,1773967024.2572215,1773967026.274061,2.0168395042419434,success
"sender: client86, message: > hello from client86"
17,1773967031.391453,1773967033.4054935,2.014040470123291,success
"sender: client86, message: > hello from client86"
18,1773967038.5455692,1773967040.5259252,1.980355978012085,success
"sender: client86, message: > hello from client86"
19,1773967045.6245227,1773967047.624388,1.9998652935028076,success
20,1773967052.7278457,1773967054.755046,2.027200222015381,success
"sender: client86, message: > hello from client86"
