round,send_time,recv_time,rtt,status
3,1773960200.856012,1773960202.707654,1.8516418933868408,success
4,1773960207.7970176,1773960209.7840722,1.9870545864105225,success
5,1773960214.853554,1773960216.8529952,1.999441146850586,success
6,1773960221.9515657,1773960223.9213157,1.969749927520752,success
"sender: client76, message: > hello from client76"
7,1773960228.9897027,1773960230.9853675,1.9956648349761963,success
"sender: client76, message: > hello from client76"
8,1773960236.0605834,1773960238.050906,1.9903225898742676,success
"sender: client76, message: > hello from client76"
9,1773960243.1399422,1773960245.1157138,1.9757716655731201,success
"sender: client76, message: > hello from client76"
10,1773960250.2152407,1773960252.1819305,1.9666898250579834,success
"sender: client76, message: > hello from client76"
11,1773960257.312833,1773960259.2516892,1.9388561248779297,success
"sender: client76, message: > hello from client76"
12,1773960264.3459942,1773960266.322776,1.9767818450927734,success
"sender: client76, message: > hello from client76"
13,1773960271.4130564,1773960273.3949687,1.98191237449646,success
"sender: client76, message: > hello from client76"
14,1773960278.4959776,1773960280.4558342,1.9598565101623535,success
"sender: client76, message: > hello from client76"
15,1773960285.5662065,1773960287.5305796,1.9643731117248535,success
"sender: client76, message: > hello from client76"
16,1773960292.6156535,1773960294.5870912,1.971437692642212,success
"sender: client76, message: > hello from client76"
17,1773960299.6759865,1773960301.6550446,1.979058027267456,success
"sender: client76, message: > hello from client76"
18,1773960306.7538445,1773960308.7104986,1.9566540718078613,success
"sender: client76, message: > hello from client76"
19,1773960313.8174345,1773960315.812858,1.9954235553741455,success
"sender: client76, message: > hello from client76"
20,1773960320.9066787,1773960322.8658133,1.959134578704834,success
"sender: client76, message: > hello from client76"
