round,send_time,recv_time,rtt,status
2,1773959895.079373,1773959896.9667215,1.8873486518859863,success
3,1773959902.1391015,1773959904.027362,1.8882606029510498,success
4,1773959909.240207,1773959911.0972435,1.8570365905761719,success
5,1773959916.189403,1773959918.1532614,1.9638583660125732,success
"sender: client37, message: > hello from client37"
6,1773959923.2445133,1773959925.2107446,1.966231346130371,success
"sender: client37, message: > hello from client37"
7,1773959930.3117058,1773959932.273743,1.9620370864868164,success
"sender: client37, message: > hello from client37"
8,1773959937.3623304,1773959939.3346708,1.9723403453826904,success
"sender: client37, message: > hello from client37"
9,1773959944.439986,1773959946.399775,1.9597890377044678,success
"sender: client37, message: > hello from client37"
10,1773959951.501449,1773959953.458273,1.9568238258361816,success
"sender: client37, message: > hello from client37"
