round,send_time,recv_time,rtt,status
2,1773959745.3450797,1773959747.229025,1.8839452266693115,success
3,1773959752.360182,1773959754.2796447,1.9194626808166504,success
4,1773959759.3617034,1773959761.3458283,1.9841248989105225,success
5,1773959766.4337008,1773959768.4230113,1.9893105030059814,success
"sender: client54, message: > hello from client54"
6,1773959773.477101,1773959775.5402474,2.0631463527679443,success
7,1773959780.6278367,1773959782.5903783,1.9625415802001953,success
"sender: client54, message: > hello from client54"
8,1773959787.6822948,1773959789.6474478,1.9651529788970947,success
"sender: client54, message: > hello from client54"
9,1773959794.7473207,1773959796.7546716,2.0073509216308594,success
"sender: client54, message: > hello from client54"
10,1773959801.842405,1773959803.7873313,1.9449262619018555,success
"sender: client54, message: > hello from client54"
11,1773959808.896931,1773959810.8539286,1.9569976329803467,success
"sender: client54, message: > hello from client54"
