round,send_time,recv_time,rtt,status
3,1773960200.8510177,1773960202.7069373,1.855919599533081,success
4,1773960207.8476856,1773960209.771822,1.9241364002227783,success
5,1773960214.8623238,1773960216.849395,1.9870712757110596,success
"sender: client77, message: > hello from client77"
6,1773960221.951199,1773960223.9176996,1.9665005207061768,success
"sender: client77, message: > hello from client77"
7,1773960229.0122705,1773960230.9810054,1.9687349796295166,success
"sender: client77, message: > hello from client77"
8,1773960236.0778537,1773960238.043186,1.965332269668579,success
"sender: client77, message: > hello from client77"
9,1773960243.1419568,1773960245.119079,1.9771223068237305,success
"sender: client77, message: > hello from client77"
10,1773960250.2087765,1773960252.1846917,1.9759151935577393,success
"sender: client77, message: > hello from client77"
11,1773960257.3130708,1773960259.2528446,1.9397737979888916,success
"sender: client77, message: > hello from client77"
12,1773960264.3441327,1773960266.32202,1.9778873920440674,success
"sender: client77, message: > hello from client77"
13,1773960271.4077325,1773960273.3997157,1.99198317527771,success
"sender: client77, message: > hello from client77"
14,1773960278.489685,1773960280.4656694,1.9759843349456787,success
"sender: client77, message: > hello from client77"
15,1773960285.5620546,1773960287.523472,1.9614174365997314,success
"sender: client77, message: > hello from client77"
16,1773960292.625782,1773960294.5873132,1.961531162261963,success
"sender: client77, message: > hello from client77"
17,1773960299.6704326,1773960301.6514993,1.9810667037963867,success
"sender: client77, message: > hello from client77"
18,1773960306.7525089,1773960308.7131498,1.9606409072875977,success
"sender: client77, message: > hello from client77"
19,1773960313.802917,1773960315.8134258,2.0105087757110596,success
"sender: client77, message: > hello from client77"
20,1773960320.8902814,1773960322.8631437,1.9728622436523438,success
"sender: client77, message: > hello from client77"
