round,send_time,recv_time,rtt,status
2,1773959895.0670884,1773959896.9674056,1.9003171920776367,success
3,1773959902.1189556,1773959904.0297577,1.9108021259307861,success
4,1773959909.246017,1773959911.092038,1.8460209369659424,success
5,1773959916.1896822,1773959918.1589723,1.969290018081665,success
"sender: client79, message: > hello from client79"
6,1773959923.254538,1773959925.2111588,1.956620693206787,success
"sender: client79, message: > hello from client79"
7,1773959930.2888172,1773959932.2717278,1.9829106330871582,success
"sender: client79, message: > hello from client79"
8,1773959937.3599532,1773959939.3363254,1.976372241973877,success
"sender: client79, message: > hello from client79"
9,1773959944.4232962,1773959946.3974073,1.9741110801696777,success
"sender: client79, message: > hello from client79"
10,1773959951.4923716,1773959953.4586458,1.9662742614746094,success
"sender: client79, message: > hello from client79"
