round,send_time,recv_time,rtt,status
1,1773966917.4521194,1773966919.4509373,1.9988179206848145,success
2,1773966924.6310763,1773966926.5724561,1.9413797855377197,success
3,1773966931.7219067,1773966933.6853564,1.9634497165679932,success
"sender: client29, message: > hello from client29"
4,1773966938.7621658,1773966940.798535,2.0363693237304688,success
"sender: client29, message: > hello from client29"
5,1773966945.9206872,1773966947.9109075,1.990220308303833,success
"sender: client29, message: > hello from client29"
6,1773966953.0110228,1773966955.050493,2.0394701957702637,success
"sender: client29, message: > hello from client29"
7,1773966960.1548645,1773966962.165528,2.0106635093688965,success
"sender: client29, message: > hello from client29"
8,1773966967.2715254,1773966969.2795875,2.0080621242523193,success
"sender: client29, message: > hello from client29"
9,1773966974.3862503,1773966976.4028606,2.0166103839874268,success
"sender: client29, message: > hello from client29"
10,1773966981.5118248,1773966983.5377414,2.025916576385498,success
"sender: client29, message: > hello from client29"
11,1773966988.6470566,1773966990.6508372,2.0037806034088135,success
"sender: client29, message: > hello from client29"
12,1773966995.7315166,1773966997.758404,2.0268874168395996,success
"sender: client29, message: > hello from client29"
13,1773967002.866627,1773967004.9038124,2.0371854305267334,success
"sender: client29, message: > hello from client29"
14,1773967010.0120344,1773967012.025802,2.0137674808502197,success
"sender: client29, message: > hello from client29"
15,1773967017.133205,1773967019.1549213,2.021716356277466,success
"sender: client29, message: > hello from client29"
16,1773967024.2477348,1773967026.2744234,2.026688575744629,success
"sender: client29, message: > hello from client29"
17,1773967031.3799672,1773967033.4091158,2.029148578643799,success
"sender: client29, message: > hello from client29"
18,1773967038.538106,1773967040.5259714,1.9878654479980469,success
"sender: client29, message: > hello from client29"
19,1773967045.6375916,1773967047.624084,1.986492395401001,success
"sender: client29, message: > hello from client29"
20,1773967052.7179403,1773967054.755682,2.0377416610717773,success
"sender: client29, message: > hello from client29"
