round,send_time,recv_time,rtt,status
2,1773959745.3322244,1773959747.2252455,1.8930211067199707,success
3,1773959752.3877032,1773959754.2818608,1.8941576480865479,success
4,1773959759.3629274,1773959761.3437295,1.980802059173584,success
"sender: client39, message: > hello from client39"
5,1773959766.4947646,1773959768.4069622,1.9121975898742676,success
"sender: client39, message: > hello from client39"
6,1773959773.4924953,1773959775.5344338,2.041938543319702,success
"sender: client39, message: > hello from client39"
7,1773959780.6292226,1773959782.5876079,1.9583852291107178,success
8,1773959787.6910942,1773959789.651791,1.9606969356536865,success
"sender: client39, message: > hello from client39"
9,1773959794.742876,1773959796.738435,1.9955589771270752,success
10,1773959801.829191,1773959803.7903166,1.9611256122589111,success
11,1773959808.8889158,1773959810.8526657,1.963749885559082,success
"sender: client39, message: > hello from client39"
