round,send_time,recv_time,rtt,status
2,1773966924.6267884,1773966926.5674832,1.940694808959961,success
3,1773966931.7256358,1773966933.6905591,1.96492338180542,success
4,1773966938.7769804,1773966940.796577,2.019596576690674,success
"sender: client65, message: > hello from client65"
5,1773966945.898021,1773966947.9109237,2.0129027366638184,success
"sender: client65, message: > hello from client65"
6,1773966952.9971223,1773966955.0483563,2.051234006881714,success
"sender: client65, message: > hello from client65"
7,1773966960.1522624,1773966962.1670501,2.0147876739501953,success
"sender: client65, message: > hello from client65"
8,1773966967.262498,1773966969.280145,2.0176470279693604,success
"sender: client65, message: > hello from client65"
9,1773966974.368896,1773966976.3988767,2.0299806594848633,success
"sender: client65, message: > hello from client65"
10,1773966981.5062556,1773966983.5360913,2.0298357009887695,success
"sender: client65, message: > hello from client65"
11,1773966988.654866,1773966990.6504202,1.9955542087554932,success
"sender: client65, message: > hello from client65"
12,1773966995.7390668,1773966997.7624552,2.023388385772705,success
"sender: client65, message: > hello from client65"
13,1773967002.9031768,1773967004.903964,2.0007872581481934,success
"sender: client65, message: > hello from client65"
14,1773967010.0189257,1773967012.0296462,2.0107204914093018,success
"sender: client65, message: > hello from client65"
15,1773967017.135546,1773967019.158777,2.023231029510498,success
"sender: client65, message: > hello from client65"
16,1773967024.238088,1773967026.2750444,2.036956548690796,success
"sender: client65, message: > hello from client65"
17,1773967031.3673048,1773967033.405074,2.037769079208374,success
"sender: client65, message: > hello from client65"
18,1773967038.5547807,1773967040.5254986,1.9707179069519043,success
"sender: client65, message: > hello from client65"
19,1773967045.6365647,1773967047.623508,1.986943244934082,success
20,1773967052.7368803,1773967054.7573416,2.020461320877075,success
"sender: client65, message: > hello from client65"
