round,send_time,recv_time,rtt,status
1,1773966917.455251,1773966919.4526918,1.9974408149719238,success
2,1773966924.6123354,1773966926.5726752,1.9603397846221924,success
3,1773966931.719664,1773966933.6853268,1.9656627178192139,success
4,1773966938.7628074,1773966940.8074782,2.044670820236206,success
"sender: client14, message: > hello from client14"
5,1773966945.9220147,1773966947.9090054,1.9869906902313232,success
"sender: client14, message: > hello from client14"
6,1773966953.0117362,1773966955.0444095,2.0326733589172363,success
"sender: client14, message: > hello from client14"
7,1773966960.1446786,1773966962.1650574,2.020378828048706,success
"sender: client14, message: > hello from client14"
8,1773966967.2713737,1773966969.283391,2.012017250061035,success
"sender: client14, message: > hello from client14"
9,1773966974.3762429,1773966976.403623,2.0273802280426025,success
"sender: client14, message: > hello from client14"
10,1773966981.5012455,1773966983.5324078,2.0311622619628906,success
"sender: client14, message: > hello from client14"
11,1773966988.660958,1773966990.6492658,1.9883077144622803,success
"sender: client14, message: > hello from client14"
12,1773966995.7470856,1773966997.759107,2.012021541595459,success
"sender: client14, message: > hello from client14"
13,1773967002.9041476,1773967004.9058452,2.001697540283203,success
"sender: client14, message: > hello from client14"
14,1773967010.0368314,1773967012.025642,1.9888105392456055,success
"sender: client14, message: > hello from client14"
15,1773967017.1452358,1773967019.1527328,2.0074970722198486,success
"sender: client14, message: > hello from client14"
16,1773967024.2549982,1773967026.2679594,2.0129611492156982,success
"sender: client14, message: > hello from client14"
17,1773967031.360736,1773967033.402818,2.0420820713043213,success
"sender: client14, message: > hello from client14"
18,1773967038.5487463,1773967040.5313418,1.982595443725586,success
"sender: client14, message: > hello from client14"
19,1773967045.616862,1773967047.6223495,2.0054874420166016,success
"sender: client14, message: > hello from client14"
20,1773967052.732267,1773967054.7595932,2.0273263454437256,success
"sender: client14, message: > hello from client14"
