round,send_time,recv_time,rtt,status
1,1773959738.1939135,1773959740.1560054,1.9620919227600098,success
2,1773959745.3048773,1773959747.2204835,1.9156062602996826,success
3,1773959752.3057275,1773959754.2832787,1.9775512218475342,success
4,1773959759.393491,1773959761.34015,1.9466590881347656,success
"sender: client21, message: > hello from client21"
5,1773959766.505753,1773959768.4221246,1.9163715839385986,success
"sender: client21, message: > hello from client21"
6,1773959773.4992712,1773959775.5306249,2.031353712081909,success
7,1773959780.6176505,1773959782.5928311,1.9751806259155273,success
"sender: client21, message: > hello from client21"
8,1773959787.6888273,1773959789.647411,1.9585838317871094,success
9,1773959794.7409492,1773959796.7458375,2.0048882961273193,success
10,1773959801.8501394,1773959803.788989,1.938849687576294,success
"sender: client21, message: > hello from client21"
11,1773959808.8866196,1773959810.8522184,1.9655988216400146,success
"sender: client21, message: > hello from client21"
