round,send_time,recv_time,rtt,status
1,1773966917.4588664,1773966919.4505465,1.9916801452636719,success
2,1773966924.6285803,1773966926.5647597,1.9361793994903564,success
3,1773966931.730083,1773966933.6854537,1.9553706645965576,success
4,1773966938.7740357,1773966940.7958245,2.0217888355255127,success
"sender: client27, message: > hello from client27"
5,1773966945.9120655,1773966947.9091485,1.9970829486846924,success
"sender: client27, message: > hello from client27"
6,1773966953.0149379,1773966955.044178,2.029240131378174,success
"sender: client27, message: > hello from client27"
7,1773966960.1607878,1773966962.1655023,2.0047144889831543,success
"sender: client27, message: > hello from client27"
8,1773966967.2730553,1773966969.279575,2.0065197944641113,success
"sender: client27, message: > hello from client27"
9,1773966974.3874903,1773966976.3985155,2.0110251903533936,success
"sender: client27, message: > hello from client27"
10,1773966981.500543,1773966983.53254,2.031996965408325,success
"sender: client27, message: > hello from client27"
11,1773966988.6629338,1773966990.6507635,1.9878296852111816,success
"sender: client27, message: > hello from client27"
12,1773966995.7458453,1773966997.7583394,2.0124940872192383,success
"sender: client27, message: > hello from client27"
13,1773967002.891035,1773967004.9061038,2.015068769454956,success
"sender: client27, message: > hello from client27"
14,1773967010.0198967,1773967012.0289767,2.009079933166504,success
"sender: client27, message: > hello from client27"
15,1773967017.141659,1773967019.1530535,2.011394500732422,success
"sender: client27, message: > hello from client27"
16,1773967024.2674677,1773967026.268591,2.0011231899261475,success
"sender: client27, message: > hello from client27"
17,1773967031.3759003,1773967033.4111292,2.035228967666626,success
"sender: client27, message: > hello from client27"
18,1773967038.5614321,1773967040.5255601,1.964128017425537,success
"sender: client27, message: > hello from client27"
19,1773967045.6412554,1773967047.6225984,1.9813430309295654,success
"sender: client27, message: > hello from client27"
20,1773967052.7076366,1773967054.7595193,2.051882743835449,success
"sender: client27, message: > hello from client27"
