round,send_time,recv_time,rtt,status
2,1773959895.0826705,1773959896.975543,1.8928725719451904,success
3,1773959902.1118116,1773959904.028852,1.9170403480529785,success
4,1773959909.0844314,1773959911.0970452,2.0126137733459473,success
5,1773959916.1632261,1773959918.157333,1.9941067695617676,success
"sender: client46, message: > hello from client46"
6,1773959923.2427874,1773959925.2107942,1.9680068492889404,success
"sender: client46, message: > hello from client46"
7,1773959930.300551,1773959932.266774,1.9662230014801025,success
"sender: client46, message: > hello from client46"
8,1773959937.3126185,1773959939.3416243,2.029005765914917,success
"sender: client46, message: > hello from client46"
9,1773959944.4379096,1773959946.3979642,1.960054636001587,success
10,1773959951.4876435,1773959953.4583232,1.970679759979248,success
"sender: client46, message: > hello from client46"
