round,send_time,recv_time,rtt,status
2,1773966924.6120405,1773966926.5659213,1.953880786895752,success
3,1773966931.725365,1773966933.688808,1.9634430408477783,success
4,1773966938.762129,1773966940.795888,2.0337588787078857,success
"sender: client51, message: > hello from client51"
5,1773966945.916085,1773966947.9096508,1.9935657978057861,success
"sender: client51, message: > hello from client51"
6,1773966953.0012915,1773966955.044887,2.043595552444458,success
"sender: client51, message: > hello from client51"
7,1773966960.1496878,1773966962.1672423,2.017554521560669,success
"sender: client51, message: > hello from client51"
8,1773966967.2692466,1773966969.283687,2.0144405364990234,success
"sender: client51, message: > hello from client51"
9,1773966974.3899941,1773966976.4050303,2.015036106109619,success
"sender: client51, message: > hello from client51"
10,1773966981.5099742,1773966983.536291,2.0263166427612305,success
"sender: client51, message: > hello from client51"
11,1773966988.6307864,1773966990.6504745,2.019688129425049,success
"sender: client51, message: > hello from client51"
12,1773966995.7316818,1773966997.7601097,2.028427839279175,success
"sender: client51, message: > hello from client51"
13,1773967002.88555,1773967004.9064987,2.020948648452759,success
"sender: client51, message: > hello from client51"
14,1773967010.0264375,1773967012.026636,2.0001983642578125,success
"sender: client51, message: > hello from client51"
15,1773967017.1339133,1773967019.1559172,2.0220038890838623,success
"sender: client51, message: > hello from client51"
16,1773967024.2679262,1773967026.2680492,2.0001230239868164,success
"sender: client51, message: > hello from client51"
17,1773967031.388989,1773967033.4078214,2.0188324451446533,success
"sender: client51, message: > hello from client51"
18,1773967038.5620904,1773967040.5257785,1.9636881351470947,success
"sender: client51, message: > hello from client51"
19,1773967045.6358376,1773967047.6231039,1.9872663021087646,success
"sender: client51, message: > hello from client51"
20,1773967052.7338934,1773967054.7583444,2.0244510173797607,success
"sender: client51, message: > hello from client51"
