round,send_time,recv_time,rtt,status
2,1773960193.6983523,1773960195.6312287,1.9328763484954834,success
3,1773960200.828386,1773960202.701941,1.8735549449920654,success
4,1773960207.8329449,1773960209.776846,1.9439010620117188,success
"sender: client53, message: > hello from client53"
5,1773960214.8487356,1773960216.8530366,2.004301071166992,success
"sender: client53, message: > hello from client53"
6,1773960221.938862,1773960223.9248111,1.9859490394592285,success
"sender: client53, message: > hello from client53"
7,1773960229.0059671,1773960230.982657,1.9766898155212402,success
"sender: client53, message: > hello from client53"
8,1773960236.0694234,1773960238.0401993,1.970775842666626,success
"sender: client53, message: > hello from client53"
9,1773960243.1353536,1773960245.118876,1.9835224151611328,success
"sender: client53, message: > hello from client53"
10,1773960250.2101967,1773960252.190969,1.9807722568511963,success
"sender: client53, message: > hello from client53"
11,1773960257.319034,1773960259.2521393,1.933105230331421,success
"sender: client53, message: > hello from client53"
12,1773960264.3214848,1773960266.3147416,1.9932568073272705,success
"sender: client53, message: > hello from client53"
13,1773960271.418063,1773960273.3950202,1.9769573211669922,success
"sender: client53, message: > hello from client53"
14,1773960278.4961524,1773960280.463197,1.9670445919036865,success
"sender: client53, message: > hello from client53"
15,1773960285.5446649,1773960287.5258486,1.9811837673187256,success
"sender: client53, message: > hello from client53"
16,1773960292.6166923,1773960294.5892587,1.9725663661956787,success
"sender: client53, message: > hello from client53"
17,1773960299.6860685,1773960301.6510828,1.9650142192840576,success
18,1773960306.7516396,1773960308.7123444,1.9607048034667969,success
"sender: client53, message: > hello from client53"
19,1773960313.8154273,1773960315.803246,1.987818717956543,success
"sender: client53, message: > hello from client53"
20,1773960320.8966856,1773960322.8657289,1.969043254852295,success
"sender: client53, message: > hello from client53"
