round,send_time,recv_time,rtt,status
2,1773960193.6692357,1773960195.6297693,1.960533618927002,success
3,1773960200.8565872,1773960202.7019098,1.845322608947754,success
4,1773960207.7844992,1773960209.7700608,1.9855616092681885,success
5,1773960214.846881,1773960216.8483675,2.0014865398406982,success
"sender: client50, message: > hello from client50"
6,1773960221.9426336,1773960223.9213614,1.9787278175354004,success
7,1773960229.0141265,1773960230.9824936,1.968367099761963,success
"sender: client50, message: > hello from client50"
8,1773960236.0752034,1773960238.0522199,1.9770164489746094,success
"sender: client50, message: > hello from client50"
9,1773960243.140364,1773960245.118117,1.9777531623840332,success
"sender: client50, message: > hello from client50"
10,1773960250.2230346,1773960252.181993,1.958958387374878,success
"sender: client50, message: > hello from client50"
11,1773960257.3121715,1773960259.2473595,1.9351880550384521,success
"sender: client50, message: > hello from client50"
12,1773960264.325194,1773960266.3207963,1.9956023693084717,success
"sender: client50, message: > hello from client50"
13,1773960271.414795,1773960273.3958073,1.9810123443603516,success
"sender: client50, message: > hello from client50"
14,1773960278.4800005,1773960280.4600441,1.980043649673462,success
"sender: client50, message: > hello from client50"
15,1773960285.5681489,1773960287.5174975,1.9493486881256104,success
"sender: client50, message: > hello from client50"
16,1773960292.6014056,1773960294.5908606,1.989454984664917,success
"sender: client50, message: > hello from client50"
17,1773960299.681136,1773960301.6563494,1.9752135276794434,success
"sender: client50, message: > hello from client50"
18,1773960306.7437463,1773960308.7164814,1.9727351665496826,success
"sender: client50, message: > hello from client50"
19,1773960313.8137548,1773960315.8050568,1.9913020133972168,success
"sender: client50, message: > hello from client50"
20,1773960320.8927326,1773960322.8687027,1.9759700298309326,success
"sender: client50, message: > hello from client50"
