round,send_time,recv_time,rtt,status
2,1773960193.687158,1773960195.6324186,1.9452605247497559,success
3,1773960200.831183,1773960202.6976864,1.8665034770965576,success
4,1773960207.8682432,1773960209.770146,1.901902675628662,success
5,1773960214.851241,1773960216.8493297,1.9980885982513428,success
"sender: client26, message: > hello from client26"
6,1773960221.9619734,1773960223.9233212,1.9613478183746338,success
"sender: client26, message: > hello from client26"
7,1773960228.993581,1773960230.9806507,1.9870696067810059,success
"sender: client26, message: > hello from client26"
8,1773960236.0726295,1773960238.042471,1.969841480255127,success
"sender: client26, message: > hello from client26"
9,1773960243.1304655,1773960245.1160312,1.9855656623840332,success
"sender: client26, message: > hello from client26"
10,1773960250.2155857,1773960252.1828163,1.9672305583953857,success
"sender: client26, message: > hello from client26"
11,1773960257.3026628,1773960259.2500272,1.947364330291748,success
"sender: client26, message: > hello from client26"
12,1773960264.337031,1773960266.3152485,1.978217601776123,success
"sender: client26, message: > hello from client26"
13,1773960271.3986628,1773960273.3950481,1.9963853359222412,success
"sender: client26, message: > hello from client26"
14,1773960278.4630413,1773960280.4654424,2.002401113510132,success
"sender: client26, message: > hello from client26"
15,1773960285.5564234,1773960287.5259058,1.969482421875,success
"sender: client26, message: > hello from client26"
16,1773960292.621263,1773960294.5891123,1.9678492546081543,success
"sender: client26, message: > hello from client26"
17,1773960299.6846168,1773960301.6551557,1.970538854598999,success
"sender: client26, message: > hello from client26"
18,1773960306.7459257,1773960308.7131958,1.9672701358795166,success
"sender: client26, message: > hello from client26"
19,1773960313.8021443,1773960315.8009577,1.9988133907318115,success
"sender: client26, message: > hello from client26"
20,1773960320.9129353,1773960322.8606212,1.947685956954956,success
