round,send_time,recv_time,rtt,status
2,1773959745.3529992,1773959747.2246487,1.8716495037078857,success
3,1773959752.3101714,1773959754.2839649,1.9737935066223145,success
4,1773959759.382203,1773959761.3447154,1.9625122547149658,success
"sender: client83, message: > hello from client83"
5,1773959766.5041192,1773959768.4071152,1.9029960632324219,success
"sender: client83, message: > hello from client83"
6,1773959773.5159214,1773959775.5468276,2.0309062004089355,success
"sender: client83, message: > hello from client83"
7,1773959780.6275342,1773959782.5930197,1.9654855728149414,success
"sender: client83, message: > hello from client83"
8,1773959787.6826873,1773959789.6508303,1.9681429862976074,success
"sender: client83, message: > hello from client83"
9,1773959794.7463214,1773959796.7382975,1.991976022720337,success
"sender: client83, message: > hello from client83"
10,1773959801.8383365,1773959803.7905903,1.952253818511963,success
"sender: client83, message: > hello from client83"
11,1773959808.898119,1773959810.85325,1.9551310539245605,success
