round,send_time,recv_time,rtt,status
2,1773959895.0663602,1773959896.9711525,1.904792308807373,success
3,1773959902.131622,1773959904.028135,1.8965129852294922,success
4,1773959909.2032752,1773959911.0909963,1.887721061706543,success
5,1773959916.190258,1773959918.1533647,1.963106632232666,success
"sender: client29, message: > hello from client29"
6,1773959923.2509866,1773959925.217892,1.9669053554534912,success
"sender: client29, message: > hello from client29"
7,1773959930.309695,1773959932.2756457,1.9659507274627686,success
"sender: client29, message: > hello from client29"
8,1773959937.3431313,1773959939.339031,1.9958996772766113,success
"sender: client29, message: > hello from client29"
9,1773959944.4344432,1773959946.403741,1.9692976474761963,success
"sender: client29, message: > hello from client29"
10,1773959951.4871185,1773959953.4612026,1.9740841388702393,success
"sender: client29, message: > hello from client29"
