round,send_time,recv_time,rtt,status
2,1773960193.702729,1773960195.6300743,1.9273452758789062,success
3,1773960200.8421247,1773960202.701806,1.8596813678741455,success
4,1773960207.763273,1773960209.7856386,2.0223655700683594,success
"sender: client55, message: > hello from client55"
5,1773960214.8278663,1773960216.8533807,2.0255143642425537,success
"sender: client55, message: > hello from client55"
6,1773960221.94011,1773960223.9214838,1.9813737869262695,success
"sender: client55, message: > hello from client55"
7,1773960229.0004008,1773960230.983846,1.983445167541504,success
8,1773960236.0766928,1773960238.0402517,1.9635589122772217,success
"sender: client55, message: > hello from client55"
9,1773960243.1414068,1773960245.1168888,1.9754819869995117,success
"sender: client55, message: > hello from client55"
10,1773960250.219099,1773960252.1842601,1.9651610851287842,success
"sender: client55, message: > hello from client55"
11,1773960257.3167808,1773960259.2519662,1.935185432434082,success
"sender: client55, message: > hello from client55"
12,1773960264.3417728,1773960266.32547,1.9836971759796143,success
13,1773960271.4121702,1773960273.3854632,1.9732930660247803,success
"sender: client55, message: > hello from client55"
14,1773960278.4894629,1773960280.4589906,1.9695277214050293,success
"sender: client55, message: > hello from client55"
15,1773960285.567115,1773960287.5194042,1.95228910446167,success
"sender: client55, message: > hello from client55"
16,1773960292.6166873,1773960294.5899906,1.9733033180236816,success
"sender: client55, message: > hello from client55"
17,1773960299.66531,1773960301.6546175,1.9893076419830322,success
"sender: client55, message: > hello from client55"
18,1773960306.7392159,1773960308.71729,1.978074073791504,success
"sender: client55, message: > hello from client55"
19,1773960313.805502,1773960315.8036528,1.9981508255004883,success
"sender: client55, message: > hello from client55"
20,1773960320.896105,1773960322.8641093,1.9680042266845703,success
"sender: client55, message: > hello from client55"
