round,send_time,recv_time,rtt,status
2,1773966924.631907,1773966926.5722783,1.9403712749481201,success
3,1773966931.6479259,1773966933.6898718,2.0419459342956543,success
4,1773966938.7685268,1773966940.80732,2.0387933254241943,success
"sender: client99, message: > hello from client99"
5,1773966945.885892,1773966947.9099402,2.024048328399658,success
6,1773966953.0209517,1773966955.049853,2.0289013385772705,success
"sender: client99, message: > hello from client99"
7,1773966960.1521845,1773966962.1682348,2.016050338745117,success
"sender: client99, message: > hello from client99"
8,1773966967.2518811,1773966969.2836583,2.0317771434783936,success
"sender: client99, message: > hello from client99"
9,1773966974.391299,1773966976.4044244,2.013125419616699,success
"sender: client99, message: > hello from client99"
10,1773966981.5126095,1773966983.536122,2.023512601852417,success
"sender: client99, message: > hello from client99"
11,1773966988.6595895,1773966990.6545362,1.9949467182159424,success
"sender: client99, message: > hello from client99"
12,1773966995.7388356,1773966997.763663,2.024827480316162,success
"sender: client99, message: > hello from client99"
13,1773967002.8859255,1773967004.9038932,2.017967700958252,success
"sender: client99, message: > hello from client99"
14,1773967010.023541,1773967012.0264466,2.0029056072235107,success
"sender: client99, message: > hello from client99"
15,1773967017.1283524,1773967019.1577423,2.0293898582458496,success
"sender: client99, message: > hello from client99"
16,1773967024.2688127,1773967026.2711241,2.0023114681243896,success
"sender: client99, message: > hello from client99"
17,1773967031.3856385,1773967033.4083788,2.022740364074707,success
"sender: client99, message: > hello from client99"
18,1773967038.5634222,1773967040.5273218,1.9638996124267578,success
"sender: client99, message: > hello from client99"
19,1773967045.6338248,1773967047.6239486,1.9901237487792969,success
"sender: client99, message: > hello from client99"
20,1773967052.7346947,1773967054.7561097,2.0214149951934814,success
"sender: client99, message: > hello from client99"
