round,send_time,recv_time,rtt,status
2,1773959745.3521101,1773959747.2238781,1.8717679977416992,success
3,1773959752.3503084,1773959754.2847185,1.9344100952148438,success
4,1773959759.3858695,1773959761.342342,1.956472396850586,success
"sender: client56, message: > hello from client56"
5,1773959766.4944031,1773959768.4073982,1.9129951000213623,success
"sender: client56, message: > hello from client56"
6,1773959773.5161486,1773959775.5343685,2.0182199478149414,success
"sender: client56, message: > hello from client56"
7,1773959780.619011,1773959782.5921152,1.9731042385101318,success
"sender: client56, message: > hello from client56"
8,1773959787.6923602,1773959789.6503768,1.9580166339874268,success
"sender: client56, message: > hello from client56"
9,1773959794.7463312,1773959796.733636,1.9873046875,success
"sender: client56, message: > hello from client56"
10,1773959801.8440323,1773959803.7873557,1.9433233737945557,success
"sender: client56, message: > hello from client56"
11,1773959808.8764112,1773959810.8550382,1.9786269664764404,success
