round,send_time,recv_time,rtt,status
1,1773959738.1864066,1773959740.1562495,1.9698429107666016,success
2,1773959745.2351408,1773959747.2192957,1.9841549396514893,success
3,1773959752.3089259,1773959754.2881591,1.9792332649230957,success
4,1773959759.3657224,1773959761.3402026,1.974480152130127,success
"sender: client26, message: > hello from client26"
5,1773959766.4967983,1773959768.4216583,1.9248600006103516,success
"sender: client26, message: > hello from client26"
6,1773959773.5115776,1773959775.5620732,2.0504956245422363,success
"sender: client26, message: > hello from client26"
7,1773959780.6143281,1773959782.5889056,1.9745774269104004,success
8,1773959787.686556,1773959789.6492853,1.9627292156219482,success
"sender: client26, message: > hello from client26"
9,1773959794.7329016,1773959796.7497983,2.0168967247009277,success
10,1773959801.841138,1773959803.7867045,1.9455666542053223,success
"sender: client26, message: > hello from client26"
11,1773959808.8912528,1773959810.852302,1.9610493183135986,success
"sender: client26, message: > hello from client26"
