round,send_time,recv_time,rtt,status
2,1773960193.6841385,1773960195.6334786,1.9493401050567627,success
3,1773960200.8028648,1773960202.6981106,1.8952457904815674,success
4,1773960207.8386128,1773960209.7499511,1.9113383293151855,success
"sender: client3, message: > hello from client3"
5,1773960214.836653,1773960216.8478248,2.011171817779541,success
"sender: client3, message: > hello from client3"
6,1773960221.9354634,1773960223.913353,1.9778895378112793,success
"sender: client3, message: > hello from client3"
7,1773960228.9984345,1773960230.9802718,1.981837272644043,success
"sender: client3, message: > hello from client3"
8,1773960236.0551798,1773960238.0547109,1.9995310306549072,success
"sender: client3, message: > hello from client3"
9,1773960243.129413,1773960245.1173553,1.9879424571990967,success
"sender: client3, message: > hello from client3"
10,1773960250.2209034,1773960252.1780365,1.9571330547332764,success
"sender: client3, message: > hello from client3"
11,1773960257.319316,1773960259.246423,1.9271070957183838,success
"sender: client3, message: > hello from client3"
12,1773960264.3334386,1773960266.3188376,1.9853990077972412,success
"sender: client3, message: > hello from client3"
13,1773960271.3943932,1773960273.3948262,2.0004329681396484,success
"sender: client3, message: > hello from client3"
14,1773960278.4924264,1773960280.4599974,1.9675710201263428,success
"sender: client3, message: > hello from client3"
15,1773960285.5608163,1773960287.517155,1.95633864402771,success
"sender: client3, message: > hello from client3"
16,1773960292.6261742,1773960294.587593,1.961418867111206,success
"sender: client3, message: > hello from client3"
17,1773960299.6598415,1773960301.650827,1.99098539352417,success
"sender: client3, message: > hello from client3"
18,1773960306.746988,1773960308.7130787,1.9660906791687012,success
"sender: client3, message: > hello from client3"
19,1773960313.7987468,1773960315.799645,2.0008981227874756,success
"sender: client3, message: > hello from client3"
20,1773960320.894067,1773960322.8665009,1.9724338054656982,success
"sender: client3, message: > hello from client3"
