round,send_time,recv_time,rtt,status
2,1773959895.003757,1773959896.9684663,1.9647092819213867,success
3,1773959902.0768483,1773959904.0292752,1.9524269104003906,success
4,1773959909.2458138,1773959911.0906184,1.8448045253753662,success
"sender: client23, message: > hello from client23"
5,1773959916.1929266,1773959918.1643004,1.9713737964630127,success
"sender: client23, message: > hello from client23"
6,1773959923.2322514,1773959925.2106457,1.9783942699432373,success
"sender: client23, message: > hello from client23"
7,1773959930.3181176,1773959932.2699957,1.9518780708312988,success
"sender: client23, message: > hello from client23"
8,1773959937.3908856,1773959939.3362005,1.945314884185791,success
"sender: client23, message: > hello from client23"
9,1773959944.4362855,1773959946.4019916,1.9657061100006104,success
"sender: client23, message: > hello from client23"
10,1773959951.4851801,1773959953.4579577,1.9727776050567627,success
"sender: client23, message: > hello from client23"
