round,send_time,recv_time,rtt,status
1,1773959738.176758,1773959740.1578803,1.9811222553253174,success
2,1773959745.346657,1773959747.2262285,1.8795714378356934,success
3,1773959752.3499591,1773959754.2819402,1.931981086730957,success
4,1773959759.3779297,1773959761.34003,1.9621002674102783,success
"sender: client14, message: > hello from client14"
5,1773959766.498548,1773959768.4210982,1.9225502014160156,success
"sender: client14, message: > hello from client14"
6,1773959773.5083485,1773959775.5363696,2.0280210971832275,success
"sender: client14, message: > hello from client14"
7,1773959780.612926,1773959782.5831897,1.9702637195587158,success
"sender: client14, message: > hello from client14"
8,1773959787.6879752,1773959789.6472743,1.959299087524414,success
"sender: client14, message: > hello from client14"
9,1773959794.740836,1773959796.751876,2.011040210723877,success
10,1773959801.8380587,1773959803.7861805,1.9481217861175537,success
11,1773959808.8851023,1773959810.8518915,1.9667892456054688,success
