round,send_time,recv_time,rtt,status
1,1773966917.4318006,1773966919.449203,2.017402410507202,success
2,1773966924.6048784,1773966926.5732987,1.9684202671051025,success
3,1773966931.7232137,1773966933.6853702,1.9621565341949463,success
4,1773966938.7803671,1773966940.797593,2.017225980758667,success
"sender: client15, message: > hello from client15"
5,1773966945.896209,1773966947.908966,2.0127570629119873,success
6,1773966952.9758039,1773966955.0472963,2.0714924335479736,success
"sender: client15, message: > hello from client15"
7,1773966960.1595838,1773966962.1649132,2.0053293704986572,success
"sender: client15, message: > hello from client15"
8,1773966967.2740383,1773966969.2794764,2.0054380893707275,success
"sender: client15, message: > hello from client15"
9,1773966974.3828974,1773966976.3981547,2.0152573585510254,success
"sender: client15, message: > hello from client15"
10,1773966981.4750648,1773966983.530179,2.055114269256592,success
"sender: client15, message: > hello from client15"
11,1773966988.6644585,1773966990.6507072,1.9862487316131592,success
"sender: client15, message: > hello from client15"
12,1773966995.732885,1773966997.758201,2.025315999984741,success
"sender: client15, message: > hello from client15"
13,1773967002.8957715,1773967004.8974257,2.0016541481018066,success
"sender: client15, message: > hello from client15"
14,1773967010.0345898,1773967012.0289416,1.994351863861084,success
"sender: client15, message: > hello from client15"
15,1773967017.130652,1773967019.1527073,2.0220553874969482,success
"sender: client15, message: > hello from client15"
16,1773967024.2670355,1773967026.268,2.000964403152466,success
"sender: client15, message: > hello from client15"
17,1773967031.379532,1773967033.397909,2.0183768272399902,success
"sender: client15, message: > hello from client15"
18,1773967038.5548036,1773967040.523615,1.968811273574829,success
"sender: client15, message: > hello from client15"
19,1773967045.62411,1773967047.6240294,1.9999194145202637,success
"sender: client15, message: > hello from client15"
20,1773967052.7111855,1773967054.7597196,2.0485341548919678,success
"sender: client15, message: > hello from client15"
