round,send_time,recv_time,rtt,status
1,1773966917.4731696,1773966919.4489915,1.9758219718933105,success
2,1773966924.6377504,1773966926.5687807,1.9310302734375,success
3,1773966931.733839,1773966933.6859145,1.952075481414795,success
"sender: client17, message: > hello from client17"
4,1773966938.7806108,1773966940.7923176,2.011706829071045,success
"sender: client17, message: > hello from client17"
5,1773966945.9017365,1773966947.9117112,2.009974718093872,success
"sender: client17, message: > hello from client17"
6,1773966952.9957716,1773966955.0492122,2.053440570831299,success
"sender: client17, message: > hello from client17"
7,1773966960.159422,1773966962.1658945,2.006472587585449,success
"sender: client17, message: > hello from client17"
8,1773966967.2705996,1773966969.283336,2.0127363204956055,success
"sender: client17, message: > hello from client17"
9,1773966974.3880858,1773966976.398179,2.0100932121276855,success
"sender: client17, message: > hello from client17"
10,1773966981.4782538,1773966983.5274978,2.049243927001953,success
"sender: client17, message: > hello from client17"
11,1773966988.6594975,1773966990.649121,1.9896235466003418,success
"sender: client17, message: > hello from client17"
12,1773966995.7298088,1773966997.7588246,2.0290157794952393,success
"sender: client17, message: > hello from client17"
13,1773967002.8862493,1773967004.9064703,2.020220994949341,success
"sender: client17, message: > hello from client17"
14,1773967010.0252042,1773967012.02561,2.000405788421631,success
"sender: client17, message: > hello from client17"
15,1773967017.1459303,1773967019.1549432,2.0090129375457764,success
"sender: client17, message: > hello from client17"
16,1773967024.262573,1773967026.2709548,2.0083818435668945,success
"sender: client17, message: > hello from client17"
17,1773967031.3895192,1773967033.4046638,2.0151445865631104,success
"sender: client17, message: > hello from client17"
18,1773967038.5668995,1773967040.526772,1.9598724842071533,success
"sender: client17, message: > hello from client17"
19,1773967045.5995278,1773967047.622398,2.0228700637817383,success
"sender: client17, message: > hello from client17"
20,1773967052.739233,1773967054.7593422,2.020109176635742,success
"sender: client17, message: > hello from client17"
