round,send_time,recv_time,rtt,status
2,1773959745.351525,1773959747.2295854,1.8780603408813477,success
3,1773959752.36523,1773959754.2841496,1.918919563293457,success
4,1773959759.390229,1773959761.3422506,1.952021598815918,success
"sender: client55, message: > hello from client55"
5,1773959766.4582057,1773959768.422713,1.9645073413848877,success
"sender: client55, message: > hello from client55"
6,1773959773.5139747,1773959775.534095,2.02012038230896,success
"sender: client55, message: > hello from client55"
7,1773959780.627853,1773959782.5891874,1.961334466934204,success
"sender: client55, message: > hello from client55"
8,1773959787.6596422,1773959789.6516974,1.9920551776885986,success
"sender: client55, message: > hello from client55"
9,1773959794.7375,1773959796.7494278,2.011927843093872,success
"sender: client55, message: > hello from client55"
10,1773959801.8317392,1773959803.7902498,1.9585106372833252,success
"sender: client55, message: > hello from client55"
11,1773959808.8622434,1773959810.8558872,1.9936437606811523,success
