round,send_time,recv_time,rtt,status
1,1773966917.475723,1773966919.4525402,1.9768171310424805,success
2,1773966924.65331,1773966926.5646553,1.9113452434539795,success
3,1773966931.6572459,1773966933.684546,2.0273001194000244,success
"sender: client10, message: > hello from client10"
4,1773966938.7682824,1773966940.7984433,2.030160903930664,success
"sender: client10, message: > hello from client10"
5,1773966945.9170322,1773966947.9107459,1.993713617324829,success
6,1773966953.02246,1773966955.0505953,2.028135299682617,success
"sender: client10, message: > hello from client10"
7,1773966960.1551807,1773966962.1665483,2.0113675594329834,success
"sender: client10, message: > hello from client10"
8,1773966967.2738667,1773966969.2793663,2.0054996013641357,success
"sender: client10, message: > hello from client10"
9,1773966974.3852403,1773966976.3982038,2.0129635334014893,success
"sender: client10, message: > hello from client10"
10,1773966981.5123794,1773966983.5416644,2.029284954071045,success
11,1773966988.6618319,1773966990.6491818,1.9873499870300293,success
"sender: client10, message: > hello from client10"
12,1773966995.733681,1773966997.7582543,2.02457332611084,success
"sender: client10, message: > hello from client10"
13,1773967002.892931,1773967004.8959491,2.0030181407928467,success
"sender: client10, message: > hello from client10"
14,1773967010.0359142,1773967012.0255785,1.9896643161773682,success
"sender: client10, message: > hello from client10"
15,1773967017.1283872,1773967019.1542954,2.0259082317352295,success
"sender: client10, message: > hello from client10"
16,1773967024.2340903,1773967026.2746034,2.040513038635254,success
"sender: client10, message: > hello from client10"
17,1773967031.3676558,1773967033.4068952,2.0392394065856934,success
18,1773967038.566792,1773967040.5257542,1.9589622020721436,success
"sender: client10, message: > hello from client10"
19,1773967045.6317415,1773967047.6238298,1.9920883178710938,success
"sender: client10, message: > hello from client10"
20,1773967052.7309399,1773967054.758905,2.0279650688171387,success
