round,send_time,recv_time,rtt,status
1,1773966917.4753885,1773966919.4537508,1.9783623218536377,success
2,1773966924.6334758,1773966926.5658715,1.9323956966400146,success
3,1773966931.643042,1773966933.6852853,2.042243242263794,success
4,1773966938.769818,1773966940.7961235,2.0263054370880127,success
"sender: client20, message: > hello from client20"
5,1773966945.9176028,1773966947.9091609,1.9915580749511719,success
"sender: client20, message: > hello from client20"
6,1773966953.0190597,1773966955.0448418,2.0257821083068848,success
"sender: client20, message: > hello from client20"
7,1773966960.1588101,1773966962.1654627,2.006652593612671,success
"sender: client20, message: > hello from client20"
8,1773966967.2678444,1773966969.2825475,2.0147030353546143,success
9,1773966974.3865418,1773966976.4050188,2.018476963043213,success
"sender: client20, message: > hello from client20"
10,1773966981.5090275,1773966983.530387,2.021359443664551,success
"sender: client20, message: > hello from client20"
11,1773966988.6643121,1773966990.651007,1.9866948127746582,success
"sender: client20, message: > hello from client20"
12,1773966995.7241209,1773966997.7635677,2.0394468307495117,success
"sender: client20, message: > hello from client20"
13,1773967002.9023926,1773967004.8930285,1.990635871887207,success
"sender: client20, message: > hello from client20"
14,1773967010.036887,1773967012.0257459,1.988858938217163,success
"sender: client20, message: > hello from client20"
15,1773967017.1406624,1773967019.1544106,2.0137481689453125,success
"sender: client20, message: > hello from client20"
16,1773967024.2574303,1773967026.2681403,2.0107100009918213,success
"sender: client20, message: > hello from client20"
17,1773967031.384823,1773967033.4032557,2.0184326171875,success
18,1773967038.5131001,1773967040.5249858,2.011885643005371,success
"sender: client20, message: > hello from client20"
19,1773967045.6380918,1773967047.622619,1.9845271110534668,success
"sender: client20, message: > hello from client20"
20,1773967052.739115,1773967054.7578099,2.0186948776245117,success
"sender: client20, message: > hello from client20"
