round,send_time,recv_time,rtt,status
2,1773959895.0853705,1773959896.9714482,1.886077642440796,success
3,1773959902.1271768,1773959904.0272098,1.9000329971313477,success
4,1773959909.2647166,1773959911.1019926,1.8372759819030762,success
5,1773959916.1940618,1773959918.1568763,1.9628145694732666,success
"sender: client30, message: > hello from client30"
6,1773959923.2434435,1773959925.2107577,1.9673142433166504,success
"sender: client30, message: > hello from client30"
7,1773959930.295786,1773959932.2662127,1.9704267978668213,success
"sender: client30, message: > hello from client30"
8,1773959937.3588262,1773959939.3358583,1.97703218460083,success
"sender: client30, message: > hello from client30"
9,1773959944.4322727,1773959946.396255,1.963982343673706,success
"sender: client30, message: > hello from client30"
10,1773959951.473134,1773959953.4591813,1.9860472679138184,success
"sender: client30, message: > hello from client30"
