round,send_time,recv_time,rtt,status
1,1773959738.1938605,1773959740.1571834,1.9633228778839111,success
2,1773959745.3202858,1773959747.2288592,1.9085733890533447,success
3,1773959752.3698974,1773959754.2870388,1.9171414375305176,success
4,1773959759.387388,1773959761.3467298,1.9593417644500732,success
5,1773959766.501551,1773959768.406705,1.9051539897918701,success
"sender: client38, message: > hello from client38"
6,1773959773.5210295,1773959775.5443282,2.023298740386963,success
7,1773959780.6064038,1773959782.589246,1.982842206954956,success
"sender: client38, message: > hello from client38"
8,1773959787.689529,1773959789.653158,1.9636290073394775,success
"sender: client38, message: > hello from client38"
9,1773959794.7282338,1773959796.7381845,2.009950637817383,success
10,1773959801.8428876,1773959803.786884,1.9439964294433594,success
"sender: client38, message: > hello from client38"
11,1773959808.8932815,1773959810.852472,1.9591906070709229,success
"sender: client38, message: > hello from client38"
