round,send_time,recv_time,rtt,status
2,1773960193.7044885,1773960195.6316972,1.927208662033081,success
3,1773960200.844802,1773960202.6983612,1.8535592555999756,success
4,1773960207.7783427,1773960209.7500708,1.9717280864715576,success
"sender: client36, message: > hello from client36"
5,1773960214.8613586,1773960216.8533359,1.9919772148132324,success
"sender: client36, message: > hello from client36"
6,1773960221.9589508,1773960223.923446,1.9644951820373535,success
7,1773960229.016218,1773960230.980791,1.9645731449127197,success
"sender: client36, message: > hello from client36"
8,1773960236.0727212,1773960238.0556626,1.9829413890838623,success
"sender: client36, message: > hello from client36"
9,1773960243.1306908,1773960245.1153889,1.9846980571746826,success
"sender: client36, message: > hello from client36"
10,1773960250.2217643,1773960252.184826,1.9630615711212158,success
"sender: client36, message: > hello from client36"
11,1773960257.3098547,1773960259.2525692,1.9427144527435303,success
"sender: client36, message: > hello from client36"
12,1773960264.3418431,1773960266.3149126,1.973069429397583,success
"sender: client36, message: > hello from client36"
13,1773960271.4201472,1773960273.3964772,1.976330041885376,success
"sender: client36, message: > hello from client36"
14,1773960278.4649367,1773960280.4549043,1.9899675846099854,success
"sender: client36, message: > hello from client36"
15,1773960285.5658085,1773960287.517466,1.9516575336456299,success
16,1773960292.6259565,1773960294.5863645,1.9604079723358154,success
17,1773960299.6872473,1773960301.6547348,1.9674875736236572,success
"sender: client36, message: > hello from client36"
18,1773960306.7350621,1773960308.710611,1.9755489826202393,success
"sender: client36, message: > hello from client36"
19,1773960313.8076372,1773960315.8056908,1.9980535507202148,success
"sender: client36, message: > hello from client36"
20,1773960320.9049423,1773960322.865095,1.9601526260375977,success
"sender: client36, message: > hello from client36"
