round,send_time,recv_time,rtt,status
2,1773959895.0871706,1773959896.9682307,1.8810601234436035,success
3,1773959902.1068072,1773959904.0264637,1.91965651512146,success
4,1773959909.1908476,1773959911.0971782,1.9063305854797363,success
"sender: client16, message: > hello from client16"
5,1773959916.19028,1773959918.1578321,1.9675521850585938,success
6,1773959923.258433,1773959925.2118795,1.953446388244629,success
"sender: client16, message: > hello from client16"
7,1773959930.3210952,1773959932.2667515,1.9456562995910645,success
"sender: client16, message: > hello from client16"
8,1773959937.3616931,1773959939.3426516,1.9809584617614746,success
"sender: client16, message: > hello from client16"
9,1773959944.439403,1773959946.3988152,1.9594120979309082,success
"sender: client16, message: > hello from client16"
10,1773959951.4893398,1773959953.4572542,1.967914342880249,success
"sender: client16, message: > hello from client16"
