round,send_time,recv_time,rtt,status
3,1773960200.8085837,1773960202.7024994,1.8939156532287598,success
4,1773960207.837575,1773960209.7830055,1.9454305171966553,success
5,1773960214.8389199,1773960216.853287,2.01436710357666,success
"sender: client68, message: > hello from client68"
6,1773960221.9374485,1773960223.930329,1.9928805828094482,success
"sender: client68, message: > hello from client68"
7,1773960229.013074,1773960230.9810345,1.9679605960845947,success
"sender: client68, message: > hello from client68"
8,1773960236.0806623,1773960238.0464425,1.965780258178711,success
"sender: client68, message: > hello from client68"
9,1773960243.1366773,1773960245.1185584,1.9818811416625977,success
"sender: client68, message: > hello from client68"
10,1773960250.2111447,1773960252.191026,1.9798812866210938,success
"sender: client68, message: > hello from client68"
11,1773960257.311494,1773960259.2491663,1.9376721382141113,success
"sender: client68, message: > hello from client68"
12,1773960264.345633,1773960266.32115,1.9755170345306396,success
"sender: client68, message: > hello from client68"
13,1773960271.4022186,1773960273.3887336,1.9865150451660156,success
"sender: client68, message: > hello from client68"
14,1773960278.4949636,1773960280.4567897,1.9618260860443115,success
"sender: client68, message: > hello from client68"
15,1773960285.5520167,1773960287.5173573,1.9653406143188477,success
"sender: client68, message: > hello from client68"
16,1773960292.6143963,1773960294.5869787,1.9725823402404785,success
"sender: client68, message: > hello from client68"
17,1773960299.6743479,1773960301.654758,1.980410099029541,success
18,1773960306.7532852,1773960308.7128818,1.9595966339111328,success
"sender: client68, message: > hello from client68"
19,1773960313.8001127,1773960315.8025842,2.002471446990967,success
"sender: client68, message: > hello from client68"
20,1773960320.9096954,1773960322.8643064,1.95461106300354,success
"sender: client68, message: > hello from client68"
