round,send_time,recv_time,rtt,status
3,1773960200.8537135,1773960202.7047544,1.8510408401489258,success
4,1773960207.8467193,1773960209.7832503,1.9365310668945312,success
5,1773960214.8608663,1773960216.8553324,1.9944660663604736,success
"sender: client83, message: > hello from client83"
6,1773960221.9548953,1773960223.9227757,1.9678804874420166,success
"sender: client83, message: > hello from client83"
7,1773960228.979202,1773960230.9863412,2.007139205932617,success
8,1773960236.071197,1773960238.0517578,1.9805607795715332,success
"sender: client83, message: > hello from client83"
9,1773960243.1423595,1773960245.116292,1.9739325046539307,success
"sender: client83, message: > hello from client83"
10,1773960250.1895654,1773960252.1907873,2.0012218952178955,success
"sender: client83, message: > hello from client83"
11,1773960257.3248966,1773960259.2497654,1.9248688220977783,success
"sender: client83, message: > hello from client83"
12,1773960264.3332536,1773960266.3185987,1.9853451251983643,success
"sender: client83, message: > hello from client83"
13,1773960271.4121664,1773960273.3895843,1.9774179458618164,success
"sender: client83, message: > hello from client83"
14,1773960278.4830124,1773960280.4630656,1.980053186416626,success
"sender: client83, message: > hello from client83"
15,1773960285.5632942,1773960287.52337,1.960075855255127,success
"sender: client83, message: > hello from client83"
16,1773960292.6260755,1773960294.5873597,1.9612841606140137,success
"sender: client83, message: > hello from client83"
17,1773960299.6821601,1773960301.6577756,1.9756155014038086,success
"sender: client83, message: > hello from client83"
18,1773960306.7412226,1773960308.7189844,1.9777617454528809,success
"sender: client83, message: > hello from client83"
19,1773960313.8136983,1773960315.803024,1.989325761795044,success
"sender: client83, message: > hello from client83"
20,1773960320.9101577,1773960322.865507,1.9553492069244385,success
"sender: client83, message: > hello from client83"
