round,send_time,recv_time,rtt,status
1,1773959738.1944804,1773959740.1560373,1.9615569114685059,success
2,1773959745.347786,1773959747.2321367,1.8843507766723633,success
3,1773959752.382839,1773959754.2844868,1.9016478061676025,success
4,1773959759.3628805,1773959761.3438146,1.9809341430664062,success
5,1773959766.5041134,1773959768.422658,1.9185445308685303,success
"sender: client22, message: > hello from client22"
6,1773959773.5215092,1773959775.5359938,2.0144846439361572,success
"sender: client22, message: > hello from client22"
7,1773959780.6278086,1773959782.5899463,1.9621376991271973,success
"sender: client22, message: > hello from client22"
8,1773959787.673973,1773959789.654866,1.9808928966522217,success
9,1773959794.7524881,1773959796.7307534,1.9782652854919434,success
10,1773959801.8316886,1773959803.788849,1.957160472869873,success
"sender: client22, message: > hello from client22"
11,1773959808.8839428,1773959810.852164,1.9682211875915527,success
"sender: client22, message: > hello from client22"
