round,send_time,recv_time,rtt,status
2,1773959745.334199,1773959747.224303,1.890104055404663,success
3,1773959752.3795233,1773959754.2818325,1.9023091793060303,success
4,1773959759.3892677,1773959761.3440635,1.9547958374023438,success
"sender: client40, message: > hello from client40"
5,1773959766.4866545,1773959768.4224546,1.9358000755310059,success
"sender: client40, message: > hello from client40"
6,1773959773.5121613,1773959775.5400953,2.0279340744018555,success
"sender: client40, message: > hello from client40"
7,1773959780.598454,1773959782.5898404,1.9913864135742188,success
8,1773959787.6875625,1773959789.65185,1.964287519454956,success
"sender: client40, message: > hello from client40"
9,1773959794.7450593,1773959796.7560658,2.0110065937042236,success
10,1773959801.8369503,1773959803.7899485,1.952998161315918,success
11,1773959808.8755786,1773959810.8545885,1.9790098667144775,success
"sender: client40, message: > hello from client40"
