round,send_time,recv_time,rtt,status
2,1773959895.0526602,1773959896.9733071,1.9206469058990479,success
3,1773959902.126299,1773959904.0289302,1.9026312828063965,success
4,1773959909.1832988,1773959911.091461,1.9081621170043945,success
"sender: client81, message: > hello from client81"
5,1773959916.204112,1773959918.1538534,1.9497413635253906,success
6,1773959923.258813,1773959925.2111936,1.952380657196045,success
"sender: client81, message: > hello from client81"
7,1773959930.312159,1773959932.2720416,1.9598824977874756,success
"sender: client81, message: > hello from client81"
8,1773959937.3293545,1773959939.3383324,2.0089778900146484,success
"sender: client81, message: > hello from client81"
9,1773959944.4347842,1773959946.397458,1.9626739025115967,success
"sender: client81, message: > hello from client81"
10,1773959951.4883318,1773959953.4650228,1.9766910076141357,success
"sender: client81, message: > hello from client81"
