round,send_time,recv_time,rtt,status
2,1773959895.0792243,1773959896.9703813,1.8911569118499756,success
3,1773959902.129829,1773959904.0338187,1.9039897918701172,success
4,1773959909.2543592,1773959911.093,1.8386406898498535,success
5,1773959916.1958513,1773959918.1543806,1.9585292339324951,success
"sender: client77, message: > hello from client77"
6,1773959923.259271,1773959925.2113414,1.9520704746246338,success
"sender: client77, message: > hello from client77"
7,1773959930.301304,1773959932.2763627,1.9750585556030273,success
"sender: client77, message: > hello from client77"
8,1773959937.388633,1773959939.3393753,1.950742244720459,success
"sender: client77, message: > hello from client77"
9,1773959944.4267716,1773959946.3973842,1.9706125259399414,success
"sender: client77, message: > hello from client77"
10,1773959951.498643,1773959953.4592438,1.9606008529663086,success
"sender: client77, message: > hello from client77"
