round,send_time,recv_time,rtt,status
2,1773959895.052424,1773959896.971303,1.9188790321350098,success
3,1773959902.1471016,1773959904.0268254,1.8797237873077393,success
4,1773959909.2369206,1773959911.0900939,1.8531732559204102,success
"sender: client21, message: > hello from client21"
5,1773959916.1678782,1773959918.1558733,1.9879951477050781,success
"sender: client21, message: > hello from client21"
6,1773959923.256942,1773959925.2103977,1.9534556865692139,success
"sender: client21, message: > hello from client21"
7,1773959930.3225722,1773959932.2677693,1.9451971054077148,success
"sender: client21, message: > hello from client21"
8,1773959937.3626435,1773959939.3349004,1.9722568988800049,success
"sender: client21, message: > hello from client21"
9,1773959944.4268336,1773959946.3963525,1.9695188999176025,success
"sender: client21, message: > hello from client21"
10,1773959951.4851763,1773959953.4573011,1.9721248149871826,success
"sender: client21, message: > hello from client21"
