round,send_time,recv_time,rtt,status
1,1773966917.474782,1773966919.4517543,1.9769723415374756,success
2,1773966924.6410506,1773966926.5732007,1.93215012550354,success
3,1773966931.7079172,1773966933.686157,1.9782397747039795,success
"sender: client36, message: > hello from client36"
4,1773966938.7675056,1773966940.7983918,2.030886173248291,success
5,1773966945.9168954,1773966947.908942,1.992046594619751,success
"sender: client36, message: > hello from client36"
6,1773966953.0252647,1773966955.0483918,2.0231270790100098,success
"sender: client36, message: > hello from client36"
7,1773966960.1405056,1773966962.1656752,2.025169610977173,success
"sender: client36, message: > hello from client36"
8,1773966967.2697494,1773966969.2807796,2.0110301971435547,success
"sender: client36, message: > hello from client36"
9,1773966974.3795493,1773966976.3985925,2.019043207168579,success
"sender: client36, message: > hello from client36"
10,1773966981.5104125,1773966983.5383415,2.0279290676116943,success
"sender: client36, message: > hello from client36"
11,1773966988.6641214,1773966990.6503248,1.9862034320831299,success
"sender: client36, message: > hello from client36"
12,1773966995.7079527,1773966997.7582908,2.05033802986145,success
"sender: client36, message: > hello from client36"
13,1773967002.878913,1773967004.8948581,2.0159451961517334,success
"sender: client36, message: > hello from client36"
14,1773967010.0286572,1773967012.0259619,1.9973046779632568,success
"sender: client36, message: > hello from client36"
15,1773967017.1458178,1773967019.1534631,2.00764536857605,success
"sender: client36, message: > hello from client36"
16,1773967024.268752,1773967026.267926,1.999173879623413,success
"sender: client36, message: > hello from client36"
17,1773967031.37806,1773967033.4079196,2.0298595428466797,success
"sender: client36, message: > hello from client36"
18,1773967038.549738,1773967040.5275962,1.977858304977417,success
19,1773967045.631885,1773967047.6226883,1.9908032417297363,success
"sender: client36, message: > hello from client36"
20,1773967052.7290394,1773967054.756911,2.027871608734131,success
"sender: client36, message: > hello from client36"
