round,send_time,recv_time,rtt,status
1,1773959738.1854649,1773959740.158113,1.9726481437683105,success
2,1773959745.3281767,1773959747.2210171,1.8928403854370117,success
3,1773959752.287478,1773959754.2891686,2.001690626144409,success
4,1773959759.3782792,1773959761.3397598,1.9614806175231934,success
5,1773959766.4979453,1773959768.4061248,1.908179521560669,success
"sender: client6, message: > hello from client6"
6,1773959773.4925368,1773959775.535742,2.0432052612304688,success
"sender: client6, message: > hello from client6"
7,1773959780.6095808,1773959782.582774,1.9731931686401367,success
8,1773959787.653756,1773959789.6509264,1.9971704483032227,success
"sender: client6, message: > hello from client6"
9,1773959794.7460763,1773959796.7514038,2.0053274631500244,success
10,1773959801.8254838,1773959803.7859087,1.9604249000549316,success
"sender: client6, message: > hello from client6"
11,1773959808.8907833,1773959810.8512044,1.960421085357666,success
"sender: client6, message: > hello from client6"
