round,send_time,recv_time,rtt,status
3,1773960200.7324543,1773960202.704653,1.972198724746704,success
4,1773960207.765781,1773960209.7852874,2.0195064544677734,success
5,1773960214.8419573,1773960216.851076,2.0091185569763184,success
"sender: client73, message: > hello from client73"
6,1773960221.934064,1773960223.921047,1.986983060836792,success
"sender: client73, message: > hello from client73"
7,1773960229.0175827,1773960230.9831562,1.9655735492706299,success
"sender: client73, message: > hello from client73"
8,1773960236.0746074,1773960238.0446815,1.97007417678833,success
"sender: client73, message: > hello from client73"
9,1773960243.1318836,1773960245.1190357,1.987152099609375,success
"sender: client73, message: > hello from client73"
10,1773960250.2215762,1773960252.1947544,1.9731781482696533,success
"sender: client73, message: > hello from client73"
11,1773960257.327217,1773960259.248121,1.9209039211273193,success
"sender: client73, message: > hello from client73"
12,1773960264.330607,1773960266.3196206,1.989013671875,success
"sender: client73, message: > hello from client73"
13,1773960271.421794,1773960273.3939083,1.9721143245697021,success
"sender: client73, message: > hello from client73"
14,1773960278.4930155,1773960280.4644213,1.9714057445526123,success
"sender: client73, message: > hello from client73"
15,1773960285.5297353,1773960287.5234263,1.9936909675598145,success
"sender: client73, message: > hello from client73"
16,1773960292.6235852,1773960294.590888,1.9673027992248535,success
"sender: client73, message: > hello from client73"
17,1773960299.6858842,1773960301.6584835,1.9725992679595947,success
"sender: client73, message: > hello from client73"
18,1773960306.726948,1773960308.720041,1.9930930137634277,success
"sender: client73, message: > hello from client73"
19,1773960313.8106375,1773960315.813329,2.0026915073394775,success
"sender: client73, message: > hello from client73"
20,1773960320.8973365,1773960322.861784,1.9644474983215332,success
"sender: client73, message: > hello from client73"
