round,send_time,recv_time,rtt,status
1,1773966917.4464798,1773966919.451496,2.0050160884857178,success
2,1773966924.6520698,1773966926.566614,1.9145441055297852,success
3,1773966931.720065,1773966933.688296,1.968230962753296,success
4,1773966938.7769768,1773966940.7959778,2.019001007080078,success
"sender: client43, message: > hello from client43"
5,1773966945.9088104,1773966947.9091883,2.000377893447876,success
"sender: client43, message: > hello from client43"
6,1773966953.0248106,1773966955.049475,2.0246644020080566,success
"sender: client43, message: > hello from client43"
7,1773966960.1483068,1773966962.1671834,2.018876552581787,success
"sender: client43, message: > hello from client43"
8,1773966967.2716646,1773966969.2834315,2.0117669105529785,success
"sender: client43, message: > hello from client43"
9,1773966974.3825269,1773966976.403034,2.0205070972442627,success
"sender: client43, message: > hello from client43"
10,1773966981.5107942,1773966983.533036,2.0222418308258057,success
"sender: client43, message: > hello from client43"
11,1773966988.6540086,1773966990.6518075,1.9977989196777344,success
"sender: client43, message: > hello from client43"
12,1773966995.7195714,1773966997.7629328,2.0433614253997803,success
"sender: client43, message: > hello from client43"
13,1773967002.8815002,1773967004.9084542,2.026953935623169,success
"sender: client43, message: > hello from client43"
14,1773967010.0280197,1773967012.0257185,1.9976987838745117,success
15,1773967017.1285694,1773967019.153037,2.024467706680298,success
"sender: client43, message: > hello from client43"
16,1773967024.2669785,1773967026.2730153,2.0060367584228516,success
"sender: client43, message: > hello from client43"
17,1773967031.3885553,1773967033.4059157,2.0173604488372803,success
"sender: client43, message: > hello from client43"
18,1773967038.5607986,1773967040.5302804,1.9694817066192627,success
"sender: client43, message: > hello from client43"
19,1773967045.640838,1773967047.622787,1.9819490909576416,success
"sender: client43, message: > hello from client43"
20,1773967052.7359855,1773967054.7589848,2.0229992866516113,success
"sender: client43, message: > hello from client43"
