round,send_time,recv_time,rtt,status
2,1773966924.6462743,1773966926.5718365,1.9255621433258057,success
3,1773966931.7128737,1773966933.6905136,1.97763991355896,success
4,1773966938.747618,1773966940.7944667,2.046848773956299,success
"sender: client64, message: > hello from client64"
5,1773966945.9129188,1773966947.909581,1.9966621398925781,success
"sender: client64, message: > hello from client64"
6,1773966953.0051336,1773966955.0495822,2.0444486141204834,success
"sender: client64, message: > hello from client64"
7,1773966960.130074,1773966962.1676667,2.037592649459839,success
"sender: client64, message: > hello from client64"
8,1773966967.2601018,1773966969.2824042,2.0223023891448975,success
"sender: client64, message: > hello from client64"
9,1773966974.3830225,1773966976.3988996,2.0158770084381104,success
"sender: client64, message: > hello from client64"
10,1773966981.5033817,1773966983.5372784,2.0338966846466064,success
"sender: client64, message: > hello from client64"
11,1773966988.6580014,1773966990.6550937,1.9970922470092773,success
"sender: client64, message: > hello from client64"
12,1773966995.7388399,1773966997.760199,2.0213592052459717,success
"sender: client64, message: > hello from client64"
13,1773967002.887671,1773967004.8958292,2.0081582069396973,success
"sender: client64, message: > hello from client64"
14,1773967010.0342295,1773967012.031963,1.9977335929870605,success
"sender: client64, message: > hello from client64"
15,1773967017.1372557,1773967019.1577556,2.0204999446868896,success
"sender: client64, message: > hello from client64"
16,1773967024.2650237,1773967026.27328,2.008256196975708,success
"sender: client64, message: > hello from client64"
17,1773967031.3805618,1773967033.4029164,2.0223546028137207,success
"sender: client64, message: > hello from client64"
18,1773967038.568604,1773967040.526577,1.9579730033874512,success
"sender: client64, message: > hello from client64"
19,1773967045.6294222,1773967047.623542,1.9941198825836182,success
20,1773967052.6947486,1773967054.7589574,2.064208745956421,success
"sender: client64, message: > hello from client64"
