round,send_time,recv_time,rtt,status
2,1773966924.6383803,1773966926.566591,1.928210735321045,success
3,1773966931.7162936,1773966933.6883821,1.9720885753631592,success
4,1773966938.7710574,1773966940.7960181,2.02496075630188,success
"sender: client57, message: > hello from client57"
5,1773966945.901312,1773966947.9093676,2.0080554485321045,success
"sender: client57, message: > hello from client57"
6,1773966953.0152597,1773966955.0478828,2.032623052597046,success
"sender: client57, message: > hello from client57"
7,1773966960.1623592,1773966962.167474,2.005114793777466,success
"sender: client57, message: > hello from client57"
8,1773966967.2606702,1773966969.2831063,2.0224361419677734,success
"sender: client57, message: > hello from client57"
9,1773966974.3854113,1773966976.4049802,2.019568920135498,success
"sender: client57, message: > hello from client57"
10,1773966981.5102587,1773966983.5383806,2.0281219482421875,success
"sender: client57, message: > hello from client57"
11,1773966988.6550624,1773966990.654568,1.9995055198669434,success
"sender: client57, message: > hello from client57"
12,1773966995.7319694,1773966997.7586384,2.0266690254211426,success
"sender: client57, message: > hello from client57"
13,1773967002.9048278,1773967004.9086308,2.003803014755249,success
"sender: client57, message: > hello from client57"
14,1773967010.030252,1773967012.0257888,1.9955368041992188,success
"sender: client57, message: > hello from client57"
15,1773967017.1487823,1773967019.1546834,2.0059010982513428,success
"sender: client57, message: > hello from client57"
16,1773967024.2686021,1773967026.2740433,2.005441188812256,success
"sender: client57, message: > hello from client57"
17,1773967031.3820515,1773967033.4124753,2.030423879623413,success
"sender: client57, message: > hello from client57"
18,1773967038.568171,1773967040.5261545,1.9579834938049316,success
"sender: client57, message: > hello from client57"
19,1773967045.6339235,1773967047.6233742,1.9894506931304932,success
"sender: client57, message: > hello from client57"
20,1773967052.7335885,1773967054.7585235,2.024935007095337,success
"sender: client57, message: > hello from client57"
