round,send_time,recv_time,rtt,status
2,1773959745.339918,1773959747.2284048,1.8884868621826172,success
3,1773959752.364186,1773959754.2803767,1.9161906242370605,success
4,1773959759.3787339,1773959761.3435845,1.964850664138794,success
"sender: client59, message: > hello from client59"
5,1773959766.473373,1773959768.4076095,1.9342365264892578,success
6,1773959773.5090053,1773959775.535262,2.026256799697876,success
7,1773959780.6285138,1773959782.5914066,1.962892770767212,success
"sender: client59, message: > hello from client59"
8,1773959787.6873653,1773959789.6515117,1.964146375656128,success
"sender: client59, message: > hello from client59"
9,1773959794.7509933,1773959796.751332,2.0003387928009033,success
"sender: client59, message: > hello from client59"
10,1773959801.8460674,1773959803.7944963,1.9484288692474365,success
"sender: client59, message: > hello from client59"
11,1773959808.89133,1773959810.8576236,1.9662935733795166,success
"sender: client59, message: > hello from client59"
