round,send_time,recv_time,rtt,status
1,1773959887.9328456,1773959889.9914927,2.0586471557617188,success
2,1773959895.0839858,1773959896.9782944,1.8943085670471191,success
3,1773959902.1497283,1773959904.0269868,1.877258539199829,success
4,1773959909.2322767,1773959911.095075,1.8627982139587402,success
5,1773959916.1934934,1773959918.1556985,1.962205171585083,success
"sender: client9, message: > hello from client9"
6,1773959923.2546144,1773959925.215898,1.9612836837768555,success
"sender: client9, message: > hello from client9"
7,1773959930.3155568,1773959932.2733328,1.9577760696411133,success
"sender: client9, message: > hello from client9"
8,1773959937.3673615,1773959939.3355033,1.968141794204712,success
"sender: client9, message: > hello from client9"
9,1773959944.428513,1773959946.3987772,1.970264196395874,success
"sender: client9, message: > hello from client9"
10,1773959951.4911854,1773959953.4615347,1.9703493118286133,success
"sender: client9, message: > hello from client9"
