round,send_time,recv_time,rtt,status
2,1773960193.6743178,1773960195.6285996,1.9542818069458008,success
3,1773960200.8515246,1773960202.7011085,1.8495838642120361,success
4,1773960207.8655472,1773960209.7500958,1.8845486640930176,success
5,1773960214.8166976,1773960216.8480282,2.0313305854797363,success
"sender: client42, message: > hello from client42"
6,1773960221.944648,1773960223.922116,1.9774680137634277,success
"sender: client42, message: > hello from client42"
7,1773960229.015548,1773960230.9841578,1.9686098098754883,success
8,1773960236.059956,1773960238.0488493,1.9888932704925537,success
"sender: client42, message: > hello from client42"
9,1773960243.1313987,1773960245.1156425,1.9842438697814941,success
"sender: client42, message: > hello from client42"
10,1773960250.2227912,1773960252.1829438,1.9601526260375977,success
"sender: client42, message: > hello from client42"
11,1773960257.3135335,1773960259.25056,1.9370265007019043,success
"sender: client42, message: > hello from client42"
12,1773960264.342196,1773960266.3197505,1.9775545597076416,success
"sender: client42, message: > hello from client42"
13,1773960271.417776,1773960273.3904614,1.9726853370666504,success
"sender: client42, message: > hello from client42"
14,1773960278.4616866,1773960280.455766,1.994079351425171,success
"sender: client42, message: > hello from client42"
15,1773960285.5478034,1773960287.518613,1.9708096981048584,success
"sender: client42, message: > hello from client42"
16,1773960292.6010866,1773960294.588806,1.9877192974090576,success
"sender: client42, message: > hello from client42"
17,1773960299.6845615,1773960301.6547031,1.9701416492462158,success
"sender: client42, message: > hello from client42"
18,1773960306.7463322,1773960308.7164981,1.9701659679412842,success
"sender: client42, message: > hello from client42"
19,1773960313.8067122,1773960315.8125927,2.00588059425354,success
"sender: client42, message: > hello from client42"
20,1773960320.9078047,1773960322.8603761,1.9525713920593262,success
"sender: client42, message: > hello from client42"
