round,send_time,recv_time,rtt,status
2,1773959745.3429866,1773959747.2236028,1.8806161880493164,success
3,1773959752.388024,1773959754.2796757,1.8916516304016113,success
4,1773959759.3827212,1773959761.3488538,1.966132640838623,success
5,1773959766.471616,1773959768.4233174,1.9517014026641846,success
"sender: client57, message: > hello from client57"
6,1773959773.5086353,1773959775.5335903,2.0249550342559814,success
7,1773959780.622598,1773959782.5879307,1.9653327465057373,success
"sender: client57, message: > hello from client57"
8,1773959787.687335,1773959789.6495,1.9621648788452148,success
"sender: client57, message: > hello from client57"
9,1773959794.7504084,1773959796.7555616,2.005153179168701,success
"sender: client57, message: > hello from client57"
10,1773959801.8379903,1773959803.7944741,1.9564838409423828,success
11,1773959808.8719065,1773959810.8529239,1.9810173511505127,success
"sender: client57, message: > hello from client57"
