round,send_time,recv_time,rtt,status
1,1773966917.4744213,1773966919.4489052,1.9744839668273926,success
2,1773966924.637668,1773966926.566025,1.9283571243286133,success
3,1773966931.6434753,1773966933.6858573,2.042382001876831,success
4,1773966938.7796593,1773966940.797704,2.0180447101593018,success
"sender: client8, message: > hello from client8"
5,1773966945.915179,1773966947.9092624,1.9940834045410156,success
"sender: client8, message: > hello from client8"
6,1773966953.0254295,1773966955.044197,2.0187675952911377,success
"sender: client8, message: > hello from client8"
7,1773966960.1510816,1773966962.1649652,2.013883590698242,success
"sender: client8, message: > hello from client8"
8,1773966967.2722542,1773966969.2791402,2.0068860054016113,success
"sender: client8, message: > hello from client8"
9,1773966974.3908057,1773966976.4042077,2.013401985168457,success
"sender: client8, message: > hello from client8"
10,1773966981.513488,1773966983.539213,2.0257248878479004,success
"sender: client8, message: > hello from client8"
11,1773966988.6474445,1773966990.6503642,2.0029196739196777,success
"sender: client8, message: > hello from client8"
12,1773966995.7475162,1773966997.758995,2.011478900909424,success
"sender: client8, message: > hello from client8"
13,1773967002.900456,1773967004.8986,1.9981441497802734,success
"sender: client8, message: > hello from client8"
14,1773967010.0144308,1773967012.03471,2.0202791690826416,success
"sender: client8, message: > hello from client8"
15,1773967017.1220405,1773967019.1541817,2.0321412086486816,success
"sender: client8, message: > hello from client8"
16,1773967024.254987,1773967026.272153,2.0171658992767334,success
"sender: client8, message: > hello from client8"
17,1773967031.389213,1773967033.4025767,2.0133635997772217,success
"sender: client8, message: > hello from client8"
18,1773967038.566655,1773967040.5271316,1.9604766368865967,success
"sender: client8, message: > hello from client8"
19,1773967045.6315136,1773967047.6238112,1.992297649383545,success
"sender: client8, message: > hello from client8"
20,1773967052.722885,1773967054.7580595,2.035174608230591,success
"sender: client8, message: > hello from client8"
