round,send_time,recv_time,rtt,status
1,1773966917.4701753,1773966919.4487119,1.978536605834961,success
2,1773966924.6357942,1773966926.5734172,1.9376230239868164,success
3,1773966931.6947966,1773966933.6859674,1.991170883178711,success
"sender: client21, message: > hello from client21"
4,1773966938.7791412,1773966940.79841,2.019268751144409,success
"sender: client21, message: > hello from client21"
5,1773966945.916033,1773966947.9090526,1.9930195808410645,success
"sender: client21, message: > hello from client21"
6,1773966952.9971855,1773966955.0438123,2.0466268062591553,success
"sender: client21, message: > hello from client21"
7,1773966960.116396,1773966962.168001,2.051604986190796,success
"sender: client21, message: > hello from client21"
8,1773966967.2697387,1773966969.2795298,2.009791135787964,success
9,1773966974.3819535,1773966976.398409,2.0164554119110107,success
"sender: client21, message: > hello from client21"
10,1773966981.4996297,1773966983.5326612,2.033031463623047,success
"sender: client21, message: > hello from client21"
11,1773966988.6583822,1773966990.6509633,1.9925811290740967,success
"sender: client21, message: > hello from client21"
12,1773966995.7455528,1773966997.7582738,2.012721061706543,success
"sender: client21, message: > hello from client21"
13,1773967002.8821437,1773967004.9043622,2.0222184658050537,success
"sender: client21, message: > hello from client21"
14,1773967010.0296257,1773967012.0291357,1.9995100498199463,success
"sender: client21, message: > hello from client21"
15,1773967017.1372662,1773967019.1548183,2.017552137374878,success
"sender: client21, message: > hello from client21"
16,1773967024.2494981,1773967026.2690868,2.0195887088775635,success
"sender: client21, message: > hello from client21"
17,1773967031.3746905,1773967033.4111836,2.0364930629730225,success
18,1773967038.531356,1773967040.5250204,1.993664264678955,success
"sender: client21, message: > hello from client21"
19,1773967045.6194687,1773967047.6224236,2.0029549598693848,success
"sender: client21, message: > hello from client21"
20,1773967052.738717,1773967054.7594206,2.0207035541534424,success
"sender: client21, message: > hello from client21"
