round,send_time,recv_time,rtt,status
2,1773960193.6609285,1773960195.6297102,1.9687817096710205,success
3,1773960200.8135629,1773960202.707593,1.8940300941467285,success
4,1773960207.8667245,1773960209.7708616,1.904137134552002,success
5,1773960214.8249903,1773960216.848404,2.02341365814209,success
"sender: client12, message: > hello from client12"
6,1773960221.9394584,1773960223.914268,1.9748096466064453,success
"sender: client12, message: > hello from client12"
7,1773960229.0118394,1773960230.9807239,1.9688844680786133,success
"sender: client12, message: > hello from client12"
8,1773960236.0462503,1773960238.0504866,2.0042362213134766,success
"sender: client12, message: > hello from client12"
9,1773960243.1375751,1773960245.1161306,1.97855544090271,success
"sender: client12, message: > hello from client12"
10,1773960250.213753,1773960252.1788545,1.9651014804840088,success
"sender: client12, message: > hello from client12"
11,1773960257.3224988,1773960259.2488368,1.9263379573822021,success
"sender: client12, message: > hello from client12"
12,1773960264.3193262,1773960266.3147686,1.9954423904418945,success
"sender: client12, message: > hello from client12"
13,1773960271.4047732,1773960273.385761,1.980987787246704,success
"sender: client12, message: > hello from client12"
14,1773960278.4920251,1773960280.465585,1.973559856414795,success
"sender: client12, message: > hello from client12"
15,1773960285.5664387,1773960287.5186353,1.9521965980529785,success
"sender: client12, message: > hello from client12"
16,1773960292.6178308,1773960294.582901,1.9650702476501465,success
"sender: client12, message: > hello from client12"
17,1773960299.6678877,1773960301.6521435,1.9842557907104492,success
"sender: client12, message: > hello from client12"
18,1773960306.7341788,1773960308.7082973,1.9741184711456299,success
"sender: client12, message: > hello from client12"
19,1773960313.7892013,1773960315.8110042,2.0218029022216797,success
"sender: client12, message: > hello from client12"
20,1773960320.9129739,1773960322.860675,1.9477012157440186,success
"sender: client12, message: > hello from client12"
