round,send_time,recv_time,rtt,status
2,1773960193.6946394,1773960195.6327853,1.9381458759307861,success
3,1773960200.8505518,1773960202.7017682,1.8512163162231445,success
4,1773960207.7863646,1773960209.7853305,1.9989659786224365,success
5,1773960214.8411682,1773960216.8511753,2.01000714302063,success
"sender: client52, message: > hello from client52"
6,1773960221.9534564,1773960223.9242733,1.9708168506622314,success
"sender: client52, message: > hello from client52"
7,1773960229.0053742,1773960230.9810858,1.9757115840911865,success
"sender: client52, message: > hello from client52"
8,1773960236.0684721,1773960238.0466218,1.978149652481079,success
"sender: client52, message: > hello from client52"
9,1773960243.136235,1773960245.11596,1.9797248840332031,success
"sender: client52, message: > hello from client52"
10,1773960250.2216427,1773960252.1947362,1.9730935096740723,success
"sender: client52, message: > hello from client52"
11,1773960257.3047187,1773960259.2473106,1.942591905593872,success
"sender: client52, message: > hello from client52"
12,1773960264.339404,1773960266.3199654,1.9805612564086914,success
"sender: client52, message: > hello from client52"
13,1773960271.4145384,1773960273.3905087,1.9759702682495117,success
"sender: client52, message: > hello from client52"
14,1773960278.4767609,1773960280.4574938,1.9807329177856445,success
"sender: client52, message: > hello from client52"
15,1773960285.544029,1773960287.5172174,1.9731884002685547,success
"sender: client52, message: > hello from client52"
16,1773960292.5968728,1773960294.5887418,1.9918689727783203,success
"sender: client52, message: > hello from client52"
17,1773960299.6828616,1773960301.651096,1.9682345390319824,success
18,1773960306.752799,1773960308.7134912,1.9606921672821045,success
"sender: client52, message: > hello from client52"
19,1773960313.8112648,1773960315.8050144,1.9937496185302734,success
"sender: client52, message: > hello from client52"
20,1773960320.913838,1773960322.8610075,1.947169542312622,success
"sender: client52, message: > hello from client52"
