round,send_time,recv_time,rtt,status
3,1773960200.8053095,1773960202.7033305,1.8980209827423096,success
4,1773960207.8311696,1773960209.7864494,1.95527982711792,success
5,1773960214.8418548,1773960216.8549912,2.013136386871338,success
"sender: client74, message: > hello from client74"
6,1773960221.958227,1773960223.922488,1.9642610549926758,success
"sender: client74, message: > hello from client74"
7,1773960228.9990568,1773960230.9856975,1.9866406917572021,success
"sender: client74, message: > hello from client74"
8,1773960236.0763724,1773960238.0446546,1.9682822227478027,success
"sender: client74, message: > hello from client74"
9,1773960243.141698,1773960245.11982,1.9781222343444824,success
"sender: client74, message: > hello from client74"
10,1773960250.2005627,1773960252.1808772,1.9803144931793213,success
"sender: client74, message: > hello from client74"
11,1773960257.3235478,1773960259.2498746,1.9263267517089844,success
"sender: client74, message: > hello from client74"
12,1773960264.3357263,1773960266.3235605,1.9878342151641846,success
"sender: client74, message: > hello from client74"
13,1773960271.4130611,1773960273.3949943,1.9819331169128418,success
"sender: client74, message: > hello from client74"
14,1773960278.492839,1773960280.4557803,1.9629411697387695,success
"sender: client74, message: > hello from client74"
15,1773960285.5537949,1773960287.5222356,1.9684407711029053,success
"sender: client74, message: > hello from client74"
16,1773960292.6045704,1773960294.5885897,1.9840192794799805,success
"sender: client74, message: > hello from client74"
17,1773960299.6813962,1773960301.654831,1.9734346866607666,success
"sender: client74, message: > hello from client74"
18,1773960306.7366307,1773960308.7159665,1.9793357849121094,success
"sender: client74, message: > hello from client74"
19,1773960313.8168426,1773960315.8121703,1.9953277111053467,success
"sender: client74, message: > hello from client74"
20,1773960320.9050968,1773960322.8618743,1.956777572631836,success
"sender: client74, message: > hello from client74"
