round,send_time,recv_time,rtt,status
3,1773960200.856771,1773960202.7070668,1.8502957820892334,success
4,1773960207.8686519,1773960209.7715049,1.902853012084961,success
"sender: client92, message: > hello from client92"
5,1773960214.8244262,1773960216.8523262,2.027899980545044,success
6,1773960221.9436681,1773960223.9210663,1.977398157119751,success
"sender: client92, message: > hello from client92"
7,1773960228.9997046,1773960230.9861708,1.9864661693572998,success
"sender: client92, message: > hello from client92"
8,1773960236.0399644,1773960238.0477993,2.0078349113464355,success
"sender: client92, message: > hello from client92"
9,1773960243.1173716,1773960245.1176462,2.000274658203125,success
"sender: client92, message: > hello from client92"
10,1773960250.188775,1773960252.1940844,2.0053093433380127,success
"sender: client92, message: > hello from client92"
11,1773960257.308488,1773960259.2488666,1.9403786659240723,success
"sender: client92, message: > hello from client92"
12,1773960264.3377285,1773960266.3177984,1.980069875717163,success
"sender: client92, message: > hello from client92"
13,1773960271.4073987,1773960273.3959908,1.9885921478271484,success
"sender: client92, message: > hello from client92"
14,1773960278.4949841,1773960280.4653502,1.9703660011291504,success
"sender: client92, message: > hello from client92"
15,1773960285.559327,1773960287.518482,1.9591550827026367,success
"sender: client92, message: > hello from client92"
16,1773960292.6054883,1773960294.5899177,1.9844293594360352,success
"sender: client92, message: > hello from client92"
17,1773960299.6828902,1773960301.6522427,1.9693524837493896,success
"sender: client92, message: > hello from client92"
18,1773960306.7532692,1773960308.7098308,1.95656156539917,success
"sender: client92, message: > hello from client92"
19,1773960313.7946646,1773960315.80348,2.008815288543701,success
"sender: client92, message: > hello from client92"
20,1773960320.9012,1773960322.8660595,1.9648594856262207,success
"sender: client92, message: > hello from client92"
