round,send_time,recv_time,rtt,status
2,1773966924.6257806,1773966926.5688298,1.9430491924285889,success
3,1773966931.7338367,1773966933.6888688,1.9550321102142334,success
4,1773966938.7765286,1773966940.7957451,2.019216537475586,success
"sender: client50, message: > hello from client50"
5,1773966945.9128902,1773966947.911272,1.9983818531036377,success
"sender: client50, message: > hello from client50"
6,1773966953.0151258,1773966955.0497105,2.0345847606658936,success
"sender: client50, message: > hello from client50"
7,1773966960.1574395,1773966962.1672645,2.0098249912261963,success
"sender: client50, message: > hello from client50"
8,1773966967.2501862,1773966969.2839813,2.033795118331909,success
"sender: client50, message: > hello from client50"
9,1773966974.3819978,1773966976.405004,2.0230062007904053,success
"sender: client50, message: > hello from client50"
10,1773966981.491441,1773966983.5326242,2.0411832332611084,success
"sender: client50, message: > hello from client50"
11,1773966988.6423852,1773966990.6549227,2.0125374794006348,success
"sender: client50, message: > hello from client50"
12,1773966995.7297995,1773966997.7585824,2.028782844543457,success
"sender: client50, message: > hello from client50"
13,1773967002.889469,1773967004.9047608,2.015291929244995,success
"sender: client50, message: > hello from client50"
14,1773967010.0350058,1773967012.031657,1.9966511726379395,success
"sender: client50, message: > hello from client50"
15,1773967017.1492743,1773967019.155206,2.0059316158294678,success
"sender: client50, message: > hello from client50"
16,1773967024.2519212,1773967026.2722998,2.020378589630127,success
"sender: client50, message: > hello from client50"
17,1773967031.385467,1773967033.4054096,2.01994252204895,success
"sender: client50, message: > hello from client50"
18,1773967038.5594234,1773967040.5281172,1.968693733215332,success
"sender: client50, message: > hello from client50"
19,1773967045.6287937,1773967047.6231704,1.9943766593933105,success
"sender: client50, message: > hello from client50"
20,1773967052.7148507,1773967054.7583976,2.0435469150543213,success
"sender: client50, message: > hello from client50"
