round,send_time,recv_time,rtt,status
3,1773960200.8282225,1773960202.703435,1.8752124309539795,success
4,1773960207.8689704,1773960209.7705815,1.901611089706421,success
"sender: client95, message: > hello from client95"
5,1773960214.8585672,1773960216.85076,1.9921927452087402,success
"sender: client95, message: > hello from client95"
6,1773960221.946635,1773960223.9242444,1.977609395980835,success
"sender: client95, message: > hello from client95"
7,1773960229.0184696,1773960230.9827034,1.9642338752746582,success
"sender: client95, message: > hello from client95"
8,1773960236.0367746,1773960238.0410259,2.00425124168396,success
"sender: client95, message: > hello from client95"
9,1773960243.130749,1773960245.119483,1.9887340068817139,success
"sender: client95, message: > hello from client95"
10,1773960250.2045944,1773960252.185872,1.9812777042388916,success
"sender: client95, message: > hello from client95"
11,1773960257.3244202,1773960259.25204,1.9276196956634521,success
"sender: client95, message: > hello from client95"
12,1773960264.310339,1773960266.3203743,2.010035276412964,success
"sender: client95, message: > hello from client95"
13,1773960271.4036014,1773960273.4011178,1.997516393661499,success
"sender: client95, message: > hello from client95"
14,1773960278.4965398,1773960280.4594672,1.9629273414611816,success
"sender: client95, message: > hello from client95"
15,1773960285.554954,1773960287.5186572,1.9637031555175781,success
16,1773960292.6010735,1773960294.5864031,1.9853296279907227,success
"sender: client95, message: > hello from client95"
17,1773960299.6709049,1773960301.654569,1.9836640357971191,success
"sender: client95, message: > hello from client95"
18,1773960306.748426,1773960308.7208984,1.9724724292755127,success
"sender: client95, message: > hello from client95"
19,1773960313.7888079,1773960315.808901,2.0200932025909424,success
"sender: client95, message: > hello from client95"
20,1773960320.8970118,1773960322.865066,1.9680542945861816,success
"sender: client95, message: > hello from client95"
