round,send_time,recv_time,rtt,status
2,1773960193.700663,1773960195.629661,1.9289979934692383,success
3,1773960200.826655,1773960202.7029362,1.8762812614440918,success
4,1773960207.7675414,1773960209.750214,1.9826726913452148,success
5,1773960214.8603382,1773960216.8556476,1.9953093528747559,success
"sender: client65, message: > hello from client65"
6,1773960221.956527,1773960223.9229689,1.9664418697357178,success
7,1773960229.0180395,1773960230.9837086,1.9656691551208496,success
"sender: client65, message: > hello from client65"
8,1773960236.075956,1773960238.0476289,1.971672773361206,success
"sender: client65, message: > hello from client65"
9,1773960243.1418517,1773960245.115907,1.974055290222168,success
"sender: client65, message: > hello from client65"
10,1773960250.2208998,1773960252.1908803,1.9699804782867432,success
"sender: client65, message: > hello from client65"
11,1773960257.3190088,1773960259.2540643,1.9350554943084717,success
"sender: client65, message: > hello from client65"
12,1773960264.3113933,1773960266.3223782,2.0109848976135254,success
"sender: client65, message: > hello from client65"
13,1773960271.4190054,1773960273.3945951,1.9755897521972656,success
"sender: client65, message: > hello from client65"
14,1773960278.4915886,1773960280.456464,1.9648754596710205,success
"sender: client65, message: > hello from client65"
15,1773960285.5644948,1773960287.521612,1.9571170806884766,success
"sender: client65, message: > hello from client65"
16,1773960292.6196866,1773960294.589351,1.9696643352508545,success
"sender: client65, message: > hello from client65"
17,1773960299.67914,1773960301.6529346,1.9737944602966309,success
"sender: client65, message: > hello from client65"
18,1773960306.7460158,1773960308.717257,1.9712412357330322,success
19,1773960313.8168495,1773960315.805252,1.9884026050567627,success
"sender: client65, message: > hello from client65"
20,1773960320.9020567,1773960322.8642888,1.9622321128845215,success
"sender: client65, message: > hello from client65"
