round,send_time,recv_time,rtt,status
2,1773959895.0615106,1773959896.9718351,1.9103245735168457,success
3,1773959902.109105,1773959904.0358217,1.9267165660858154,success
4,1773959909.2043874,1773959911.0973778,1.8929903507232666,success
"sender: client60, message: > hello from client60"
5,1773959916.1932714,1773959918.1650455,1.9717741012573242,success
"sender: client60, message: > hello from client60"
6,1773959923.2237096,1773959925.219404,1.9956943988800049,success
"sender: client60, message: > hello from client60"
7,1773959930.2963724,1773959932.2659864,1.969614028930664,success
8,1773959937.3621683,1773959939.3420732,1.9799048900604248,success
"sender: client60, message: > hello from client60"
9,1773959944.4178708,1773959946.4009051,1.983034372329712,success
"sender: client60, message: > hello from client60"
10,1773959951.5002244,1773959953.4591577,1.9589333534240723,success
"sender: client60, message: > hello from client60"
