round,send_time,recv_time,rtt,status
2,1773960193.6883109,1773960195.6284924,1.9401814937591553,success
3,1773960200.835381,1773960202.698431,1.8630499839782715,success
4,1773960207.8623452,1773960209.7500367,1.8876914978027344,success
5,1773960214.8472514,1773960216.8487995,2.0015480518341064,success
"sender: client20, message: > hello from client20"
6,1773960221.9599886,1773960223.9238415,1.963852882385254,success
"sender: client20, message: > hello from client20"
7,1773960229.0043397,1773960230.982469,1.9781293869018555,success
"sender: client20, message: > hello from client20"
8,1773960236.0622044,1773960238.048925,1.9867205619812012,success
"sender: client20, message: > hello from client20"
9,1773960243.1394684,1773960245.1152606,1.9757921695709229,success
"sender: client20, message: > hello from client20"
10,1773960250.2052615,1773960252.1849606,1.9796991348266602,success
"sender: client20, message: > hello from client20"
11,1773960257.3202615,1773960259.2469535,1.926692008972168,success
"sender: client20, message: > hello from client20"
12,1773960264.315147,1773960266.3150237,1.9998767375946045,success
"sender: client20, message: > hello from client20"
13,1773960271.4206457,1773960273.3935828,1.9729371070861816,success
"sender: client20, message: > hello from client20"
14,1773960278.4945838,1773960280.4559448,1.9613609313964844,success
"sender: client20, message: > hello from client20"
15,1773960285.5351918,1773960287.5284793,1.9932875633239746,success
"sender: client20, message: > hello from client20"
16,1773960292.6227136,1773960294.5856404,1.9629268646240234,success
"sender: client20, message: > hello from client20"
17,1773960299.6873357,1773960301.6507723,1.9634366035461426,success
"sender: client20, message: > hello from client20"
18,1773960306.7527084,1773960308.7164288,1.9637203216552734,success
"sender: client20, message: > hello from client20"
19,1773960313.8139956,1773960315.8027072,1.9887115955352783,success
"sender: client20, message: > hello from client20"
20,1773960320.911113,1773960322.860739,1.9496259689331055,success
"sender: client20, message: > hello from client20"
