round,send_time,recv_time,rtt,status
2,1773959895.0325668,1773959896.966319,1.9337522983551025,success
3,1773959902.147496,1773959904.028475,1.880979061126709,success
4,1773959909.2639594,1773959911.1076598,1.8437004089355469,success
"sender: client25, message: > hello from client25"
5,1773959916.169917,1773959918.158573,1.9886558055877686,success
"sender: client25, message: > hello from client25"
6,1773959923.2540438,1773959925.2106233,1.9565794467926025,success
"sender: client25, message: > hello from client25"
7,1773959930.3209622,1773959932.268197,1.947234869003296,success
"sender: client25, message: > hello from client25"
8,1773959937.3434658,1773959939.3423915,1.9989256858825684,success
"sender: client25, message: > hello from client25"
9,1773959944.4377499,1773959946.4022803,1.9645304679870605,success
"sender: client25, message: > hello from client25"
10,1773959951.4838135,1773959953.4579003,1.9740867614746094,success
"sender: client25, message: > hello from client25"
