round,send_time,recv_time,rtt,status
2,1773966924.6071072,1773966926.5677974,1.9606902599334717,success
3,1773966931.7308714,1773966933.6934185,1.9625470638275146,success
4,1773966938.7743807,1773966940.7975419,2.0231611728668213,success
"sender: client91, message: > hello from client91"
5,1773966945.9146414,1773966947.909921,1.9952795505523682,success
"sender: client91, message: > hello from client91"
6,1773966953.0116928,1773966955.0502956,2.038602828979492,success
"sender: client91, message: > hello from client91"
7,1773966960.1244822,1773966962.1681383,2.04365611076355,success
"sender: client91, message: > hello from client91"
8,1773966967.2622669,1773966969.2835898,2.0213229656219482,success
"sender: client91, message: > hello from client91"
9,1773966974.3795872,1773966976.4046314,2.0250442028045654,success
"sender: client91, message: > hello from client91"
10,1773966981.4940727,1773966983.5374296,2.0433568954467773,success
"sender: client91, message: > hello from client91"
11,1773966988.659631,1773966990.6506486,1.9910175800323486,success
"sender: client91, message: > hello from client91"
12,1773966995.7443056,1773966997.763606,2.0193004608154297,success
"sender: client91, message: > hello from client91"
13,1773967002.9023538,1773967004.9038596,2.0015058517456055,success
"sender: client91, message: > hello from client91"
14,1773967010.027562,1773967012.0311255,2.003563642501831,success
"sender: client91, message: > hello from client91"
15,1773967017.1487913,1773967019.1593957,2.0106043815612793,success
"sender: client91, message: > hello from client91"
16,1773967024.2616026,1773967026.2704613,2.0088586807250977,success
"sender: client91, message: > hello from client91"
17,1773967031.3748384,1773967033.4076385,2.0328001976013184,success
"sender: client91, message: > hello from client91"
18,1773967038.5533679,1773967040.5300932,1.9767253398895264,success
"sender: client91, message: > hello from client91"
19,1773967045.6409087,1773967047.62379,1.9828813076019287,success
"sender: client91, message: > hello from client91"
20,1773967052.7392597,1773967054.759504,2.0202443599700928,success
"sender: client91, message: > hello from client91"
