round,send_time,recv_time,rtt,status
1,1773966917.466627,1773966919.4526732,1.986046314239502,success
2,1773966924.6377425,1773966926.5651252,1.9273827075958252,success
3,1773966931.6749387,1773966933.688575,2.013636350631714,success
"sender: client44, message: > hello from client44"
4,1773966938.7613251,1773966940.7969646,2.035639524459839,success
"sender: client44, message: > hello from client44"
5,1773966945.9228544,1773966947.9093344,1.9864799976348877,success
"sender: client44, message: > hello from client44"
6,1773966953.024428,1773966955.0518684,2.0274405479431152,success
"sender: client44, message: > hello from client44"
7,1773966960.1208475,1773966962.16692,2.046072483062744,success
"sender: client44, message: > hello from client44"
8,1773966967.2605019,1773966969.2816026,2.0211007595062256,success
"sender: client44, message: > hello from client44"
9,1773966974.3827767,1773966976.403104,2.02032732963562,success
"sender: client44, message: > hello from client44"
10,1773966981.5046825,1773966983.5372539,2.032571315765381,success
"sender: client44, message: > hello from client44"
11,1773966988.6599693,1773966990.6546686,1.994699239730835,success
"sender: client44, message: > hello from client44"
12,1773966995.7473023,1773966997.7584968,2.0111944675445557,success
"sender: client44, message: > hello from client44"
13,1773967002.9067736,1773967004.903258,1.9964845180511475,success
"sender: client44, message: > hello from client44"
14,1773967010.0355875,1773967012.0296,1.9940123558044434,success
"sender: client44, message: > hello from client44"
15,1773967017.137877,1773967019.1535323,2.015655279159546,success
"sender: client44, message: > hello from client44"
16,1773967024.2550023,1773967026.2680192,2.013016939163208,success
"sender: client44, message: > hello from client44"
17,1773967031.3890934,1773967033.411364,2.022270679473877,success
"sender: client44, message: > hello from client44"
18,1773967038.5686557,1773967040.5294816,1.9608259201049805,success
"sender: client44, message: > hello from client44"
19,1773967045.6381497,1773967047.626474,1.9883241653442383,success
"sender: client44, message: > hello from client44"
20,1773967052.7124815,1773967054.7549906,2.042509078979492,success
"sender: client44, message: > hello from client44"
