round,send_time,recv_time,rtt,status
2,1773959745.3370113,1773959747.232208,1.8951966762542725,success
3,1773959752.3798802,1773959754.285072,1.9051918983459473,success
4,1773959759.3779254,1773959761.3451748,1.9672493934631348,success
"sender: client48, message: > hello from client48"
5,1773959766.4999511,1773959768.406943,1.906991958618164,success
"sender: client48, message: > hello from client48"
6,1773959773.5008984,1773959775.5602696,2.05937123298645,success
7,1773959780.622171,1773959782.590944,1.9687731266021729,success
"sender: client48, message: > hello from client48"
8,1773959787.6790311,1773959789.6533923,1.9743611812591553,success
9,1773959794.7416632,1773959796.749249,2.0075857639312744,success
"sender: client48, message: > hello from client48"
10,1773959801.8466153,1773959803.787125,1.9405097961425781,success
"sender: client48, message: > hello from client48"
11,1773959808.887587,1773959810.8587708,1.9711837768554688,success
"sender: client48, message: > hello from client48"
