round,send_time,recv_time,rtt,status
2,1773960193.703454,1773960195.6334102,1.9299561977386475,success
3,1773960200.8563244,1773960202.6977453,1.8414208889007568,success
4,1773960207.8648505,1773960209.7831929,1.9183423519134521,success
5,1773960214.8522305,1773960216.8493097,1.9970791339874268,success
"sender: client27, message: > hello from client27"
6,1773960221.9501855,1773960223.9229362,1.9727506637573242,success
7,1773960229.009583,1773960230.9805822,1.9709992408752441,success
"sender: client27, message: > hello from client27"
8,1773960236.0800653,1773960238.0403807,1.960315465927124,success
"sender: client27, message: > hello from client27"
9,1773960243.1385825,1773960245.115308,1.9767255783081055,success
"sender: client27, message: > hello from client27"
10,1773960250.2188678,1773960252.1938307,1.9749629497528076,success
"sender: client27, message: > hello from client27"
11,1773960257.3096733,1773960259.2534435,1.943770170211792,success
"sender: client27, message: > hello from client27"
12,1773960264.3445644,1773960266.3229213,1.9783568382263184,success
"sender: client27, message: > hello from client27"
13,1773960271.407975,1773960273.4006875,1.9927124977111816,success
"sender: client27, message: > hello from client27"
14,1773960278.4812403,1773960280.4552727,1.9740324020385742,success
"sender: client27, message: > hello from client27"
15,1773960285.5508885,1773960287.5201132,1.9692246913909912,success
"sender: client27, message: > hello from client27"
16,1773960292.6172533,1773960294.5882437,1.9709904193878174,success
"sender: client27, message: > hello from client27"
17,1773960299.6687555,1773960301.650812,1.9820563793182373,success
"sender: client27, message: > hello from client27"
18,1773960306.753888,1773960308.7181845,1.964296579360962,success
"sender: client27, message: > hello from client27"
19,1773960313.810313,1773960315.8126109,2.002297878265381,success
"sender: client27, message: > hello from client27"
20,1773960320.8895645,1773960322.860928,1.9713635444641113,success
