round,send_time,recv_time,rtt,status
1,1773960186.5702841,1773960188.688201,2.1179168224334717,success
2,1773960193.699488,1773960195.6325583,1.933070421218872,success
3,1773960200.736838,1773960202.6970901,1.960252046585083,success
4,1773960207.7733238,1773960209.7770002,2.003676414489746,success
5,1773960214.8596988,1773960216.8474197,1.9877209663391113,success
"sender: client1, message: > hello from client1"
6,1773960221.9378278,1773960223.9129205,1.9750926494598389,success
"sender: client1, message: > hello from client1"
7,1773960229.0082574,1773960230.976367,1.9681096076965332,success
"sender: client1, message: > hello from client1"
8,1773960236.0610452,1773960238.0373423,1.97629714012146,success
"sender: client1, message: > hello from client1"
9,1773960243.123914,1773960245.1162622,1.9923481941223145,success
"sender: client1, message: > hello from client1"
10,1773960250.2106614,1773960252.1779506,1.9672892093658447,success
"sender: client1, message: > hello from client1"
11,1773960257.3256204,1773960259.2529247,1.9273042678833008,success
"sender: client1, message: > hello from client1"
12,1773960264.3382304,1773960266.3206325,1.9824020862579346,success
"sender: client1, message: > hello from client1"
13,1773960271.405559,1773960273.3883984,1.9828393459320068,success
"sender: client1, message: > hello from client1"
14,1773960278.472073,1773960280.4601712,1.98809814453125,success
"sender: client1, message: > hello from client1"
15,1773960285.5444021,1773960287.5169785,1.972576379776001,success
"sender: client1, message: > hello from client1"
16,1773960292.6219761,1773960294.5823915,1.9604153633117676,success
"sender: client1, message: > hello from client1"
17,1773960299.6751997,1773960301.6523793,1.9771795272827148,success
"sender: client1, message: > hello from client1"
18,1773960306.7370133,1773960308.7082386,1.9712252616882324,success
"sender: client1, message: > hello from client1"
19,1773960313.810837,1773960315.8002446,1.9894075393676758,success
"sender: client1, message: > hello from client1"
20,1773960320.9025545,1773960322.8604128,1.9578583240509033,success
"sender: client1, message: > hello from client1"
