round,send_time,recv_time,rtt,status
2,1773959745.3376524,1773959747.2224693,1.8848168849945068,success
3,1773959752.3757837,1773959754.2890887,1.9133050441741943,success
4,1773959759.3671584,1773959761.3457649,1.9786064624786377,success
5,1773959766.4791987,1773959768.4236684,1.944469690322876,success
"sender: client62, message: > hello from client62"
6,1773959773.5006416,1773959775.5307353,2.0300936698913574,success
"sender: client62, message: > hello from client62"
7,1773959780.6262598,1773959782.5899036,1.9636437892913818,success
"sender: client62, message: > hello from client62"
8,1773959787.6614797,1773959789.6508408,1.989361047744751,success
"sender: client62, message: > hello from client62"
9,1773959794.7417114,1773959796.7476401,2.0059287548065186,success
"sender: client62, message: > hello from client62"
10,1773959801.8190508,1773959803.792819,1.9737682342529297,success
11,1773959808.89344,1773959810.855346,1.9619059562683105,success
