round,send_time,recv_time,rtt,status
2,1773966924.6045775,1773966926.5663118,1.9617342948913574,success
3,1773966931.654204,1773966933.6903772,2.0361733436584473,success
4,1773966938.7937868,1773966940.7983093,2.0045225620269775,success
"sender: client79, message: > hello from client79"
5,1773966945.9142585,1773966947.9097385,1.9954800605773926,success
"sender: client79, message: > hello from client79"
6,1773966953.011699,1773966955.0517428,2.040043830871582,success
"sender: client79, message: > hello from client79"
7,1773966960.1386395,1773966962.1678193,2.029179811477661,success
"sender: client79, message: > hello from client79"
8,1773966967.2609832,1773966969.280392,2.019408702850342,success
9,1773966974.3723261,1773966976.399131,2.0268049240112305,success
"sender: client79, message: > hello from client79"
10,1773966981.5088077,1773966983.5331476,2.0243399143218994,success
"sender: client79, message: > hello from client79"
11,1773966988.658412,1773966990.6500285,1.9916164875030518,success
"sender: client79, message: > hello from client79"
12,1773966995.745737,1773966997.7643776,2.0186405181884766,success
"sender: client79, message: > hello from client79"
13,1773967002.894494,1773967004.9078567,2.0133626461029053,success
"sender: client79, message: > hello from client79"
14,1773967010.0103183,1773967012.0320704,2.021752119064331,success
"sender: client79, message: > hello from client79"
15,1773967017.1422338,1773967019.1555998,2.0133659839630127,success
"sender: client79, message: > hello from client79"
16,1773967024.2684677,1773967026.2707384,2.0022706985473633,success
"sender: client79, message: > hello from client79"
17,1773967031.3881104,1773967033.4095392,2.0214288234710693,success
"sender: client79, message: > hello from client79"
18,1773967038.5598316,1773967040.5305653,1.970733642578125,success
"sender: client79, message: > hello from client79"
19,1773967045.6321902,1773967047.6236749,1.9914846420288086,success
"sender: client79, message: > hello from client79"
20,1773967052.7028244,1773967054.75786,2.0550355911254883,success
"sender: client79, message: > hello from client79"
