round,send_time,recv_time,rtt,status
2,1773959895.0838203,1773959896.9684157,1.8845953941345215,success
3,1773959902.0988646,1773959904.0291057,1.9302411079406738,success
4,1773959909.2636478,1773959911.0910857,1.8274378776550293,success
"sender: client45, message: > hello from client45"
5,1773959916.1687143,1773959918.1647947,1.9960803985595703,success
"sender: client45, message: > hello from client45"
6,1773959923.2561462,1773959925.2108588,1.9547126293182373,success
"sender: client45, message: > hello from client45"
7,1773959930.3012033,1773959932.2671242,1.9659209251403809,success
"sender: client45, message: > hello from client45"
8,1773959937.3622675,1773959939.3358772,1.9736096858978271,success
"sender: client45, message: > hello from client45"
9,1773959944.427731,1773959946.3975112,1.9697802066802979,success
"sender: client45, message: > hello from client45"
10,1773959951.5012283,1773959953.4582486,1.9570202827453613,success
"sender: client45, message: > hello from client45"
