round,send_time,recv_time,rtt,status
3,1773959902.1335864,1773959904.0303168,1.8967304229736328,success
4,1773959909.2617886,1773959911.093464,1.8316752910614014,success
5,1773959916.1902852,1773959918.1615937,1.9713084697723389,success
"sender: client87, message: > hello from client87"
6,1773959923.253135,1773959925.215247,1.9621119499206543,success
"sender: client87, message: > hello from client87"
7,1773959930.3157883,1773959932.2754602,1.959671974182129,success
"sender: client87, message: > hello from client87"
8,1773959937.3527892,1773959939.3392808,1.9864916801452637,success
"sender: client87, message: > hello from client87"
9,1773959944.4386282,1773959946.4016387,1.963010549545288,success
10,1773959951.4841135,1773959953.4642518,1.9801383018493652,success
"sender: client87, message: > hello from client87"
