round,send_time,recv_time,rtt,status
2,1773959895.0349767,1773959896.973042,1.9380652904510498,success
3,1773959902.150839,1773959904.0271225,1.8762834072113037,success
4,1773959909.220192,1773959911.0907552,1.870563268661499,success
"sender: client26, message: > hello from client26"
5,1773959916.1828396,1773959918.1533325,1.9704928398132324,success
"sender: client26, message: > hello from client26"
6,1773959923.2523234,1773959925.2104301,1.9581067562103271,success
7,1773959930.3176434,1773959932.274392,1.9567484855651855,success
"sender: client26, message: > hello from client26"
8,1773959937.3582475,1773959939.3413472,1.9830996990203857,success
"sender: client26, message: > hello from client26"
9,1773959944.426808,1773959946.4029474,1.9761393070220947,success
"sender: client26, message: > hello from client26"
10,1773959951.4989376,1773959953.4582374,1.9592998027801514,success
"sender: client26, message: > hello from client26"
