round,send_time,recv_time,rtt,status
2,1773959745.3532348,1773959747.2215893,1.8683545589447021,success
3,1773959752.3850207,1773959754.2833967,1.8983759880065918,success
4,1773959759.3852632,1773959761.3464203,1.9611570835113525,success
"sender: client93, message: > hello from client93"
5,1773959766.4969604,1773959768.4226089,1.9256484508514404,success
"sender: client93, message: > hello from client93"
6,1773959773.5049317,1773959775.5464182,2.0414865016937256,success
7,1773959780.629946,1773959782.5872374,1.9572913646697998,success
"sender: client93, message: > hello from client93"
8,1773959787.6700625,1773959789.6493998,1.979337215423584,success
"sender: client93, message: > hello from client93"
9,1773959794.736509,1773959796.7513702,2.0148611068725586,success
10,1773959801.824668,1773959803.7930493,1.968381404876709,success
11,1773959808.8963873,1773959810.8569784,1.9605910778045654,success
