round,send_time,recv_time,rtt,status
2,1773966924.6518352,1773966926.5676134,1.9157781600952148,success
3,1773966931.7100809,1773966933.6923745,1.9822936058044434,success
4,1773966938.7691655,1773966940.7965083,2.0273427963256836,success
"sender: client95, message: > hello from client95"
5,1773966945.911739,1773966947.9116206,1.9998815059661865,success
"sender: client95, message: > hello from client95"
6,1773966953.0206916,1773966955.04753,2.0268383026123047,success
"sender: client95, message: > hello from client95"
7,1773966960.1618373,1773966962.1681533,2.0063159465789795,success
"sender: client95, message: > hello from client95"
8,1773966967.259621,1773966969.280498,2.0208771228790283,success
"sender: client95, message: > hello from client95"
9,1773966974.3795412,1773966976.4044986,2.0249574184417725,success
"sender: client95, message: > hello from client95"
10,1773966981.5024807,1773966983.537722,2.0352413654327393,success
"sender: client95, message: > hello from client95"
11,1773966988.6583095,1773966990.6536279,1.9953184127807617,success
"sender: client95, message: > hello from client95"
12,1773966995.7364514,1773966997.7646542,2.028202772140503,success
"sender: client95, message: > hello from client95"
13,1773967002.887694,1773967004.909277,2.021583080291748,success
"sender: client95, message: > hello from client95"
14,1773967010.0132792,1773967012.030203,2.0169239044189453,success
"sender: client95, message: > hello from client95"
15,1773967017.1452281,1773967019.1579912,2.012763023376465,success
"sender: client95, message: > hello from client95"
16,1773967024.261394,1773967026.2720425,2.010648488998413,success
"sender: client95, message: > hello from client95"
17,1773967031.362023,1773967033.408134,2.0461108684539795,success
"sender: client95, message: > hello from client95"
18,1773967038.5428429,1773967040.5263789,1.9835360050201416,success
"sender: client95, message: > hello from client95"
19,1773967045.6258838,1773967047.6239817,1.9980978965759277,success
"sender: client95, message: > hello from client95"
20,1773967052.7318363,1773967054.7572627,2.0254263877868652,success
"sender: client95, message: > hello from client95"
