round,send_time,recv_time,rtt,status
2,1773966924.6518307,1773966926.5661461,1.9143154621124268,success
3,1773966931.692704,1773966933.6900947,1.9973907470703125,success
"sender: client73, message: > hello from client73"
4,1773966938.780502,1773966940.8080676,2.0275654792785645,success
"sender: client73, message: > hello from client73"
5,1773966945.9082878,1773966947.9097176,2.001429796218872,success
"sender: client73, message: > hello from client73"
6,1773966953.0033395,1773966955.0506258,2.04728627204895,success
"sender: client73, message: > hello from client73"
7,1773966960.149497,1773966962.1679842,2.0184872150421143,success
"sender: client73, message: > hello from client73"
8,1773966967.275534,1773966969.2803037,2.004769802093506,success
"sender: client73, message: > hello from client73"
9,1773966974.364091,1773966976.3990622,2.034971237182617,success
"sender: client73, message: > hello from client73"
10,1773966981.513248,1773966983.536835,2.0235869884490967,success
"sender: client73, message: > hello from client73"
11,1773966988.6639547,1773966990.6538901,1.9899353981018066,success
"sender: client73, message: > hello from client73"
12,1773966995.7484531,1773966997.7613401,2.0128870010375977,success
"sender: client73, message: > hello from client73"
13,1773967002.9070358,1773967004.9047077,1.9976718425750732,success
"sender: client73, message: > hello from client73"
14,1773967010.031317,1773967012.0265236,1.995206594467163,success
"sender: client73, message: > hello from client73"
15,1773967017.148169,1773967019.15627,2.008100986480713,success
"sender: client73, message: > hello from client73"
16,1773967024.2615628,1773967026.2682552,2.006692409515381,success
"sender: client73, message: > hello from client73"
17,1773967031.3913457,1773967033.409436,2.01809024810791,success
"sender: client73, message: > hello from client73"
18,1773967038.5683973,1773967040.5281363,1.9597389698028564,success
"sender: client73, message: > hello from client73"
19,1773967045.6410966,1773967047.6236343,1.9825377464294434,success
"sender: client73, message: > hello from client73"
20,1773967052.7138002,1773967054.7577426,2.043942451477051,success
"sender: client73, message: > hello from client73"
