round,send_time,recv_time,rtt,status
2,1773959895.0281239,1773959896.9668815,1.9387576580047607,success
3,1773959902.1256974,1773959904.0276153,1.9019179344177246,success
4,1773959909.1191413,1773959911.0955627,1.9764213562011719,success
"sender: client49, message: > hello from client49"
5,1773959916.2022614,1773959918.1556637,1.9534022808074951,success
"sender: client49, message: > hello from client49"
6,1773959923.2297611,1773959925.2108915,1.9811303615570068,success
"sender: client49, message: > hello from client49"
7,1773959930.3206027,1773959932.2673056,1.9467029571533203,success
"sender: client49, message: > hello from client49"
8,1773959937.326081,1773959939.33821,2.012129068374634,success
"sender: client49, message: > hello from client49"
9,1773959944.439581,1773959946.3979924,1.958411455154419,success
"sender: client49, message: > hello from client49"
10,1773959951.4623086,1773959953.4649987,2.002690076828003,success
"sender: client49, message: > hello from client49"
