round,send_time,recv_time,rtt,status
2,1773959895.0486789,1773959896.9668176,1.9181387424468994,success
3,1773959902.1361198,1773959904.027701,1.8915810585021973,success
4,1773959909.18619,1773959911.091915,1.9057250022888184,success
"sender: client48, message: > hello from client48"
5,1773959916.1814263,1773959918.165073,1.9836466312408447,success
6,1773959923.2522292,1773959925.2182357,1.9660065174102783,success
"sender: client48, message: > hello from client48"
7,1773959930.3138313,1773959932.27181,1.9579787254333496,success
"sender: client48, message: > hello from client48"
8,1773959937.3511813,1773959939.3387635,1.9875822067260742,success
"sender: client48, message: > hello from client48"
9,1773959944.4368432,1773959946.3980212,1.9611780643463135,success
"sender: client48, message: > hello from client48"
10,1773959951.497962,1773959953.4591188,1.9611568450927734,success
"sender: client48, message: > hello from client48"
