round,send_time,recv_time,rtt,status
2,1773960193.7016075,1773960195.6295698,1.927962303161621,success
3,1773960200.8144667,1773960202.6975615,1.8830947875976562,success
4,1773960207.825554,1773960209.7493973,1.9238433837890625,success
5,1773960214.8487434,1773960216.8487048,1.9999613761901855,success
"sender: client17, message: > hello from client17"
6,1773960221.9453022,1773960223.914146,1.968843698501587,success
7,1773960228.9968228,1773960230.9807107,1.9838879108428955,success
"sender: client17, message: > hello from client17"
8,1773960236.0381753,1773960238.047731,2.0095555782318115,success
"sender: client17, message: > hello from client17"
9,1773960243.1435938,1773960245.117433,1.973839282989502,success
"sender: client17, message: > hello from client17"
10,1773960250.198252,1773960252.183418,1.985166072845459,success
"sender: client17, message: > hello from client17"
11,1773960257.307462,1773960259.2470963,1.9396343231201172,success
12,1773960264.3461804,1773960266.3238692,1.9776887893676758,success
"sender: client17, message: > hello from client17"
13,1773960271.4190266,1773960273.400594,1.9815673828125,success
"sender: client17, message: > hello from client17"
14,1773960278.496549,1773960280.4650335,1.96848464012146,success
"sender: client17, message: > hello from client17"
15,1773960285.5638356,1773960287.5261962,1.9623606204986572,success
"sender: client17, message: > hello from client17"
16,1773960292.5872428,1773960294.5829244,1.9956815242767334,success
"sender: client17, message: > hello from client17"
17,1773960299.6859283,1773960301.6509948,1.9650664329528809,success
"sender: client17, message: > hello from client17"
18,1773960306.7536712,1773960308.7133653,1.9596941471099854,success
"sender: client17, message: > hello from client17"
19,1773960313.8152032,1773960315.8004313,1.9852280616760254,success
"sender: client17, message: > hello from client17"
20,1773960320.896829,1773960322.8646739,1.9678449630737305,success
"sender: client17, message: > hello from client17"
