round,send_time,recv_time,rtt,status
1,1773959887.9394858,1773959889.992352,2.052866220474243,success
2,1773959895.0747905,1773959896.9727492,1.897958755493164,success
3,1773959902.1353717,1773959904.0367355,1.9013638496398926,success
4,1773959909.2310145,1773959911.09978,1.8687655925750732,success
5,1773959916.1839345,1773959918.1591198,1.9751853942871094,success
"sender: client8, message: > hello from client8"
6,1773959923.2555842,1773959925.2104156,1.9548313617706299,success
"sender: client8, message: > hello from client8"
7,1773959930.2861214,1773959932.2674224,1.9813010692596436,success
"sender: client8, message: > hello from client8"
8,1773959937.363041,1773959939.3422527,1.9792118072509766,success
9,1773959944.4337604,1773959946.40363,1.969869613647461,success
"sender: client8, message: > hello from client8"
10,1773959951.4996252,1773959953.4591362,1.9595110416412354,success
"sender: client8, message: > hello from client8"
