round,send_time,recv_time,rtt,status
3,1773959902.1499848,1773959904.028871,1.8788862228393555,success
4,1773959909.2647011,1773959911.1000497,1.8353486061096191,success
5,1773959916.1583037,1773959918.1565077,1.998203992843628,success
"sender: client86, message: > hello from client86"
6,1773959923.2437403,1773959925.2112203,1.967479944229126,success
"sender: client86, message: > hello from client86"
7,1773959930.2969317,1773959932.2730997,1.976167917251587,success
"sender: client86, message: > hello from client86"
8,1773959937.3511734,1773959939.3418152,1.9906418323516846,success
"sender: client86, message: > hello from client86"
9,1773959944.437225,1773959946.401137,1.963912010192871,success
10,1773959951.4964325,1773959953.4612532,1.9648206233978271,success
"sender: client86, message: > hello from client86"
