round,send_time,recv_time,rtt,status
2,1773959895.0589812,1773959896.9669425,1.907961368560791,success
3,1773959902.1493056,1773959904.0277214,1.878415822982788,success
4,1773959909.2564886,1773959911.094752,1.8382635116577148,success
"sender: client52, message: > hello from client52"
5,1773959916.1935353,1773959918.1547759,1.961240530014038,success
6,1773959923.2455053,1773959925.2108724,1.965367078781128,success
"sender: client52, message: > hello from client52"
7,1773959930.3047507,1773959932.2660844,1.9613337516784668,success
"sender: client52, message: > hello from client52"
8,1773959937.3539073,1773959939.34179,1.9878826141357422,success
"sender: client52, message: > hello from client52"
9,1773959944.4223242,1773959946.3981304,1.9758062362670898,success
"sender: client52, message: > hello from client52"
10,1773959951.5019495,1773959953.4583793,1.9564297199249268,success
"sender: client52, message: > hello from client52"
