round,send_time,recv_time,rtt,status
1,1773959738.196475,1773959740.1562734,1.9597983360290527,success
2,1773959745.3405318,1773959747.2208068,1.880275011062622,success
3,1773959752.3862944,1773959754.279707,1.8934125900268555,success
4,1773959759.366023,1773959761.3414435,1.9754204750061035,success
"sender: client18, message: > hello from client18"
5,1773959766.4917965,1773959768.4073822,1.9155857563018799,success
"sender: client18, message: > hello from client18"
6,1773959773.5020657,1773959775.5360832,2.034017562866211,success
"sender: client18, message: > hello from client18"
7,1773959780.6262536,1773959782.591867,1.9656133651733398,success
"sender: client18, message: > hello from client18"
8,1773959787.6921868,1773959789.6474626,1.9552757740020752,success
9,1773959794.722689,1773959796.7337584,2.0110695362091064,success
10,1773959801.8455923,1773959803.786226,1.940633773803711,success
"sender: client18, message: > hello from client18"
11,1773959808.89371,1773959810.8520277,1.958317756652832,success
"sender: client18, message: > hello from client18"
