round,send_time,recv_time,rtt,status
1,1773966917.430129,1773966919.4520776,2.0219485759735107,success
2,1773966924.6286445,1773966926.564832,1.936187505722046,success
3,1773966931.7097876,1773966933.6858273,1.9760396480560303,success
"sender: client9, message: > hello from client9"
4,1773966938.7776272,1773966940.7971756,2.0195484161376953,success
"sender: client9, message: > hello from client9"
5,1773966945.9035459,1773966947.909291,2.0057451725006104,success
"sender: client9, message: > hello from client9"
6,1773966953.0216146,1773966955.0518963,2.0302817821502686,success
"sender: client9, message: > hello from client9"
7,1773966960.1593802,1773966962.166395,2.007014751434326,success
"sender: client9, message: > hello from client9"
8,1773966967.2527964,1773966969.2793922,2.0265958309173584,success
"sender: client9, message: > hello from client9"
9,1773966974.3818982,1773966976.397987,2.0160887241363525,success
"sender: client9, message: > hello from client9"
10,1773966981.5115716,1773966983.532686,2.0211143493652344,success
"sender: client9, message: > hello from client9"
11,1773966988.66443,1773966990.6506884,1.9862585067749023,success
"sender: client9, message: > hello from client9"
12,1773966995.737564,1773966997.7589784,2.021414279937744,success
"sender: client9, message: > hello from client9"
13,1773967002.9007604,1773967004.894587,1.9938266277313232,success
"sender: client9, message: > hello from client9"
14,1773967010.0169842,1773967012.0257745,2.0087902545928955,success
"sender: client9, message: > hello from client9"
15,1773967017.1492996,1773967019.1542711,2.004971504211426,success
"sender: client9, message: > hello from client9"
16,1773967024.2664628,1773967026.2677333,2.0012705326080322,success
"sender: client9, message: > hello from client9"
17,1773967031.37701,1773967033.4019606,2.0249505043029785,success
"sender: client9, message: > hello from client9"
18,1773967038.5399046,1773967040.5295532,1.9896485805511475,success
"sender: client9, message: > hello from client9"
19,1773967045.6408799,1773967047.6237738,1.982893943786621,success
"sender: client9, message: > hello from client9"
20,1773967052.7069507,1773967054.757966,2.0510153770446777,success
"sender: client9, message: > hello from client9"
