round,send_time,recv_time,rtt,status
2,1773966924.602924,1773966926.5732124,1.9702882766723633,success
3,1773966931.6445749,1773966933.6887052,2.044130325317383,success
4,1773966938.7827623,1773966940.79637,2.0136077404022217,success
"sender: client75, message: > hello from client75"
5,1773966945.8985424,1773966947.912821,2.0142786502838135,success
"sender: client75, message: > hello from client75"
6,1773966953.0221696,1773966955.0470376,2.0248680114746094,success
"sender: client75, message: > hello from client75"
7,1773966960.1458964,1773966962.1679175,2.0220210552215576,success
"sender: client75, message: > hello from client75"
8,1773966967.271431,1773966969.2800179,2.008586883544922,success
"sender: client75, message: > hello from client75"
9,1773966974.3836915,1773966976.403474,2.019782543182373,success
"sender: client75, message: > hello from client75"
10,1773966981.5061545,1773966983.538871,2.0327165126800537,success
"sender: client75, message: > hello from client75"
11,1773966988.647243,1773966990.650106,2.0028629302978516,success
"sender: client75, message: > hello from client75"
12,1773966995.7442145,1773966997.7608945,2.0166800022125244,success
"sender: client75, message: > hello from client75"
13,1773967002.877359,1773967004.8987253,2.0213663578033447,success
"sender: client75, message: > hello from client75"
14,1773967010.0337691,1773967012.029525,1.995755910873413,success
"sender: client75, message: > hello from client75"
15,1773967017.137214,1773967019.157898,2.020684003829956,success
"sender: client75, message: > hello from client75"
16,1773967024.2562864,1773967026.2714748,2.015188455581665,success
"sender: client75, message: > hello from client75"
17,1773967031.3877997,1773967033.4096196,2.021819829940796,success
"sender: client75, message: > hello from client75"
18,1773967038.545717,1773967040.5273988,1.9816818237304688,success
"sender: client75, message: > hello from client75"
19,1773967045.6383805,1773967047.6253483,1.9869678020477295,success
"sender: client75, message: > hello from client75"
20,1773967052.7154725,1773967054.757928,2.0424554347991943,success
"sender: client75, message: > hello from client75"
