round,send_time,recv_time,rtt,status
2,1773960193.6538146,1773960195.6307964,1.9769818782806396,success
3,1773960200.8286417,1773960202.701742,1.8731002807617188,success
4,1773960207.8618376,1773960209.7838142,1.9219765663146973,success
5,1773960214.8453565,1773960216.8554199,2.010063409805298,success
"sender: client47, message: > hello from client47"
6,1773960221.9465091,1773960223.9180694,1.9715602397918701,success
"sender: client47, message: > hello from client47"
7,1773960228.995768,1773960230.983929,1.9881608486175537,success
"sender: client47, message: > hello from client47"
8,1773960236.0833354,1773960238.0422397,1.9589042663574219,success
"sender: client47, message: > hello from client47"
9,1773960243.122712,1773960245.1166382,1.9939262866973877,success
"sender: client47, message: > hello from client47"
10,1773960250.2128415,1773960252.17921,1.9663684368133545,success
"sender: client47, message: > hello from client47"
11,1773960257.3205361,1773960259.251548,1.9310119152069092,success
"sender: client47, message: > hello from client47"
12,1773960264.342533,1773960266.322324,1.9797909259796143,success
"sender: client47, message: > hello from client47"
13,1773960271.3977659,1773960273.393865,1.9960992336273193,success
"sender: client47, message: > hello from client47"
14,1773960278.4972565,1773960280.4632459,1.965989351272583,success
"sender: client47, message: > hello from client47"
15,1773960285.564547,1773960287.5203516,1.9558045864105225,success
"sender: client47, message: > hello from client47"
16,1773960292.605995,1773960294.5887828,1.982787847518921,success
"sender: client47, message: > hello from client47"
17,1773960299.682483,1773960301.654641,1.9721579551696777,success
"sender: client47, message: > hello from client47"
18,1773960306.7121897,1773960308.7113194,1.9991297721862793,success
"sender: client47, message: > hello from client47"
19,1773960313.8155937,1773960315.8043852,1.9887914657592773,success
"sender: client47, message: > hello from client47"
20,1773960320.896252,1773960322.865184,1.9689321517944336,success
"sender: client47, message: > hello from client47"
