round,send_time,recv_time,rtt,status
2,1773960193.6875398,1773960195.6314385,1.9438986778259277,success
3,1773960200.818085,1773960202.698493,1.8804080486297607,success
4,1773960207.7740214,1773960209.749495,1.9754736423492432,success
"sender: client19, message: > hello from client19"
5,1773960214.8376496,1773960216.8477466,2.010097026824951,success
"sender: client19, message: > hello from client19"
6,1773960221.929661,1773960223.9138868,1.9842257499694824,success
7,1773960229.013684,1773960230.980682,1.9669978618621826,success
"sender: client19, message: > hello from client19"
8,1773960236.0751555,1773960238.0400953,1.964939832687378,success
"sender: client19, message: > hello from client19"
9,1773960243.1322281,1773960245.1167533,1.984525203704834,success
"sender: client19, message: > hello from client19"
10,1773960250.2078545,1773960252.1788306,1.9709761142730713,success
"sender: client19, message: > hello from client19"
11,1773960257.3112485,1773960259.2469847,1.9357361793518066,success
"sender: client19, message: > hello from client19"
12,1773960264.3163733,1773960266.3190355,2.002662181854248,success
"sender: client19, message: > hello from client19"
13,1773960271.4101663,1773960273.396111,1.9859447479248047,success
"sender: client19, message: > hello from client19"
14,1773960278.4896417,1773960280.4559047,1.9662630558013916,success
"sender: client19, message: > hello from client19"
15,1773960285.533826,1773960287.5171373,1.9833111763000488,success
"sender: client19, message: > hello from client19"
16,1773960292.6193876,1773960294.5854604,1.9660727977752686,success
"sender: client19, message: > hello from client19"
17,1773960299.6748269,1773960301.6585107,1.9836838245391846,success
"sender: client19, message: > hello from client19"
18,1773960306.7329073,1773960308.7095623,1.9766550064086914,success
"sender: client19, message: > hello from client19"
19,1773960313.8158798,1773960315.8003497,1.9844698905944824,success
"sender: client19, message: > hello from client19"
20,1773960320.8756704,1773960322.8656733,1.9900028705596924,success
"sender: client19, message: > hello from client19"
