round,send_time,recv_time,rtt,status
1,1773966917.4294963,1773966919.4489703,2.0194740295410156,success
2,1773966924.6458445,1773966926.5677204,1.9218759536743164,success
3,1773966931.7321973,1773966933.6840885,1.9518911838531494,success
4,1773966938.775551,1773966940.8075285,2.031977415084839,success
"sender: client1, message: > hello from client1"
5,1773966945.9158845,1773966947.9085722,1.992687702178955,success
"sender: client1, message: > hello from client1"
6,1773966953.0061858,1773966955.0435882,2.037402391433716,success
"sender: client1, message: > hello from client1"
7,1773966960.1627007,1773966962.16462,2.0019192695617676,success
"sender: client1, message: > hello from client1"
8,1773966967.2712512,1773966969.2819433,2.0106921195983887,success
"sender: client1, message: > hello from client1"
9,1773966974.3826776,1773966976.3975945,2.0149168968200684,success
"sender: client1, message: > hello from client1"
10,1773966981.51108,1773966983.5261905,2.015110492706299,success
"sender: client1, message: > hello from client1"
11,1773966988.643229,1773966990.648748,2.005518913269043,success
"sender: client1, message: > hello from client1"
12,1773966995.7460046,1773966997.7576356,2.0116310119628906,success
"sender: client1, message: > hello from client1"
13,1773967002.9019642,1773967004.9065218,2.0045576095581055,success
"sender: client1, message: > hello from client1"
14,1773967010.0364947,1773967012.0251992,1.9887044429779053,success
"sender: client1, message: > hello from client1"
15,1773967017.1428034,1773967019.1525402,2.0097367763519287,success
"sender: client1, message: > hello from client1"
16,1773967024.26869,1773967026.2671375,1.9984474182128906,success
"sender: client1, message: > hello from client1"
17,1773967031.39041,1773967033.3974729,2.0070629119873047,success
"sender: client1, message: > hello from client1"
18,1773967038.551837,1773967040.525409,1.973572015762329,success
"sender: client1, message: > hello from client1"
19,1773967045.6333127,1773967047.6227627,1.9894499778747559,success
"sender: client1, message: > hello from client1"
20,1773967052.7290785,1773967054.75446,2.025381565093994,success
"sender: client1, message: > hello from client1"
