round,send_time,recv_time,rtt,status
2,1773960193.683967,1773960195.6287096,1.9447424411773682,success
3,1773960200.8559804,1773960202.69814,1.8421595096588135,success
4,1773960207.8634443,1773960209.7828798,1.9194355010986328,success
5,1773960214.8383384,1773960216.8558471,2.0175087451934814,success
"sender: client35, message: > hello from client35"
6,1773960221.9512572,1773960223.9256926,1.9744353294372559,success
"sender: client35, message: > hello from client35"
7,1773960229.018201,1773960230.9852087,1.9670076370239258,success
"sender: client35, message: > hello from client35"
8,1773960236.04939,1773960238.0414922,1.9921021461486816,success
"sender: client35, message: > hello from client35"
9,1773960243.1380422,1773960245.1179054,1.979863166809082,success
"sender: client35, message: > hello from client35"
10,1773960250.187713,1773960252.1858509,1.9981379508972168,success
"sender: client35, message: > hello from client35"
11,1773960257.2788222,1773960259.2508442,1.9720220565795898,success
"sender: client35, message: > hello from client35"
12,1773960264.3418303,1773960266.3148096,1.9729793071746826,success
"sender: client35, message: > hello from client35"
13,1773960271.4144852,1773960273.393984,1.9794988632202148,success
"sender: client35, message: > hello from client35"
14,1773960278.4966755,1773960280.463438,1.9667625427246094,success
"sender: client35, message: > hello from client35"
15,1773960285.5654638,1773960287.5278172,1.9623534679412842,success
"sender: client35, message: > hello from client35"
16,1773960292.6265109,1773960294.5886333,1.9621224403381348,success
"sender: client35, message: > hello from client35"
17,1773960299.68114,1773960301.651958,1.970818042755127,success
"sender: client35, message: > hello from client35"
18,1773960306.7507207,1773960308.7207863,1.9700655937194824,success
"sender: client35, message: > hello from client35"
19,1773960313.804269,1773960315.8057837,2.0015146732330322,success
"sender: client35, message: > hello from client35"
20,1773960320.913971,1773960322.865712,1.9517409801483154,success
