round,send_time,recv_time,rtt,status
3,1773960200.8139396,1773960202.703293,1.8893535137176514,success
4,1773960207.829496,1773960209.7838786,1.9543826580047607,success
5,1773960214.8287208,1773960216.8546662,2.0259454250335693,success
"sender: client97, message: > hello from client97"
6,1773960221.9615812,1773960223.9173362,1.9557549953460693,success
"sender: client97, message: > hello from client97"
7,1773960229.0082517,1773960230.9855015,1.9772498607635498,success
"sender: client97, message: > hello from client97"
8,1773960236.080867,1773960238.0484521,1.9675850868225098,success
"sender: client97, message: > hello from client97"
9,1773960243.1434257,1773960245.1183295,1.9749038219451904,success
"sender: client97, message: > hello from client97"
10,1773960250.2216136,1773960252.1843033,1.9626896381378174,success
"sender: client97, message: > hello from client97"
11,1773960257.3233705,1773960259.2524338,1.929063320159912,success
"sender: client97, message: > hello from client97"
12,1773960264.3340077,1773960266.3210988,1.987091064453125,success
"sender: client97, message: > hello from client97"
13,1773960271.4207935,1773960273.392179,1.9713854789733887,success
"sender: client97, message: > hello from client97"
14,1773960278.4901907,1773960280.4588757,1.9686849117279053,success
"sender: client97, message: > hello from client97"
15,1773960285.5446494,1773960287.522835,1.9781856536865234,success
"sender: client97, message: > hello from client97"
16,1773960292.6185603,1773960294.5856714,1.9671111106872559,success
"sender: client97, message: > hello from client97"
17,1773960299.6794121,1773960301.6530137,1.9736015796661377,success
"sender: client97, message: > hello from client97"
18,1773960306.7500727,1773960308.713232,1.9631593227386475,success
"sender: client97, message: > hello from client97"
19,1773960313.7922199,1773960315.8088288,2.016608953475952,success
"sender: client97, message: > hello from client97"
20,1773960320.9108148,1773960322.8625026,1.9516878128051758,success
"sender: client97, message: > hello from client97"
