round,send_time,recv_time,rtt,status
1,1773959887.9351926,1773959889.991919,2.0567264556884766,success
2,1773959894.996753,1773959896.967706,1.9709529876708984,success
3,1773959902.138499,1773959904.0271444,1.8886454105377197,success
4,1773959909.264998,1773959911.0913732,1.8263752460479736,success
5,1773959916.1971161,1773959918.1564848,1.9593687057495117,success
"sender: client11, message: > hello from client11"
6,1773959923.2561731,1773959925.2153761,1.9592030048370361,success
"sender: client11, message: > hello from client11"
7,1773959930.317889,1773959932.27299,1.9551010131835938,success
"sender: client11, message: > hello from client11"
8,1773959937.3640919,1773959939.3348541,1.9707622528076172,success
"sender: client11, message: > hello from client11"
9,1773959944.4319308,1773959946.3963072,1.964376449584961,success
"sender: client11, message: > hello from client11"
10,1773959951.4989076,1773959953.4589756,1.9600679874420166,success
"sender: client11, message: > hello from client11"
