round,send_time,recv_time,rtt,status
1,1773959738.170586,1773959740.1753638,2.004777669906616,success
2,1773959745.3307257,1773959747.2231407,1.8924150466918945,success
3,1773959752.388337,1773959754.2798648,1.8915278911590576,success
4,1773959759.372544,1773959761.3485596,1.976015567779541,success
"sender: client9, message: > hello from client9"
5,1773959766.485113,1773959768.4065702,1.921457290649414,success
"sender: client9, message: > hello from client9"
6,1773959773.4900656,1773959775.5356238,2.045558214187622,success
"sender: client9, message: > hello from client9"
7,1773959780.6178417,1773959782.591503,1.973661184310913,success
"sender: client9, message: > hello from client9"
8,1773959787.6884577,1773959789.6467993,1.9583415985107422,success
"sender: client9, message: > hello from client9"
9,1773959794.7526288,1773959796.744276,1.9916472434997559,success
"sender: client9, message: > hello from client9"
10,1773959801.8486388,1773959803.788082,1.9394431114196777,success
"sender: client9, message: > hello from client9"
11,1773959808.881929,1773959810.8530338,1.9711048603057861,success
