round,send_time,recv_time,rtt,status
2,1773966924.652047,1773966926.566549,1.9145021438598633,success
3,1773966931.7159307,1773966933.692409,1.9764783382415771,success
4,1773966938.7791715,1773966940.8080194,2.0288479328155518,success
"sender: client82, message: > hello from client82"
5,1773966945.9146664,1773966947.9098012,1.9951348304748535,success
"sender: client82, message: > hello from client82"
6,1773966953.0224674,1773966955.049524,2.0270566940307617,success
"sender: client82, message: > hello from client82"
7,1773966960.1383505,1773966962.1680725,2.029721975326538,success
"sender: client82, message: > hello from client82"
8,1773966967.2404475,1773966969.283996,2.043548583984375,success
"sender: client82, message: > hello from client82"
9,1773966974.3902328,1773966976.3994038,2.0091710090637207,success
"sender: client82, message: > hello from client82"
10,1773966981.508335,1773966983.537352,2.0290169715881348,success
"sender: client82, message: > hello from client82"
11,1773966988.6577053,1773966990.6521678,1.994462490081787,success
"sender: client82, message: > hello from client82"
12,1773966995.74752,1773966997.7642086,2.016688585281372,success
"sender: client82, message: > hello from client82"
13,1773967002.9073362,1773967004.906275,1.998938798904419,success
"sender: client82, message: > hello from client82"
14,1773967010.0357547,1773967012.0301518,1.9943971633911133,success
"sender: client82, message: > hello from client82"
15,1773967017.1480138,1773967019.1569645,2.008950710296631,success
"sender: client82, message: > hello from client82"
16,1773967024.267603,1773967026.2684283,2.0008254051208496,success
"sender: client82, message: > hello from client82"
17,1773967031.3883135,1773967033.4097018,2.021388292312622,success
"sender: client82, message: > hello from client82"
18,1773967038.545565,1773967040.5275676,1.9820027351379395,success
"sender: client82, message: > hello from client82"
19,1773967045.6135273,1773967047.6261508,2.0126235485076904,success
"sender: client82, message: > hello from client82"
20,1773967052.7277617,1773967054.7583761,2.0306143760681152,success
"sender: client82, message: > hello from client82"
