round,send_time,recv_time,rtt,status
2,1773960193.699173,1773960195.6335778,1.9344048500061035,success
3,1773960200.7948976,1773960202.6978939,1.902996301651001,success
4,1773960207.777436,1773960209.7706847,1.993248701095581,success
"sender: client37, message: > hello from client37"
5,1773960214.844191,1773960216.8580024,2.0138113498687744,success
6,1773960221.9507465,1773960223.923109,1.9723625183105469,success
7,1773960229.0049202,1773960230.9832451,1.9783248901367188,success
"sender: client37, message: > hello from client37"
8,1773960236.0784433,1773960238.0495982,1.9711549282073975,success
"sender: client37, message: > hello from client37"
9,1773960243.1165893,1773960245.1154263,1.9988369941711426,success
"sender: client37, message: > hello from client37"
10,1773960250.211213,1773960252.179115,1.9679019451141357,success
"sender: client37, message: > hello from client37"
11,1773960257.3209527,1773960259.2541513,1.9331986904144287,success
"sender: client37, message: > hello from client37"
12,1773960264.3416927,1773960266.3148875,1.9731948375701904,success
"sender: client37, message: > hello from client37"
13,1773960271.4098737,1773960273.3926997,1.9828259944915771,success
"sender: client37, message: > hello from client37"
14,1773960278.4734297,1773960280.4646173,1.991187572479248,success
"sender: client37, message: > hello from client37"
15,1773960285.567505,1773960287.5207076,1.953202724456787,success
16,1773960292.627616,1773960294.583197,1.9555811882019043,success
"sender: client37, message: > hello from client37"
17,1773960299.6526139,1773960301.6551902,2.0025763511657715,success
"sender: client37, message: > hello from client37"
18,1773960306.7107697,1773960308.7214375,2.0106678009033203,success
"sender: client37, message: > hello from client37"
19,1773960313.8162448,1773960315.8122032,1.9959583282470703,success
"sender: client37, message: > hello from client37"
20,1773960320.9024067,1773960322.8642607,1.9618539810180664,success
"sender: client37, message: > hello from client37"
