round,send_time,recv_time,rtt,status
2,1773959745.3466952,1773959747.2298918,1.8831965923309326,success
3,1773959752.3018885,1773959754.282996,1.981107473373413,success
4,1773959759.3888106,1773959761.3507445,1.9619338512420654,success
"sender: client89, message: > hello from client89"
5,1773959766.4974136,1773959768.4076958,1.9102821350097656,success
6,1773959773.5121899,1773959775.539504,2.0273141860961914,success
"sender: client89, message: > hello from client89"
7,1773959780.630652,1773959782.5903957,1.9597437381744385,success
"sender: client89, message: > hello from client89"
8,1773959787.6891377,1773959789.6488793,1.9597415924072266,success
"sender: client89, message: > hello from client89"
9,1773959794.7318168,1773959796.7497249,2.0179080963134766,success
"sender: client89, message: > hello from client89"
10,1773959801.8512664,1773959803.7906835,1.9394171237945557,success
"sender: client89, message: > hello from client89"
11,1773959808.893089,1773959810.8533192,1.9602301120758057,success
"sender: client89, message: > hello from client89"
