round,send_time,recv_time,rtt,status
2,1773960193.7002041,1773960195.6284528,1.928248643875122,success
3,1773960200.846603,1773960202.697794,1.8511910438537598,success
4,1773960207.8648245,1773960209.7862687,1.9214441776275635,success
"sender: client33, message: > hello from client33"
5,1773960214.8534186,1773960216.8543363,2.000917673110962,success
"sender: client33, message: > hello from client33"
6,1773960221.9395561,1773960223.9239957,1.9844396114349365,success
"sender: client33, message: > hello from client33"
7,1773960229.0125024,1773960230.9807374,1.9682350158691406,success
"sender: client33, message: > hello from client33"
8,1773960236.0787928,1773960238.049657,1.9708642959594727,success
"sender: client33, message: > hello from client33"
9,1773960243.1426759,1773960245.1160538,1.9733779430389404,success
"sender: client33, message: > hello from client33"
10,1773960250.210172,1773960252.1909995,1.9808275699615479,success
"sender: client33, message: > hello from client33"
11,1773960257.3245237,1773960259.254256,1.929732322692871,success
"sender: client33, message: > hello from client33"
12,1773960264.3453732,1773960266.314861,1.9694879055023193,success
"sender: client33, message: > hello from client33"
13,1773960271.409408,1773960273.3938444,1.984436273574829,success
"sender: client33, message: > hello from client33"
14,1773960278.4940016,1773960280.4560578,1.9620561599731445,success
"sender: client33, message: > hello from client33"
15,1773960285.5593464,1773960287.5203266,1.9609801769256592,success
"sender: client33, message: > hello from client33"
16,1773960292.6170008,1773960294.589816,1.9728152751922607,success
"sender: client33, message: > hello from client33"
17,1773960299.6516633,1773960301.6509225,1.9992592334747314,success
"sender: client33, message: > hello from client33"
18,1773960306.749147,1773960308.7208626,1.9717156887054443,success
"sender: client33, message: > hello from client33"
19,1773960313.8064775,1773960315.802959,1.9964814186096191,success
"sender: client33, message: > hello from client33"
20,1773960320.9096534,1773960322.8607678,1.9511144161224365,success
"sender: client33, message: > hello from client33"
