round,send_time,recv_time,rtt,status
2,1773966924.6533678,1773966926.568983,1.9156153202056885,success
3,1773966931.7167335,1773966933.6900308,1.973297357559204,success
"sender: client93, message: > hello from client93"
4,1773966938.7941082,1773966940.7951324,2.0010242462158203,success
"sender: client93, message: > hello from client93"
5,1773966945.9172351,1773966947.9115849,1.994349718093872,success
"sender: client93, message: > hello from client93"
6,1773966953.00304,1773966955.0496795,2.0466394424438477,success
"sender: client93, message: > hello from client93"
7,1773966960.1598992,1773966962.1678007,2.007901430130005,success
"sender: client93, message: > hello from client93"
8,1773966967.2469482,1773966969.2803273,2.033379077911377,success
"sender: client93, message: > hello from client93"
9,1773966974.3908422,1773966976.3999028,2.0090606212615967,success
"sender: client93, message: > hello from client93"
10,1773966981.511669,1773966983.5369232,2.025254249572754,success
"sender: client93, message: > hello from client93"
11,1773966988.652705,1773966990.6501245,1.9974195957183838,success
"sender: client93, message: > hello from client93"
12,1773966995.722271,1773966997.7643127,2.042041778564453,success
"sender: client93, message: > hello from client93"
13,1773967002.893782,1773967004.9083977,2.014615774154663,success
"sender: client93, message: > hello from client93"
14,1773967010.025611,1773967012.02945,2.0038390159606934,success
"sender: client93, message: > hello from client93"
15,1773967017.1452327,1773967019.1576545,2.0124218463897705,success
"sender: client93, message: > hello from client93"
16,1773967024.2564778,1773967026.269651,2.0131731033325195,success
"sender: client93, message: > hello from client93"
17,1773967031.3907413,1773967033.404044,2.0133025646209717,success
"sender: client93, message: > hello from client93"
18,1773967038.5654678,1773967040.5291917,1.96372389793396,success
"sender: client93, message: > hello from client93"
19,1773967045.6330616,1773967047.6250637,1.992002010345459,success
"sender: client93, message: > hello from client93"
20,1773967052.7198644,1773967054.7570274,2.037163019180298,success
"sender: client93, message: > hello from client93"
