round,send_time,recv_time,rtt,status
3,1773960200.836497,1773960202.707691,1.8711938858032227,success
4,1773960207.861022,1773960209.782502,1.9214799404144287,success
5,1773960214.8517773,1773960216.8558161,2.0040388107299805,success
6,1773960221.9577928,1773960223.9209397,1.9631469249725342,success
"sender: client98, message: > hello from client98"
7,1773960228.9918168,1773960230.9840086,1.9921917915344238,success
8,1773960236.0597427,1773960238.04651,1.986767292022705,success
"sender: client98, message: > hello from client98"
9,1773960243.1042414,1773960245.1182945,2.0140531063079834,success
"sender: client98, message: > hello from client98"
10,1773960250.2186947,1773960252.1944053,1.9757106304168701,success
"sender: client98, message: > hello from client98"
11,1773960257.3272462,1773960259.2518845,1.924638271331787,success
"sender: client98, message: > hello from client98"
12,1773960264.329975,1773960266.3179615,1.9879865646362305,success
"sender: client98, message: > hello from client98"
13,1773960271.4136236,1773960273.3909793,1.977355718612671,success
"sender: client98, message: > hello from client98"
14,1773960278.468153,1773960280.4562109,1.9880578517913818,success
"sender: client98, message: > hello from client98"
15,1773960285.5706372,1773960287.5218809,1.9512436389923096,success
"sender: client98, message: > hello from client98"
16,1773960292.601782,1773960294.5879364,1.986154317855835,success
"sender: client98, message: > hello from client98"
17,1773960299.6873655,1773960301.6529126,1.9655470848083496,success
"sender: client98, message: > hello from client98"
18,1773960306.7461784,1773960308.718773,1.9725944995880127,success
"sender: client98, message: > hello from client98"
19,1773960313.8065052,1773960315.8060045,1.9994993209838867,success
"sender: client98, message: > hello from client98"
20,1773960320.9101698,1773960322.8643878,1.9542179107666016,success
"sender: client98, message: > hello from client98"
