round,send_time,recv_time,rtt,status
2,1773959895.0858586,1773959896.9681852,1.882326602935791,success
3,1773959902.1493099,1773959904.0338438,1.8845338821411133,success
4,1773959909.0844991,1773959911.1001563,2.0156571865081787,success
5,1773959916.1822371,1773959918.1558223,1.9735851287841797,success
"sender: client61, message: > hello from client61"
6,1773959923.2398438,1773959925.2109575,1.971113681793213,success
"sender: client61, message: > hello from client61"
7,1773959930.3222113,1773959932.2666402,1.9444289207458496,success
"sender: client61, message: > hello from client61"
8,1773959937.3643806,1773959939.3426292,1.9782485961914062,success
"sender: client61, message: > hello from client61"
9,1773959944.438602,1773959946.4001548,1.9615528583526611,success
"sender: client61, message: > hello from client61"
10,1773959951.498272,1773959953.4581635,1.9598915576934814,success
"sender: client61, message: > hello from client61"
