round,send_time,recv_time,rtt,status
1,1773959738.19614,1773959740.157948,1.9618079662322998,success
2,1773959745.327986,1773959747.2276454,1.8996593952178955,success
3,1773959752.3638902,1773959754.2882996,1.9244093894958496,success
4,1773959759.3702822,1773959761.343703,1.9734208583831787,success
"sender: client10, message: > hello from client10"
5,1773959766.4881682,1773959768.4223378,1.9341695308685303,success
"sender: client10, message: > hello from client10"
6,1773959773.5073645,1773959775.536233,2.0288684368133545,success
"sender: client10, message: > hello from client10"
7,1773959780.6225905,1773959782.5892723,1.966681718826294,success
"sender: client10, message: > hello from client10"
8,1773959787.6898088,1773959789.6487312,1.9589223861694336,success
"sender: client10, message: > hello from client10"
9,1773959794.7453902,1773959796.7460253,2.0006351470947266,success
"sender: client10, message: > hello from client10"
10,1773959801.8508162,1773959803.7880511,1.937234878540039,success
"sender: client10, message: > hello from client10"
11,1773959808.8822894,1773959810.8513634,1.969074010848999,success
