round,send_time,recv_time,rtt,status
3,1773960200.8473685,1773960202.7082305,1.8608620166778564,success
4,1773960207.7556367,1773960209.7857578,2.030121088027954,success
5,1773960214.8469007,1773960216.8492494,2.0023486614227295,success
6,1773960221.9472606,1773960223.9218216,1.9745609760284424,success
"sender: client94, message: > hello from client94"
7,1773960229.0178955,1773960230.9850674,1.9671719074249268,success
"sender: client94, message: > hello from client94"
8,1773960236.0672362,1773960238.048144,1.980907917022705,success
"sender: client94, message: > hello from client94"
9,1773960243.1141636,1773960245.116956,2.0027923583984375,success
"sender: client94, message: > hello from client94"
10,1773960250.2210023,1773960252.186051,1.9650485515594482,success
"sender: client94, message: > hello from client94"
11,1773960257.2879565,1773960259.2507744,1.962817907333374,success
"sender: client94, message: > hello from client94"
12,1773960264.3296678,1773960266.3156695,1.98600172996521,success
"sender: client94, message: > hello from client94"
13,1773960271.4013555,1773960273.3951485,1.99379301071167,success
"sender: client94, message: > hello from client94"
14,1773960278.4827347,1773960280.459293,1.9765582084655762,success
"sender: client94, message: > hello from client94"
15,1773960285.5510256,1773960287.520436,1.9694104194641113,success
16,1773960292.6246011,1773960294.5907195,1.966118335723877,success
"sender: client94, message: > hello from client94"
17,1773960299.6868684,1773960301.6530318,1.9661633968353271,success
"sender: client94, message: > hello from client94"
18,1773960306.7469559,1773960308.709737,1.9627811908721924,success
"sender: client94, message: > hello from client94"
19,1773960313.8131788,1773960315.8033514,1.9901726245880127,success
"sender: client94, message: > hello from client94"
20,1773960320.8974905,1773960322.8664126,1.9689221382141113,success
"sender: client94, message: > hello from client94"
