round,send_time,recv_time,rtt,status
3,1773961493.6510122,1773961495.575217,1.9242048263549805,success
4,1773961500.914214,1773961502.805623,1.891409158706665,success
5,1773961508.392483,1773961510.136798,1.7443149089813232,success
6,1773961515.9772,1773961517.507436,1.530236005783081,success
7,1773961523.525783,1773961524.972165,1.4463820457458496,success
8,1773961531.2374651,1773961532.486163,1.2486977577209473,success
9,1773961538.628512,1773961540.145133,1.5166211128234863,success
10,1773961546.1057322,1773961547.755293,1.6495606899261475,success
11,1773961553.1524649,1773961555.150271,1.9978060722351074,success
12,1773961560.706414,1773961562.643598,1.9371840953826904,success
"sender: client114, message: > hello from client114"
13,1773961568.524346,1773961570.1639822,1.6396360397338867,success
"sender: client114, message: > hello from client114"
14,1773961576.03637,1773961577.70953,1.6731600761413574,success
"sender: client114, message: > hello from client114"
15,1773961583.449078,1773961585.228858,1.7797799110412598,success
"sender: client114, message: > hello from client114"
16,1773961590.865939,1773961592.738107,1.8721680641174316,success
"sender: client114, message: > hello from client114"
17,1773961599.132541,1773961600.267275,1.1347341537475586,success
"sender: client114, message: > hello from client114"
18,1773961605.680722,1773961607.792823,2.1121010780334473,success
"sender: client114, message: > hello from client114"
19,1773961614.0630689,1773961615.288341,1.2252721786499023,success
"sender: client114, message: > hello from client114"
20,1773961620.975486,1773961622.831485,1.8559989929199219,success
"sender: client114, message: > hello from client114"
21,1773961628.45841,1773961630.3300962,1.8716862201690674,success
"sender: client114, message: > hello from client114"
