round,send_time,recv_time,rtt,status
5,1773967825.1480293,1773967826.9570556,1.8090262413024902,success
6,1773967832.4129221,1773967834.25526,1.8423378467559814,success
7,1773967839.8273962,1773967841.5804305,1.7530343532562256,success
8,1773967847.1867802,1773967848.8721468,1.6853666305541992,success
9,1773967854.0865338,1773967856.2435837,2.1570498943328857,success
10,1773967861.5456445,1773967863.5825138,2.0368692874908447,success
"sender: client300, message: > hello from client300"
11,1773967868.953167,1773967870.990248,2.037081003189087,success
12,1773967876.1750972,1773967878.2716587,2.0965614318847656,success
"sender: client300, message: > hello from client300"
13,1773967883.6552732,1773967885.6572495,2.001976251602173,success
"sender: client300, message: > hello from client300"
14,1773967890.9369206,1773967892.9853098,2.048389196395874,success
"sender: client300, message: > hello from client300"
15,1773967898.303725,1773967900.4981136,2.1943886280059814,success
"sender: client300, message: > hello from client300"
16,1773967905.6327848,1773967907.687837,2.0550520420074463,success
"sender: client300, message: > hello from client300"
17,1773967913.0447972,1773967915.0627947,2.0179975032806396,success
18,1773967920.3654306,1773967922.4415326,2.0761020183563232,success
19,1773967927.7581239,1773967929.7679691,2.00984525680542,success
20,1773967935.0150414,1773967937.117768,2.102726697921753,success
"sender: client300, message: > hello from client300"
