round,send_time,recv_time,rtt,status
2,1773961486.3598762,1773961488.387737,2.0278608798980713,success
3,1773961493.5671098,1773961495.562721,1.9956111907958984,success
4,1773961500.994603,1773961502.792712,1.7981090545654297,success
5,1773961508.4299479,1773961510.123014,1.693066120147705,success
6,1773961515.853281,1773961517.4966972,1.643416166305542,success
7,1773961523.522099,1773961524.959166,1.4370670318603516,success
8,1773961531.12831,1773961532.470707,1.3423969745635986,success
9,1773961538.298113,1773961540.144958,1.8468449115753174,success
10,1773961545.628217,1773961547.804845,2.1766281127929688,success
11,1773961553.123134,1773961555.152006,2.028872013092041,success
12,1773961560.742434,1773961562.629149,1.8867149353027344,success
"sender: client50, message: > hello from client50"
13,1773961568.333462,1773961570.1496599,1.8161978721618652,success
"sender: client50, message: > hello from client50"
14,1773961575.5635352,1773961577.717172,2.1536366939544678,success
"sender: client50, message: > hello from client50"
15,1773961583.348969,1773961585.2190661,1.8700971603393555,success
"sender: client50, message: > hello from client50"
16,1773961590.784204,1773961592.7390158,1.9548118114471436,success
"sender: client50, message: > hello from client50"
17,1773961599.1672919,1773961600.25234,1.0850481986999512,success
"sender: client50, message: > hello from client50"
18,1773961605.611727,1773961607.780771,2.169044017791748,success
"sender: client50, message: > hello from client50"
19,1773961613.2745159,1773961615.279779,2.005263090133667,success
"sender: client50, message: > hello from client50"
20,1773961620.896644,1773961622.820375,1.9237308502197266,success
"sender: client50, message: > hello from client50"
21,1773961628.234394,1773961630.314341,2.079946994781494,success
