round,send_time,recv_time,rtt,status
3,1773967810.5843284,1773967812.5367105,1.9523820877075195,success
4,1773967817.816238,1773967819.7224903,1.906252384185791,success
5,1773967825.1751537,1773967826.9531817,1.7780280113220215,success
6,1773967832.4876592,1773967834.2550218,1.7673625946044922,success
7,1773967839.965239,1773967841.5841067,1.6188676357269287,success
8,1773967847.1981063,1773967848.8697774,1.6716711521148682,success
9,1773967854.0812874,1773967856.218878,2.1375906467437744,success
10,1773967861.6601782,1773967863.5929673,1.9327890872955322,success
11,1773967868.9592736,1773967870.9295166,1.970242977142334,success
"sender: client149, message: > hello from client149"
12,1773967876.2103975,1773967878.2617671,2.0513696670532227,success
"sender: client149, message: > hello from client149"
13,1773967883.6260135,1773967885.6599083,2.0338947772979736,success
14,1773967890.9645305,1773967893.0087597,2.04422926902771,success
"sender: client149, message: > hello from client149"
15,1773967898.2943656,1773967900.3456721,2.0513064861297607,success
"sender: client149, message: > hello from client149"
16,1773967905.67246,1773967907.7088394,2.036379337310791,success
17,1773967913.0524824,1773967915.0552082,2.002725839614868,success
18,1773967920.3924026,1773967922.4421918,2.0497891902923584,success
19,1773967927.6848433,1773967929.749668,2.0648245811462402,success
"sender: client149, message: > hello from client149"
20,1773967935.096493,1773967937.1045823,2.008089303970337,success
"sender: client149, message: > hello from client149"
