round,send_time,recv_time,rtt,status
5,1773961508.239361,1773961510.1597881,1.9204270839691162,success
6,1773961515.8529222,1773961517.532654,1.679731845855713,success
7,1773961523.416981,1773961524.9900742,1.5730931758880615,success
8,1773961531.1278021,1773961532.510735,1.3829329013824463,success
9,1773961538.8299708,1773961540.1378329,1.3078620433807373,success
10,1773961546.3134348,1773961547.763093,1.4496581554412842,success
11,1773961553.67743,1773961555.163622,1.486191987991333,success
12,1773961560.933541,1773961562.664238,1.7306969165802002,success
"sender: client218, message: > hello from client218"
13,1773961568.603287,1773961570.181168,1.577881097793579,success
14,1773961575.87296,1773961577.7282019,1.8552417755126953,success
"sender: client218, message: > hello from client218"
15,1773961583.424157,1773961585.2574599,1.8333029747009277,success
"sender: client218, message: > hello from client218"
16,1773961591.1568902,1773961592.755797,1.5989067554473877,success
"sender: client218, message: > hello from client218"
17,1773961599.148161,1773961600.352691,1.2045300006866455,success
"sender: client218, message: > hello from client218"
18,1773961605.773406,1773961607.809432,2.0360260009765625,success
"sender: client218, message: > hello from client218"
19,1773961613.406483,1773961615.315285,1.9088020324707031,success
"sender: client218, message: > hello from client218"
20,1773961621.08143,1773961622.8507252,1.7692952156066895,success
"sender: client218, message: > hello from client218"
21,1773961628.5909061,1773961630.3462012,1.7552950382232666,success
"sender: client218, message: > hello from client218"
