round,send_time,recv_time,rtt,status
7,1773967839.9776444,1773967841.6614757,1.6838312149047852,success
8,1773967847.113694,1773967848.8890471,1.775353193283081,success
9,1773967854.4041018,1773967856.257372,1.8532700538635254,success
"sender: client406, message: > hello from client406"
10,1773967861.5974448,1773967863.5744588,1.9770140647888184,success
"sender: client406, message: > hello from client406"
11,1773967868.9038801,1773967870.9180079,2.014127731323242,success
"sender: client406, message: > hello from client406"
12,1773967876.2219572,1773967878.3305178,2.108560562133789,success
13,1773967883.6052268,1773967885.768873,2.1636462211608887,success
14,1773967890.9502225,1773967892.9878943,2.0376718044281006,success
"sender: client406, message: > hello from client406"
15,1773967898.2723348,1773967900.4973047,2.2249698638916016,success
"sender: client406, message: > hello from client406"
16,1773967905.6327689,1773967907.7191842,2.0864152908325195,success
"sender: client406, message: > hello from client406"
17,1773967913.0587437,1773967915.0792627,2.0205190181732178,success
"sender: client406, message: > hello from client406"
18,1773967920.40569,1773967922.519992,2.114302158355713,success
"sender: client406, message: > hello from client406"
19,1773967927.676154,1773967929.7809875,2.1048336029052734,success
"sender: client406, message: > hello from client406"
20,1773967935.092977,1773967937.3404038,2.247426748275757,success
