round,send_time,recv_time,rtt,status
5,1773961508.346098,1773961510.16355,1.8174519538879395,success
6,1773961515.8253891,1773961517.5363789,1.7109897136688232,success
7,1773961523.4740531,1773961524.997649,1.5235958099365234,success
8,1773961531.095402,1773961532.516054,1.420651912689209,success
9,1773961538.909514,1773961540.1083388,1.1988248825073242,success
10,1773961546.480533,1773961547.805977,1.325444221496582,success
11,1773961553.78143,1773961555.173742,1.3923120498657227,success
12,1773961560.8821352,1773961562.666304,1.7841689586639404,success
"sender: client240, message: > hello from client240"
13,1773961568.222563,1773961570.181324,1.9587609767913818,success
"sender: client240, message: > hello from client240"
14,1773961575.653127,1773961577.765269,2.1121420860290527,success
"sender: client240, message: > hello from client240"
15,1773961583.3060632,1773961585.258141,1.952077865600586,success
16,1773961591.022093,1773961592.7617579,1.7396647930145264,success
17,1773961599.05313,1773961600.3371258,1.2839958667755127,success
"sender: client240, message: > hello from client240"
18,1773961605.839736,1773961607.8111842,1.9714481830596924,success
"sender: client240, message: > hello from client240"
19,1773961613.523055,1773961615.320072,1.7970168590545654,success
"sender: client240, message: > hello from client240"
20,1773961621.0443552,1773961622.851867,1.807511806488037,success
"sender: client240, message: > hello from client240"
21,1773961628.4616761,1773961630.3513632,1.8896870613098145,success
"sender: client240, message: > hello from client240"
