round,send_time,recv_time,rtt,status
8,1773961530.961066,1773961532.603106,1.6420400142669678,success
9,1773961538.655954,1773961540.145729,1.4897751808166504,success
10,1773961545.7174459,1773961547.752741,2.035295248031616,success
11,1773961553.997816,1773961555.187434,1.1896178722381592,success
12,1773961560.880372,1773961562.701409,1.8210370540618896,success
"sender: client393, message: > hello from client393"
13,1773961568.738933,1773961570.2073019,1.4683687686920166,success
"sender: client393, message: > hello from client393"
14,1773961576.1347892,1773961577.7929971,1.658207893371582,success
"sender: client393, message: > hello from client393"
15,1773961583.604218,1773961585.288645,1.68442702293396,success
"sender: client393, message: > hello from client393"
16,1773961590.657513,1773961592.785377,2.127864122390747,success
"sender: client393, message: > hello from client393"
17,1773961598.792835,1773961600.374368,1.5815329551696777,success
"sender: client393, message: > hello from client393"
18,1773961606.2990808,1773961607.834312,1.535231113433838,success
"sender: client393, message: > hello from client393"
19,1773961613.60919,1773961615.3488152,1.7396252155303955,success
"sender: client393, message: > hello from client393"
20,1773961621.131503,1773961622.8801332,1.7486300468444824,success
"sender: client393, message: > hello from client393"
21,1773961628.612312,1773961630.376221,1.763908863067627,success
"sender: client393, message: > hello from client393"
