round,send_time,recv_time,rtt,status
3,1773967810.5722535,1773967812.5389879,1.9667344093322754,success
4,1773967817.8127491,1773967819.7117078,1.898958683013916,success
5,1773967825.1729712,1773967826.9655387,1.792567491531372,success
6,1773967832.392986,1773967834.2468207,1.853834629058838,success
7,1773967839.9010596,1773967841.5852726,1.6842129230499268,success
8,1773967847.0837734,1773967848.9011228,1.8173494338989258,success
9,1773967854.3891828,1773967856.2217808,1.8325979709625244,success
"sender: client168, message: > hello from client168"
10,1773967861.630386,1773967863.5959187,1.9655325412750244,success
11,1773967868.877891,1773967870.928834,2.050942897796631,success
"sender: client168, message: > hello from client168"
12,1773967876.1960025,1773967878.2684572,2.0724546909332275,success
"sender: client168, message: > hello from client168"
13,1773967883.647029,1773967885.661465,2.0144360065460205,success
"sender: client168, message: > hello from client168"
14,1773967890.974831,1773967892.9825265,2.007695436477661,success
"sender: client168, message: > hello from client168"
15,1773967898.2968495,1773967900.3757339,2.0788843631744385,success
"sender: client168, message: > hello from client168"
16,1773967905.6352966,1773967907.6848845,2.0495879650115967,success
17,1773967913.0036871,1773967915.0558186,2.052131414413452,success
"sender: client168, message: > hello from client168"
18,1773967920.4099357,1773967922.4110332,2.0010974407196045,success
"sender: client168, message: > hello from client168"
19,1773967927.7455401,1773967929.7902331,2.0446929931640625,success
20,1773967935.0266128,1773967937.1301072,2.10349440574646,success
"sender: client168, message: > hello from client168"
