round,send_time,recv_time,rtt,status
4,1773961500.992278,1773961502.8232791,1.8310010433197021,success
5,1773961508.270782,1773961510.151299,1.8805170059204102,success
6,1773961515.969057,1773961517.5292768,1.5602197647094727,success
7,1773961523.469375,1773961524.983776,1.5144011974334717,success
8,1773961531.143121,1773961532.505578,1.362457036972046,success
9,1773961538.7727842,1773961540.108753,1.3359687328338623,success
10,1773961546.5008068,1773961547.7698848,1.269078016281128,success
11,1773961553.980315,1773961555.160672,1.1803569793701172,success
12,1773961560.969724,1773961562.6570828,1.6873588562011719,success
13,1773961568.1776562,1773961570.1672041,1.9895479679107666,success
"sender: client178, message: > hello from client178"
14,1773961576.039793,1773961577.720425,1.6806318759918213,success
"sender: client178, message: > hello from client178"
15,1773961583.461049,1773961585.243232,1.7821829319000244,success
16,1773961591.2436218,1773961592.762628,1.5190062522888184,success
"sender: client178, message: > hello from client178"
17,1773961598.94052,1773961600.3695948,1.429074764251709,success
"sender: client178, message: > hello from client178"
18,1773961605.89254,1773961607.8005939,1.9080538749694824,success
"sender: client178, message: > hello from client178"
19,1773961613.406477,1773961615.3029609,1.8964838981628418,success
"sender: client178, message: > hello from client178"
20,1773961621.039656,1773961622.848932,1.8092761039733887,success
"sender: client178, message: > hello from client178"
21,1773961628.799742,1773961630.33508,1.5353379249572754,success
