round,send_time,recv_time,rtt,status
3,1773961493.624335,1773961495.566468,1.9421329498291016,success
4,1773961500.992256,1773961502.7987368,1.806480884552002,success
5,1773961508.321218,1773961510.1292028,1.8079848289489746,success
6,1773961515.814616,1773961517.5005188,1.6859028339385986,success
7,1773961523.5030222,1773961524.964698,1.4616758823394775,success
8,1773961531.263923,1773961532.477077,1.2131540775299072,success
9,1773961538.439756,1773961540.1034508,1.6636948585510254,success
10,1773961545.868133,1773961547.749877,1.8817439079284668,success
11,1773961553.1732721,1773961555.1617742,1.988502025604248,success
12,1773961560.52369,1773961562.6400099,2.1163198947906494,success
"sender: client80, message: > hello from client80"
13,1773961568.299042,1773961570.147885,1.8488430976867676,success
14,1773961575.576549,1773961577.726826,2.1502768993377686,success
"sender: client80, message: > hello from client80"
15,1773961583.162734,1773961585.224428,2.0616939067840576,success
16,1773961590.938484,1773961592.737601,1.799117088317871,success
"sender: client80, message: > hello from client80"
17,1773961599.0612469,1773961600.262802,1.2015550136566162,success
"sender: client80, message: > hello from client80"
18,1773961605.8569002,1773961607.7911959,1.934295654296875,success
"sender: client80, message: > hello from client80"
19,1773961613.538218,1773961615.28477,1.7465519905090332,success
"sender: client80, message: > hello from client80"
20,1773961621.1583118,1773961622.823898,1.665586233139038,success
"sender: client80, message: > hello from client80"
21,1773961628.3911521,1773961630.331346,1.9401938915252686,success
"sender: client80, message: > hello from client80"
