round,send_time,recv_time,rtt,status
3,1773967810.5754616,1773967812.5416672,1.9662055969238281,success
4,1773967817.8364592,1773967819.731388,1.8949289321899414,success
5,1773967825.1710968,1773967826.9841561,1.8130593299865723,success
6,1773967832.371336,1773967834.2523036,1.880967617034912,success
7,1773967839.892189,1773967841.5841565,1.691967487335205,success
8,1773967847.1467028,1773967848.869889,1.7231862545013428,success
9,1773967854.070977,1773967856.250256,2.179279088973999,success
"sender: client179, message: > hello from client179"
10,1773967861.670592,1773967863.5963643,1.9257721900939941,success
11,1773967868.8998146,1773967870.9285076,2.0286929607391357,success
12,1773967876.2205086,1773967878.2625375,2.0420289039611816,success
"sender: client179, message: > hello from client179"
13,1773967883.6226861,1773967885.6544259,2.0317397117614746,success
14,1773967890.972195,1773967892.9824913,2.01029634475708,success
"sender: client179, message: > hello from client179"
15,1773967898.2237928,1773967900.347516,2.123723268508911,success
16,1773967905.649216,1773967907.6848965,2.0356805324554443,success
"sender: client179, message: > hello from client179"
17,1773967913.0255804,1773967915.0881617,2.0625813007354736,success
18,1773967920.4223008,1773967922.412012,1.9897112846374512,success
"sender: client179, message: > hello from client179"
19,1773967927.6609852,1773967929.7916498,2.130664587020874,success
20,1773967935.0960672,1773967937.1368654,2.0407981872558594,success
