round,send_time,recv_time,rtt,status
9,1773961538.1645498,1773961540.128067,1.963517189025879,success
10,1773961545.787603,1773961547.751976,1.9643731117248535,success
11,1773961553.198838,1773961555.199888,2.0010499954223633,success
12,1773961560.60517,1773961562.712587,2.107417106628418,success
13,1773961568.38128,1773961570.222446,1.8411660194396973,success
"sender: client465, message: > hello from client465"
14,1773961575.813514,1773961577.787661,1.974147081375122,success
"sender: client465, message: > hello from client465"
15,1773961583.4776692,1773961585.305226,1.827556848526001,success
"sender: client465, message: > hello from client465"
16,1773961591.342011,1773961592.800847,1.4588360786437988,success
"sender: client465, message: > hello from client465"
17,1773961598.86439,1773961600.340981,1.4765911102294922,success
"sender: client465, message: > hello from client465"
18,1773961606.414904,1773961607.8500228,1.4351186752319336,success
"sender: client465, message: > hello from client465"
19,1773961613.668465,1773961615.444753,1.7762880325317383,success
"sender: client465, message: > hello from client465"
20,1773961621.092823,1773961622.895937,1.8031139373779297,success
21,1773961628.605639,1773961630.391287,1.7856481075286865,success
"sender: client465, message: > hello from client465"
