round,send_time,recv_time,rtt,status
6,1773961515.645207,1773961517.5438879,1.8986809253692627,success
7,1773961523.320878,1773961525.003495,1.682616949081421,success
8,1773961531.055792,1773961532.602201,1.5464088916778564,success
9,1773961538.7251189,1773961540.129591,1.4044721126556396,success
10,1773961545.850382,1773961547.772759,1.9223768711090088,success
11,1773961553.531199,1773961555.166495,1.635296106338501,success
12,1773961560.982965,1773961562.672798,1.6898329257965088,success
13,1773961568.526138,1773961570.186414,1.660275936126709,success
"sender: client277, message: > hello from client277"
14,1773961576.038931,1773961577.735143,1.6962120532989502,success
"sender: client277, message: > hello from client277"
15,1773961583.45936,1773961585.2669828,1.8076229095458984,success
"sender: client277, message: > hello from client277"
16,1773961590.736429,1773961592.7667542,2.030325174331665,success
"sender: client277, message: > hello from client277"
17,1773961599.297481,1773961600.378736,1.0812549591064453,success
"sender: client277, message: > hello from client277"
18,1773961606.136609,1773961607.816193,1.67958402633667,success
19,1773961613.668468,1773961615.3286479,1.660179853439331,success
"sender: client277, message: > hello from client277"
20,1773961621.1869829,1773961622.862916,1.6759331226348877,success
"sender: client277, message: > hello from client277"
21,1773961628.311719,1773961630.354984,2.0432651042938232,success
"sender: client277, message: > hello from client277"
