round,send_time,recv_time,rtt,status
5,1773967825.167564,1773967826.9631333,1.7955694198608398,success
6,1773967832.0707707,1773967834.2452917,2.174520969390869,success
7,1773967839.870057,1773967841.5895693,1.7195122241973877,success
8,1773967847.0812438,1773967848.8726768,1.7914330959320068,success
9,1773967854.1191685,1773967856.2230625,2.103893995285034,success
10,1773967861.664351,1773967863.5668519,1.902500867843628,success
"sender: client322, message: > hello from client322"
11,1773967868.9594998,1773967870.9903097,2.0308098793029785,success
12,1773967876.236385,1773967878.264544,2.0281589031219482,success
"sender: client322, message: > hello from client322"
13,1773967883.5624127,1773967885.666323,2.103910207748413,success
"sender: client322, message: > hello from client322"
14,1773967890.936586,1773967893.0245552,2.0879693031311035,success
"sender: client322, message: > hello from client322"
15,1773967898.3106446,1773967900.3772006,2.066555976867676,success
"sender: client322, message: > hello from client322"
16,1773967905.6218727,1773967907.6884608,2.0665881633758545,success
"sender: client322, message: > hello from client322"
17,1773967913.036569,1773967915.0632408,2.0266716480255127,success
"sender: client322, message: > hello from client322"
18,1773967920.410841,1773967922.4374692,2.026628255844116,success
19,1773967927.721071,1773967929.7526116,2.031540632247925,success
"sender: client322, message: > hello from client322"
20,1773967935.0705872,1773967937.125105,2.0545177459716797,success
"sender: client322, message: > hello from client322"
