round,send_time,recv_time,rtt,status
6,1773961515.8532329,1773961517.541215,1.6879820823669434,success
7,1773961523.339424,1773961525.0034099,1.6639859676361084,success
8,1773961530.900556,1773961532.60205,1.7014939785003662,success
9,1773961538.908607,1773961540.109304,1.2006969451904297,success
10,1773961546.4102578,1773961547.769991,1.3597331047058105,success
11,1773961553.761003,1773961555.169027,1.4080240726470947,success
12,1773961560.880385,1773961562.672359,1.7919740676879883,success
13,1773961568.618933,1773961570.186628,1.567695140838623,success
14,1773961575.687399,1773961577.731568,2.0441691875457764,success
"sender: client261, message: > hello from client261"
15,1773961583.196177,1773961585.261865,2.065687894821167,success
"sender: client261, message: > hello from client261"
16,1773961590.680875,1773961592.767966,2.0870909690856934,success
"sender: client261, message: > hello from client261"
17,1773961598.850475,1773961600.373914,1.5234389305114746,success
"sender: client261, message: > hello from client261"
18,1773961606.268754,1773961607.811497,1.5427429676055908,success
"sender: client261, message: > hello from client261"
19,1773961613.6857479,1773961615.320425,1.6346771717071533,success
"sender: client261, message: > hello from client261"
20,1773961621.040798,1773961622.85637,1.8155720233917236,success
21,1773961628.41813,1773961630.352767,1.9346370697021484,success
"sender: client261, message: > hello from client261"
