round,send_time,recv_time,rtt,status
3,1773961493.631503,1773961495.5753238,1.9438207149505615,success
4,1773961500.9343748,1773961502.8082292,1.873854398727417,success
5,1773961508.338978,1773961510.136728,1.7977499961853027,success
6,1773961515.8944871,1773961517.5075881,1.6131010055541992,success
7,1773961523.5777678,1773961524.9722052,1.394437313079834,success
8,1773961531.106336,1773961532.486687,1.3803508281707764,success
9,1773961538.95661,1773961540.106851,1.1502411365509033,success
10,1773961546.335955,1773961547.804338,1.4683830738067627,success
11,1773961553.762207,1773961555.152611,1.3904039859771729,success
12,1773961560.879484,1773961562.642155,1.7626709938049316,success
"sender: client116, message: > hello from client116"
13,1773961568.579437,1773961570.1531892,1.5737521648406982,success
14,1773961575.754188,1773961577.7299142,1.9757261276245117,success
15,1773961583.407514,1773961585.228993,1.8214788436889648,success
"sender: client116, message: > hello from client116"
16,1773961591.2330182,1773961592.753438,1.5204198360443115,success
"sender: client116, message: > hello from client116"
17,1773961598.795687,1773961600.269452,1.4737651348114014,success
18,1773961605.892527,1773961607.7936609,1.9011337757110596,success
19,1773961614.050272,1773961615.29103,1.240757942199707,success
"sender: client116, message: > hello from client116"
20,1773961620.792274,1773961622.831661,2.0393869876861572,success
"sender: client116, message: > hello from client116"
21,1773961628.4945111,1773961630.331007,1.8364958763122559,success
"sender: client116, message: > hello from client116"
