round,send_time,recv_time,rtt,status
2,1773961486.369733,1773961488.387653,2.0179200172424316,success
3,1773961493.575705,1773961495.5627,1.986994981765747,success
4,1773961500.968898,1773961502.790679,1.8217809200286865,success
5,1773961508.394022,1773961510.121189,1.7271671295166016,success
6,1773961515.919539,1773961517.49673,1.5771911144256592,success
7,1773961523.279379,1773961524.958967,1.6795880794525146,success
8,1773961531.204362,1773961532.470746,1.2663841247558594,success
9,1773961538.248339,1773961540.1300611,1.8817222118377686,success
10,1773961545.853037,1773961547.8043892,1.9513521194458008,success
11,1773961553.3253162,1773961555.1675289,1.8422126770019531,success
12,1773961560.692487,1773961562.629118,1.9366309642791748,success
"sender: client51, message: > hello from client51"
13,1773961568.240504,1773961570.152363,1.9118590354919434,success
"sender: client51, message: > hello from client51"
14,1773961575.6203609,1773961577.700991,2.08063006401062,success
"sender: client51, message: > hello from client51"
15,1773961583.277138,1773961585.219902,1.9427640438079834,success
"sender: client51, message: > hello from client51"
16,1773961590.790832,1773961592.741895,1.9510629177093506,success
"sender: client51, message: > hello from client51"
17,1773961599.139698,1773961600.251877,1.1121790409088135,success
"sender: client51, message: > hello from client51"
18,1773961605.839792,1773961607.780679,1.9408869743347168,success
"sender: client51, message: > hello from client51"
19,1773961613.2867148,1773961615.280787,1.9940721988677979,success
"sender: client51, message: > hello from client51"
20,1773961620.8021162,1773961622.826907,2.0247907638549805,success
"sender: client51, message: > hello from client51"
21,1773961628.342664,1773961630.314068,1.9714040756225586,success
