round,send_time,recv_time,rtt,status
4,1773961500.888684,1773961502.818034,1.9293498992919922,success
5,1773961508.386362,1773961510.1436942,1.7573320865631104,success
6,1773961515.998181,1773961517.518385,1.5202038288116455,success
7,1773961523.575572,1773961524.977531,1.40195894241333,success
8,1773961531.2682738,1773961532.493817,1.2255432605743408,success
9,1773961538.8979,1773961540.1375968,1.239696741104126,success
10,1773961545.6876721,1773961547.768428,2.0807559490203857,success
11,1773961553.6907861,1773961555.152999,1.4622128009796143,success
12,1773961560.863186,1773961562.652993,1.7898070812225342,success
"sender: client151, message: > hello from client151"
13,1773961568.5927072,1773961570.163738,1.571030855178833,success
"sender: client151, message: > hello from client151"
14,1773961575.667316,1773961577.737476,2.070160150527954,success
"sender: client151, message: > hello from client151"
15,1773961583.282579,1773961585.2386298,1.9560508728027344,success
"sender: client151, message: > hello from client151"
16,1773961590.9654348,1773961592.74577,1.7803351879119873,success
"sender: client151, message: > hello from client151"
17,1773961598.915575,1773961600.350854,1.4352788925170898,success
"sender: client151, message: > hello from client151"
18,1773961605.762849,1773961607.7956648,2.03281569480896,success
"sender: client151, message: > hello from client151"
19,1773961614.062814,1773961615.296166,1.2333519458770752,success
"sender: client151, message: > hello from client151"
20,1773961621.015727,1773961622.840383,1.8246560096740723,success
"sender: client151, message: > hello from client151"
21,1773961628.345396,1773961630.330668,1.98527193069458,success
"sender: client151, message: > hello from client151"
