round,send_time,recv_time,rtt,status
4,1773961500.983082,1773961502.8238258,1.8407437801361084,success
5,1773961508.214636,1773961510.151175,1.9365389347076416,success
6,1773961515.732384,1773961517.5290859,1.7967019081115723,success
7,1773961523.437165,1773961524.9833422,1.5461771488189697,success
8,1773961531.1148531,1773961532.498996,1.3841428756713867,success
9,1773961538.864769,1773961540.127855,1.2630860805511475,success
10,1773961546.036105,1773961547.755546,1.7194411754608154,success
11,1773961553.8772962,1773961555.153638,1.2763416767120361,success
12,1773961560.9443269,1773961562.655736,1.711409091949463,success
"sender: client175, message: > hello from client175"
13,1773961568.37446,1773961570.168446,1.7939860820770264,success
"sender: client175, message: > hello from client175"
14,1773961576.1394958,1773961577.719636,1.5801401138305664,success
"sender: client175, message: > hello from client175"
15,1773961583.464772,1773961585.24269,1.7779181003570557,success
"sender: client175, message: > hello from client175"
16,1773961590.762058,1773961592.762563,2.000504970550537,success
"sender: client175, message: > hello from client175"
17,1773961598.844312,1773961600.3428428,1.4985308647155762,success
"sender: client175, message: > hello from client175"
18,1773961605.8638752,1773961607.800725,1.93684983253479,success
19,1773961613.3899179,1773961615.3032582,1.9133403301239014,success
"sender: client175, message: > hello from client175"
20,1773961621.193165,1773961622.836757,1.6435918807983398,success
"sender: client175, message: > hello from client175"
21,1773961628.4555871,1773961630.336066,1.880478858947754,success
"sender: client175, message: > hello from client175"
