round,send_time,recv_time,rtt,status
5,1773967825.1650603,1773967826.9562788,1.7912185192108154,success
6,1773967832.3154035,1773967834.2508068,1.9354033470153809,success
7,1773967839.926143,1773967841.5797892,1.6536462306976318,success
8,1773967847.1117833,1773967848.886299,1.7745156288146973,success
9,1773967854.4441664,1773967856.2746687,1.8305022716522217,success
10,1773967861.6144812,1773967863.5727768,1.9582955837249756,success
"sender: client273, message: > hello from client273"
11,1773967868.966304,1773967870.9822333,2.0159292221069336,success
12,1773967876.1548598,1773967878.3280969,2.1732370853424072,success
"sender: client273, message: > hello from client273"
13,1773967883.649628,1773967885.7644596,2.1148316860198975,success
"sender: client273, message: > hello from client273"
14,1773967890.9720092,1773967892.9846683,2.0126590728759766,success
"sender: client273, message: > hello from client273"
15,1773967898.2595026,1773967900.3770914,2.117588758468628,success
16,1773967905.6218503,1773967907.6866293,2.064779043197632,success
"sender: client273, message: > hello from client273"
17,1773967913.0508826,1773967915.0679197,2.0170371532440186,success
18,1773967920.3699756,1773967922.4460983,2.076122760772705,success
"sender: client273, message: > hello from client273"
19,1773967927.6565976,1773967929.7527103,2.0961127281188965,success
"sender: client273, message: > hello from client273"
20,1773967935.0078015,1773967937.1067116,2.098910093307495,success
"sender: client273, message: > hello from client273"
