round,send_time,recv_time,rtt,status
6,1773961515.913858,1773961517.540842,1.6269841194152832,success
7,1773961523.334712,1773961525.0032792,1.668567180633545,success
8,1773961531.072174,1773961532.51758,1.4454059600830078,success
9,1773961538.7221608,1773961540.128514,1.406353235244751,success
10,1773961546.4647691,1773961547.763343,1.2985739707946777,success
11,1773961554.001819,1773961555.168888,1.1670691967010498,success
12,1773961560.990155,1773961562.668601,1.6784460544586182,success
"sender: client254, message: > hello from client254"
13,1773961568.333556,1773961570.18707,1.8535139560699463,success
"sender: client254, message: > hello from client254"
14,1773961575.922001,1773961577.7385988,1.8165979385375977,success
"sender: client254, message: > hello from client254"
15,1773961583.3517709,1773961585.261981,1.910210132598877,success
"sender: client254, message: > hello from client254"
16,1773961590.99329,1773961592.766407,1.7731170654296875,success
"sender: client254, message: > hello from client254"
17,1773961598.9405172,1773961600.376238,1.4357209205627441,success
"sender: client254, message: > hello from client254"
18,1773961606.267688,1773961607.811702,1.5440139770507812,success
"sender: client254, message: > hello from client254"
19,1773961613.878023,1773961615.320687,1.4426641464233398,success
"sender: client254, message: > hello from client254"
20,1773961620.8966951,1773961622.856658,1.9599628448486328,success
"sender: client254, message: > hello from client254"
21,1773961628.491989,1773961630.351043,1.8590540885925293,success
