round,send_time,recv_time,rtt,status
2,1773961486.383429,1773961488.377975,1.9945459365844727,success
3,1773961493.675959,1773961495.561109,1.8851499557495117,success
4,1773961501.001478,1773961502.787563,1.7860851287841797,success
5,1773961508.2619982,1773961510.120089,1.858090877532959,success
6,1773961515.856728,1773961517.487904,1.6311759948730469,success
7,1773961523.6159081,1773961524.950974,1.3350658416748047,success
8,1773961531.286777,1773961532.46767,1.1808929443359375,success
9,1773961538.328341,1773961540.137079,1.8087379932403564,success
10,1773961545.732867,1773961547.772806,2.0399389266967773,success
11,1773961553.31491,1773961555.151532,1.8366219997406006,success
12,1773961560.530182,1773961562.630485,2.1003031730651855,success
"sender: client29, message: > hello from client29"
13,1773961568.2622259,1773961570.1342132,1.8719873428344727,success
"sender: client29, message: > hello from client29"
14,1773961575.62013,1773961577.710523,2.090392827987671,success
15,1773961583.4194062,1773961585.2100182,1.790611982345581,success
16,1773961590.704764,1773961592.7381551,2.033391237258911,success
"sender: client29, message: > hello from client29"
17,1773961598.971309,1773961600.251061,1.2797520160675049,success
18,1773961605.880259,1773961607.7720041,1.8917450904846191,success
"sender: client29, message: > hello from client29"
19,1773961613.366604,1773961615.2767282,1.9101240634918213,success
"sender: client29, message: > hello from client29"
20,1773961620.9038222,1773961622.819084,1.9152617454528809,success
"sender: client29, message: > hello from client29"
21,1773961628.36879,1773961630.306516,1.9377260208129883,success
"sender: client29, message: > hello from client29"
