round,send_time,recv_time,rtt,status
8,1773961531.0965471,1773961532.6100879,1.5135407447814941,success
9,1773961538.9415429,1773961540.1541781,1.2126352787017822,success
10,1773961546.186074,1773961547.80429,1.6182160377502441,success
11,1773961554.0641868,1773961555.189323,1.125136137008667,success
12,1773961560.6830342,1773961562.70149,2.018455743789673,success
"sender: client409, message: > hello from client409"
13,1773961568.15343,1773961570.2110322,2.0576021671295166,success
"sender: client409, message: > hello from client409"
14,1773961575.824456,1773961577.768231,1.943774938583374,success
"sender: client409, message: > hello from client409"
15,1773961583.547946,1773961585.291471,1.7435250282287598,success
"sender: client409, message: > hello from client409"
16,1773961590.87823,1773961592.791095,1.9128649234771729,success
"sender: client409, message: > hello from client409"
17,1773961599.279386,1773961600.342286,1.0629000663757324,success
"sender: client409, message: > hello from client409"
18,1773961605.815536,1773961607.841581,2.026045083999634,success
"sender: client409, message: > hello from client409"
19,1773961613.396877,1773961615.354701,1.9578239917755127,success
"sender: client409, message: > hello from client409"
20,1773961621.185153,1773961622.8833358,1.6981828212738037,success
"sender: client409, message: > hello from client409"
21,1773961628.40286,1773961630.385538,1.9826781749725342,success
