round,send_time,recv_time,rtt,status
2,1773961486.394943,1773961488.375784,1.9808409214019775,success
3,1773961493.5943859,1773961495.557826,1.963440179824829,success
4,1773961500.913957,1773961502.7860758,1.8721187114715576,success
5,1773961508.4329221,1773961510.1134348,1.6805126667022705,success
6,1773961515.84059,1773961517.4869828,1.646392822265625,success
7,1773961523.621653,1773961524.9483242,1.3266711235046387,success
8,1773961531.2073221,1773961532.464572,1.2572498321533203,success
9,1773961538.384542,1773961540.1019242,1.7173821926116943,success
10,1773961545.787442,1773961547.761792,1.9743499755859375,success
11,1773961553.189661,1773961555.151861,1.9621999263763428,success
12,1773961560.5559402,1773961562.627821,2.07188081741333,success
13,1773961568.281965,1773961570.135075,1.8531100749969482,success
"sender: client10, message: > hello from client10"
14,1773961575.642837,1773961577.70517,2.06233286857605,success
"sender: client10, message: > hello from client10"
15,1773961583.2855449,1773961585.210269,1.9247241020202637,success
"sender: client10, message: > hello from client10"
16,1773961590.658536,1773961592.749834,2.0912981033325195,success
"sender: client10, message: > hello from client10"
17,1773961598.9346921,1773961600.249918,1.3152258396148682,success
"sender: client10, message: > hello from client10"
18,1773961605.687705,1773961607.768943,2.081238031387329,success
"sender: client10, message: > hello from client10"
19,1773961613.389059,1773961615.266052,1.87699294090271,success
20,1773961620.99183,1773961622.8090189,1.8171887397766113,success
"sender: client10, message: > hello from client10"
21,1773961628.4019809,1773961630.307147,1.9051661491394043,success
