round,send_time,recv_time,rtt,status
6,1773961515.9273942,1773961517.551284,1.6238899230957031,success
7,1773961523.492078,1773961525.0090828,1.5170047283172607,success
8,1773961531.214239,1773961532.6070578,1.3928189277648926,success
9,1773961538.8412611,1773961540.124237,1.2829759120941162,success
10,1773961546.5098822,1773961547.755371,1.2454888820648193,success
11,1773961553.7556329,1773961555.1701279,1.4144949913024902,success
12,1773961560.69417,1773961562.6834571,1.9892871379852295,success
"sender: client315, message: > hello from client315"
13,1773961568.716888,1773961570.194655,1.477766990661621,success
"sender: client315, message: > hello from client315"
14,1773961576.012471,1773961577.7417119,1.729240894317627,success
"sender: client315, message: > hello from client315"
15,1773961583.4853098,1773961585.273386,1.7880761623382568,success
"sender: client315, message: > hello from client315"
16,1773961590.885526,1773961592.774455,1.8889291286468506,success
"sender: client315, message: > hello from client315"
17,1773961599.175447,1773961600.37094,1.1954929828643799,success
"sender: client315, message: > hello from client315"
18,1773961606.4149141,1773961607.8213491,1.4064350128173828,success
"sender: client315, message: > hello from client315"
19,1773961614.028266,1773961615.332865,1.3045990467071533,success
"sender: client315, message: > hello from client315"
20,1773961620.986252,1773961622.864191,1.877938985824585,success
"sender: client315, message: > hello from client315"
21,1773961628.6064909,1773961630.3613188,1.7548279762268066,success
"sender: client315, message: > hello from client315"
