round,send_time,recv_time,rtt,status
5,1773961508.249174,1773961510.16004,1.9108657836914062,success
6,1773961515.900915,1773961517.5355608,1.634645938873291,success
7,1773961523.383873,1773961524.989814,1.6059410572052002,success
8,1773961531.002265,1773961532.5159192,1.5136542320251465,success
9,1773961538.888076,1773961540.147043,1.2589669227600098,success
10,1773961545.916949,1773961547.766709,1.8497600555419922,success
11,1773961553.78991,1773961555.159282,1.3693718910217285,success
12,1773961560.8452978,1773961562.6654809,1.8201830387115479,success
"sender: client228, message: > hello from client228"
13,1773961568.5486348,1773961570.181498,1.6328632831573486,success
14,1773961575.747704,1773961577.758784,2.011080026626587,success
"sender: client228, message: > hello from client228"
15,1773961583.4656909,1773961585.2580612,1.792370319366455,success
"sender: client228, message: > hello from client228"
16,1773961591.052605,1773961592.756413,1.703808069229126,success
"sender: client228, message: > hello from client228"
17,1773961598.807714,1773961600.370346,1.5626320838928223,success
18,1773961605.733799,1773961607.8095202,2.075721263885498,success
19,1773961614.061002,1773961615.315094,1.2540919780731201,success
"sender: client228, message: > hello from client228"
20,1773961620.951015,1773961622.851093,1.9000780582427979,success
"sender: client228, message: > hello from client228"
21,1773961628.4062872,1773961630.350763,1.9444758892059326,success
"sender: client228, message: > hello from client228"
