round,send_time,recv_time,rtt,status
1,1773967796.2430267,1773967798.2628496,2.019822835922241,success
2,1773967803.3717957,1773967805.3663995,1.9946038722991943,success
3,1773967810.6144714,1773967812.530693,1.9162216186523438,success
4,1773967817.9274955,1773967819.7064273,1.7789318561553955,success
5,1773967825.174613,1773967826.9789364,1.804323434829712,success
6,1773967832.4276116,1773967834.232407,1.804795503616333,success
7,1773967839.9397244,1773967841.5868914,1.6471669673919678,success
8,1773967847.151662,1773967848.8734999,1.7218377590179443,success
9,1773967854.5247672,1773967856.2157671,1.690999984741211,success
10,1773967861.6230075,1773967863.5688612,1.9458537101745605,success
"sender: client46, message: > hello from client46"
11,1773967868.8762648,1773967870.912437,2.0361721515655518,success
"sender: client46, message: > hello from client46"
12,1773967876.1920958,1773967878.26307,2.070974349975586,success
"sender: client46, message: > hello from client46"
13,1773967883.6320868,1773967885.6503687,2.018281936645508,success
"sender: client46, message: > hello from client46"
14,1773967890.9583213,1773967892.9797857,2.0214643478393555,success
15,1773967898.1681848,1773967900.3812025,2.213017702102661,success
"sender: client46, message: > hello from client46"
16,1773967905.6091957,1773967907.6943772,2.085181474685669,success
"sender: client46, message: > hello from client46"
17,1773967913.0203996,1773967915.0305994,2.010199785232544,success
"sender: client46, message: > hello from client46"
18,1773967920.365892,1773967922.4448159,2.0789239406585693,success
"sender: client46, message: > hello from client46"
19,1773967927.727507,1773967929.75978,2.0322728157043457,success
"sender: client46, message: > hello from client46"
20,1773967934.9156275,1773967937.1012125,2.1855850219726562,success
"sender: client46, message: > hello from client46"
