round,send_time,recv_time,rtt,status
4,1773967817.8611152,1773967819.721351,1.8602356910705566,success
5,1773967825.1418402,1773967826.966671,1.8248307704925537,success
6,1773967832.2817295,1773967834.248952,1.9672224521636963,success
7,1773967839.8813996,1773967841.5799057,1.6985061168670654,success
8,1773967847.2033296,1773967848.8710678,1.6677381992340088,success
9,1773967854.4155324,1773967856.22417,1.8086376190185547,success
10,1773967861.5337276,1773967863.577391,2.043663263320923,success
"sender: client212, message: > hello from client212"
11,1773967868.961711,1773967870.989627,2.0279159545898438,success
12,1773967876.2587676,1773967878.2835238,2.0247561931610107,success
"sender: client212, message: > hello from client212"
13,1773967883.585663,1773967885.6628637,2.0772006511688232,success
14,1773967890.982949,1773967892.983689,2.0007400512695312,success
"sender: client212, message: > hello from client212"
15,1773967898.2873242,1773967900.381969,2.094644784927368,success
"sender: client212, message: > hello from client212"
16,1773967905.6715143,1773967907.7174773,2.0459630489349365,success
17,1773967913.036681,1773967915.069731,2.033050060272217,success
"sender: client212, message: > hello from client212"
18,1773967920.392974,1773967922.4417768,2.0488028526306152,success
19,1773967927.72312,1773967929.7889144,2.0657944679260254,success
20,1773967935.0651886,1773967937.127672,2.062483310699463,success
"sender: client212, message: > hello from client212"
