round,send_time,recv_time,rtt,status
3,1773967810.6211429,1773967812.541549,1.9204061031341553,success
4,1773967817.9249446,1773967819.7124846,1.7875399589538574,success
5,1773967825.134672,1773967826.9525623,1.8178904056549072,success
6,1773967832.3120701,1773967834.2552648,1.9431946277618408,success
7,1773967839.9335997,1773967841.5910535,1.6574537754058838,success
8,1773967847.1337237,1773967848.9017613,1.7680375576019287,success
9,1773967854.5248995,1773967856.2465816,1.721682071685791,success
"sender: client117, message: > hello from client117"
10,1773967861.53489,1773967863.567764,2.03287410736084,success
"sender: client117, message: > hello from client117"
11,1773967868.913101,1773967870.9882753,2.075174331665039,success
12,1773967876.2288523,1773967878.2982447,2.069392442703247,success
13,1773967883.6510456,1773967885.652068,2.0010223388671875,success
"sender: client117, message: > hello from client117"
14,1773967890.9675488,1773967893.0180144,2.0504655838012695,success
"sender: client117, message: > hello from client117"
15,1773967898.2746108,1773967900.3818245,2.1072137355804443,success
"sender: client117, message: > hello from client117"
16,1773967905.664213,1773967907.7083356,2.0441226959228516,success
17,1773967913.047283,1773967915.0319378,1.9846549034118652,success
"sender: client117, message: > hello from client117"
18,1773967920.4115748,1773967922.4430256,2.0314507484436035,success
19,1773967927.6528928,1773967929.7772598,2.1243669986724854,success
"sender: client117, message: > hello from client117"
20,1773967935.0911937,1773967937.1036878,2.0124940872192383,success
"sender: client117, message: > hello from client117"
