round,send_time,recv_time,rtt,status
3,1773961493.556594,1773961495.566577,2.0099830627441406,success
4,1773961500.9019341,1773961502.799482,1.897547960281372,success
5,1773961508.423907,1773961510.126111,1.7022039890289307,success
6,1773961515.871743,1773961517.499891,1.628148078918457,success
7,1773961523.323591,1773961524.9605162,1.636925220489502,success
8,1773961531.154006,1773961532.476419,1.3224129676818848,success
9,1773961538.288515,1773961540.142944,1.854429006576538,success
10,1773961546.129725,1773961547.807786,1.6780610084533691,success
11,1773961554.040086,1773961555.149888,1.109802007675171,success
12,1773961560.501229,1773961562.639824,2.13859486579895,success
"sender: client74, message: > hello from client74"
13,1773961568.34398,1773961570.146677,1.802696943283081,success
"sender: client74, message: > hello from client74"
14,1773961576.1287758,1773961577.718844,1.5900681018829346,success
"sender: client74, message: > hello from client74"
15,1773961583.399662,1773961585.224316,1.8246538639068604,success
"sender: client74, message: > hello from client74"
16,1773961590.639767,1773961592.7387662,2.098999261856079,success
"sender: client74, message: > hello from client74"
17,1773961599.062191,1773961600.2642932,1.2021021842956543,success
"sender: client74, message: > hello from client74"
18,1773961605.815516,1773961607.7913861,1.975870132446289,success
19,1773961613.481376,1773961615.2855182,1.8041422367095947,success
"sender: client74, message: > hello from client74"
20,1773961621.1488042,1773961622.823343,1.6745388507843018,success
21,1773961628.4721339,1773961630.328969,1.856835126876831,success
"sender: client74, message: > hello from client74"
