round,send_time,recv_time,rtt,status
5,1773961508.390358,1773961510.159759,1.7694010734558105,success
6,1773961515.767095,1773961517.532543,1.7654478549957275,success
7,1773961523.2855098,1773961524.989738,1.704228162765503,success
8,1773961530.9765792,1773961532.5105789,1.5339996814727783,success
9,1773961538.9548469,1773961540.1327128,1.177865982055664,success
10,1773961546.454586,1773961547.7513092,1.2967231273651123,success
11,1773961554.006984,1773961555.166476,1.159492015838623,success
12,1773961560.824341,1773961562.664414,1.8400728702545166,success
"sender: client219, message: > hello from client219"
13,1773961568.6232378,1773961570.1814651,1.558227300643921,success
14,1773961575.8192792,1773961577.7372968,1.9180176258087158,success
"sender: client219, message: > hello from client219"
15,1773961583.545989,1773961585.257331,1.7113418579101562,success
"sender: client219, message: > hello from client219"
16,1773961590.776837,1773961592.761157,1.9843199253082275,success
"sender: client219, message: > hello from client219"
17,1773961599.110788,1773961600.351582,1.2407939434051514,success
"sender: client219, message: > hello from client219"
18,1773961605.653412,1773961607.810755,2.1573429107666016,success
"sender: client219, message: > hello from client219"
19,1773961613.6963341,1773961615.311597,1.6152629852294922,success
"sender: client219, message: > hello from client219"
20,1773961621.236285,1773961622.851321,1.6150360107421875,success
"sender: client219, message: > hello from client219"
21,1773961628.3230898,1773961630.3450701,2.0219802856445312,success
"sender: client219, message: > hello from client219"
