round,send_time,recv_time,rtt,status
7,1773967839.7902467,1773967841.677336,1.8870892524719238,success
8,1773967847.1011133,1773967848.8960893,1.794975996017456,success
9,1773967854.499364,1773967856.2437325,1.744368553161621,success
"sender: client454, message: > hello from client454"
10,1773967861.5194967,1773967863.5964472,2.0769505500793457,success
11,1773967868.9306977,1773967870.9267983,1.996100664138794,success
"sender: client454, message: > hello from client454"
12,1773967876.250428,1773967878.279917,2.029489040374756,success
"sender: client454, message: > hello from client454"
13,1773967883.6633155,1773967885.6680415,2.004725933074951,success
"sender: client454, message: > hello from client454"
14,1773967890.9276383,1773967893.0971873,2.169548988342285,success
"sender: client454, message: > hello from client454"
15,1773967898.3118913,1773967900.4976616,2.185770273208618,success
"sender: client454, message: > hello from client454"
16,1773967905.5372722,1773967907.6941662,2.1568939685821533,success
"sender: client454, message: > hello from client454"
17,1773967913.000924,1773967915.0789495,2.0780253410339355,success
"sender: client454, message: > hello from client454"
18,1773967920.41974,1773967922.4418833,2.0221433639526367,success
19,1773967927.7686272,1773967929.787286,2.0186588764190674,success
20,1773967935.0351388,1773967937.1118803,2.0767414569854736,success
"sender: client454, message: > hello from client454"
