round,send_time,recv_time,rtt,status
6,1773967832.5095713,1773967834.2542653,1.7446939945220947,success
7,1773967839.8301075,1773967841.6615076,1.8314001560211182,success
8,1773967847.2249424,1773967848.9023314,1.6773889064788818,success
9,1773967854.148758,1773967856.2390633,2.0903053283691406,success
10,1773967861.604649,1773967863.592492,1.9878430366516113,success
11,1773967868.9291618,1773967870.9898365,2.0606746673583984,success
12,1773967876.190644,1773967878.3346324,2.1439883708953857,success
13,1773967883.6638412,1773967885.8820515,2.218210220336914,success
"sender: client401, message: > hello from client401"
14,1773967890.967999,1773967892.987749,2.0197501182556152,success
"sender: client401, message: > hello from client401"
15,1773967898.2566295,1773967900.567129,2.310499429702759,success
"sender: client401, message: > hello from client401"
16,1773967905.6097534,1773967907.7104247,2.1006712913513184,success
17,1773967913.0355978,1773967915.0800219,2.044424057006836,success
"sender: client401, message: > hello from client401"
18,1773967920.3392978,1773967922.42095,2.0816521644592285,success
"sender: client401, message: > hello from client401"
19,1773967927.7433126,1773967929.7878704,2.044557809829712,success
20,1773967935.0958335,1773967937.1331058,2.0372722148895264,success
"sender: client401, message: > hello from client401"
