round,send_time,recv_time,rtt,status
8,1773967847.2059803,1773967848.901611,1.6956307888031006,success
9,1773967854.4233074,1773967856.2639341,1.8406267166137695,success
10,1773967861.5167549,1773967863.592455,2.075700044631958,success
11,1773967868.9360354,1773967870.9906294,2.054594039916992,success
12,1773967876.2427008,1773967878.2902498,2.04754900932312,success
"sender: client493, message: > hello from client493"
13,1773967883.6554842,1773967885.7656195,2.110135316848755,success
14,1773967890.9643824,1773967893.0225778,2.0581953525543213,success
"sender: client493, message: > hello from client493"
15,1773967898.2606936,1773967900.5676956,2.307002067565918,success
16,1773967905.6816509,1773967907.6951036,2.0134527683258057,success
"sender: client493, message: > hello from client493"
17,1773967913.0611527,1773967915.290384,2.229231357574463,success
"sender: client493, message: > hello from client493"
18,1773967920.4178581,1773967922.4387577,2.020899534225464,success
19,1773967927.7704926,1773967929.7875423,2.017049789428711,success
20,1773967935.0819757,1773967937.1122944,2.0303187370300293,success
"sender: client493, message: > hello from client493"
