round,send_time,recv_time,rtt,status
3,1773961493.57565,1773961495.566169,1.9905190467834473,success
4,1773961500.9907598,1773961502.7987032,1.807943344116211,success
5,1773961508.369232,1773961510.129127,1.7598950862884521,success
6,1773961515.862449,1773961517.5005581,1.6381092071533203,success
7,1773961523.5461178,1773961524.961376,1.4152581691741943,success
8,1773961531.20349,1773961532.476618,1.2731280326843262,success
9,1773961538.313365,1773961540.14759,1.8342249393463135,success
10,1773961545.77232,1773961547.808106,2.0357859134674072,success
11,1773961553.65222,1773961555.149864,1.4976439476013184,success
12,1773961560.775498,1773961562.643393,1.8678951263427734,success
"sender: client78, message: > hello from client78"
13,1773961568.114314,1773961570.147155,2.0328409671783447,success
"sender: client78, message: > hello from client78"
14,1773961575.97381,1773961577.706856,1.733046054840088,success
"sender: client78, message: > hello from client78"
15,1773961583.4509351,1773961585.2225878,1.7716526985168457,success
"sender: client78, message: > hello from client78"
16,1773961590.682849,1773961592.737577,2.0547280311584473,success
"sender: client78, message: > hello from client78"
17,1773961598.993686,1773961600.263194,1.2695081233978271,success
"sender: client78, message: > hello from client78"
18,1773961605.643629,1773961607.791275,2.147645950317383,success
"sender: client78, message: > hello from client78"
19,1773961613.9276202,1773961615.283326,1.355705738067627,success
"sender: client78, message: > hello from client78"
20,1773961620.940765,1773961622.822483,1.8817181587219238,success
"sender: client78, message: > hello from client78"
21,1773961628.631998,1773961630.333929,1.7019309997558594,success
"sender: client78, message: > hello from client78"
