round,send_time,recv_time,rtt,status
3,1773967810.633196,1773967812.536383,1.9031867980957031,success
4,1773967817.9408445,1773967819.7276497,1.7868051528930664,success
5,1773967825.0597258,1773967826.969422,1.909696340560913,success
6,1773967832.4806147,1773967834.2456336,1.7650189399719238,success
7,1773967839.9787562,1773967841.5805447,1.6017885208129883,success
8,1773967847.1837738,1773967848.8700273,1.686253547668457,success
9,1773967854.4278142,1773967856.2303302,1.802515983581543,success
10,1773967861.6198318,1773967863.5890613,1.9692294597625732,success
11,1773967868.860923,1773967870.952036,2.0911128520965576,success
12,1773967876.2531624,1773967878.2846534,2.0314910411834717,success
"sender: client155, message: > hello from client155"
13,1773967883.6560023,1773967885.653825,1.9978227615356445,success
"sender: client155, message: > hello from client155"
14,1773967890.9720855,1773967893.0090058,2.0369203090667725,success
"sender: client155, message: > hello from client155"
15,1773967898.2611809,1773967900.376414,2.1152331829071045,success
"sender: client155, message: > hello from client155"
16,1773967905.6809332,1773967907.6845894,2.0036561489105225,success
"sender: client155, message: > hello from client155"
17,1773967913.058177,1773967915.0776958,2.0195188522338867,success
18,1773967920.4191546,1773967922.410034,1.9908792972564697,success
"sender: client155, message: > hello from client155"
19,1773967927.7680995,1773967929.787813,2.0197134017944336,success
20,1773967934.977899,1773967937.112393,2.134493827819824,success
"sender: client155, message: > hello from client155"
