round,send_time,recv_time,rtt,status
7,1773961523.351383,1773961525.017662,1.6662790775299072,success
8,1773961530.914182,1773961532.606633,1.692451000213623,success
9,1773961538.163797,1773961540.1263309,1.962533950805664,success
10,1773961545.476535,1773961547.808304,2.3317689895629883,success
11,1773961554.066282,1773961555.1857002,1.1194181442260742,success
12,1773961560.884119,1773961562.690997,1.806877851486206,success
"sender: client358, message: > hello from client358"
13,1773961568.5133362,1773961570.199258,1.6859219074249268,success
"sender: client358, message: > hello from client358"
14,1773961575.7408519,1773961577.7857761,2.044924259185791,success
"sender: client358, message: > hello from client358"
15,1773961583.5994802,1773961585.2823942,1.6829140186309814,success
16,1773961591.326946,1773961592.783696,1.4567499160766602,success
"sender: client358, message: > hello from client358"
17,1773961599.118421,1773961600.370757,1.252336025238037,success
"sender: client358, message: > hello from client358"
18,1773961606.178585,1773961607.829597,1.6510119438171387,success
"sender: client358, message: > hello from client358"
19,1773961614.063096,1773961615.3448188,1.2817227840423584,success
"sender: client358, message: > hello from client358"
20,1773961620.94336,1773961622.875304,1.9319438934326172,success
"sender: client358, message: > hello from client358"
21,1773961628.2448242,1773961630.369774,2.1249499320983887,success
"sender: client358, message: > hello from client358"
