round,send_time,recv_time,rtt,status
6,1773967832.461346,1773967834.2583683,1.7970223426818848,success
7,1773967839.897468,1773967841.5857615,1.68829345703125,success
8,1773967847.1080215,1773967848.8727422,1.7647206783294678,success
9,1773967854.4447918,1773967856.2586555,1.813863754272461,success
10,1773967861.4840899,1773967863.572874,2.0887842178344727,success
"sender: client337, message: > hello from client337"
11,1773967868.9641912,1773967870.9321756,1.9679844379425049,success
"sender: client337, message: > hello from client337"
12,1773967876.1450558,1773967878.2834558,2.138400077819824,success
"sender: client337, message: > hello from client337"
13,1773967883.570865,1773967885.6665063,2.0956413745880127,success
14,1773967890.9288123,1773967892.9861805,2.057368278503418,success
"sender: client337, message: > hello from client337"
15,1773967898.3028572,1773967900.472612,2.16975474357605,success
"sender: client337, message: > hello from client337"
16,1773967905.6587412,1773967907.689177,2.030435800552368,success
17,1773967913.0613806,1773967915.0633328,2.0019521713256836,success
18,1773967920.4086516,1773967922.4393165,2.0306649208068848,success
19,1773967927.7706056,1773967929.7807286,2.0101230144500732,success
"sender: client337, message: > hello from client337"
20,1773967935.0719678,1773967937.1307502,2.0587823390960693,success
"sender: client337, message: > hello from client337"
