round,send_time,recv_time,rtt,status
5,1773961508.243632,1773961510.155552,1.9119198322296143,success
6,1773961515.697495,1773961517.530748,1.8332529067993164,success
7,1773961523.351478,1773961524.986304,1.6348259449005127,success
8,1773961531.28221,1773961532.510314,1.2281038761138916,success
9,1773961538.840943,1773961540.136083,1.2951397895812988,success
10,1773961546.48289,1773961547.7601511,1.2772612571716309,success
11,1773961554.0233579,1773961555.1530392,1.1296813488006592,success
12,1773961560.807952,1773961562.660774,1.8528220653533936,success
"sender: client202, message: > hello from client202"
13,1773961568.604429,1773961570.171953,1.5675239562988281,success
"sender: client202, message: > hello from client202"
14,1773961575.633177,1773961577.72234,2.089163064956665,success
"sender: client202, message: > hello from client202"
15,1773961583.419401,1773961585.2496672,1.8302662372589111,success
"sender: client202, message: > hello from client202"
16,1773961591.38281,1773961592.751217,1.3684067726135254,success
"sender: client202, message: > hello from client202"
17,1773961598.901213,1773961600.367908,1.4666950702667236,success
"sender: client202, message: > hello from client202"
18,1773961605.859509,1773961607.805641,1.946131944656372,success
"sender: client202, message: > hello from client202"
19,1773961613.59793,1773961615.307429,1.7094991207122803,success
"sender: client202, message: > hello from client202"
20,1773961621.091469,1773961622.849142,1.7576730251312256,success
"sender: client202, message: > hello from client202"
21,1773961628.8014789,1773961630.341985,1.54050612449646,success
