round,send_time,recv_time,rtt,status
3,1773967810.656972,1773967812.5365448,1.879572868347168,success
4,1773967817.8664255,1773967819.7210212,1.85459566116333,success
5,1773967825.0035756,1773967826.952466,1.9488904476165771,success
6,1773967832.473338,1773967834.2538025,1.7804646492004395,success
7,1773967839.6592128,1773967841.5873282,1.9281153678894043,success
8,1773967847.0042431,1773967848.8688264,1.8645832538604736,success
9,1773967854.5086265,1773967856.2417,1.7330734729766846,success
10,1773967861.537241,1773967863.5849807,2.0477397441864014,success
"sender: client113, message: > hello from client113"
11,1773967868.752412,1773967870.9405508,2.188138723373413,success
"sender: client113, message: > hello from client113"
12,1773967876.2397976,1773967878.2841425,2.044344902038574,success
"sender: client113, message: > hello from client113"
13,1773967883.6558864,1773967885.6584468,2.0025603771209717,success
"sender: client113, message: > hello from client113"
14,1773967890.9133012,1773967892.981565,2.0682637691497803,success
"sender: client113, message: > hello from client113"
15,1773967898.23387,1773967900.3745358,2.1406657695770264,success
"sender: client113, message: > hello from client113"
16,1773967905.6051784,1773967907.7098637,2.1046853065490723,success
17,1773967913.0388725,1773967915.0545537,2.015681266784668,success
"sender: client113, message: > hello from client113"
18,1773967920.3973525,1773967922.4214892,2.024136781692505,success
"sender: client113, message: > hello from client113"
19,1773967927.6958275,1773967929.78741,2.0915825366973877,success
20,1773967935.0413513,1773967937.115837,2.0744857788085938,success
"sender: client113, message: > hello from client113"
