round,send_time,recv_time,rtt,status
2,1773967803.4170866,1773967805.3688033,1.951716661453247,success
3,1773967810.651082,1773967812.529803,1.878720998764038,success
4,1773967817.8341703,1773967819.7233162,1.889145851135254,success
5,1773967825.1374612,1773967826.9503953,1.812934160232544,success
6,1773967832.4389205,1773967834.2454503,1.8065297603607178,success
7,1773967839.979962,1773967841.586881,1.6069188117980957,success
8,1773967847.1533303,1773967848.866661,1.7133307456970215,success
9,1773967854.3964455,1773967856.2387254,1.8422799110412598,success
10,1773967861.585856,1773967863.5624216,1.9765655994415283,success
"sender: client61, message: > hello from client61"
11,1773967868.9033523,1773967870.9126005,2.0092482566833496,success
"sender: client61, message: > hello from client61"
12,1773967876.2235947,1773967878.2694345,2.045839786529541,success
"sender: client61, message: > hello from client61"
13,1773967883.597103,1773967885.6510522,2.0539491176605225,success
"sender: client61, message: > hello from client61"
14,1773967890.9553876,1773967892.982163,2.026775360107422,success
"sender: client61, message: > hello from client61"
15,1773967898.2601073,1773967900.3448377,2.084730386734009,success
"sender: client61, message: > hello from client61"
16,1773967905.6564813,1773967907.6830614,2.0265800952911377,success
17,1773967913.0519223,1773967915.0304673,1.9785449504852295,success
"sender: client61, message: > hello from client61"
18,1773967920.4208698,1773967922.4124732,1.9916033744812012,success
"sender: client61, message: > hello from client61"
19,1773967927.7088513,1773967929.748979,2.040127754211426,success
20,1773967935.072352,1773967937.1011088,2.028756856918335,success
