round,send_time,recv_time,rtt,status
2,1773967803.4194374,1773967805.3664126,1.9469752311706543,success
3,1773967810.5694213,1773967812.5307364,1.9613151550292969,success
4,1773967817.82468,1773967819.7066085,1.8819284439086914,success
5,1773967825.1045082,1773967826.971058,1.8665497303009033,success
6,1773967832.355033,1773967834.2496302,1.8945972919464111,success
7,1773967839.8641634,1773967841.584556,1.7203927040100098,success
8,1773967847.2041285,1773967848.883435,1.6793065071105957,success
9,1773967854.5244536,1773967856.2592885,1.734834909439087,success
"sender: client52, message: > hello from client52"
10,1773967861.6047778,1773967863.562155,1.9573771953582764,success
"sender: client52, message: > hello from client52"
11,1773967868.9455862,1773967870.984245,2.038658857345581,success
12,1773967876.2533581,1773967878.3297021,2.0763440132141113,success
"sender: client52, message: > hello from client52"
13,1773967883.627653,1773967885.650602,2.02294921875,success
14,1773967890.964488,1773967892.9800441,2.0155560970306396,success
"sender: client52, message: > hello from client52"
15,1773967898.2980967,1773967900.3450847,2.046988010406494,success
"sender: client52, message: > hello from client52"
16,1773967905.6064577,1773967907.69455,2.08809232711792,success
"sender: client52, message: > hello from client52"
17,1773967913.0525355,1773967915.0561495,2.0036139488220215,success
"sender: client52, message: > hello from client52"
18,1773967920.4232657,1773967922.4350731,2.011807441711426,success
"sender: client52, message: > hello from client52"
19,1773967927.727548,1773967929.7485564,2.0210084915161133,success
"sender: client52, message: > hello from client52"
20,1773967934.9304352,1773967937.1101906,2.179755449295044,success
"sender: client52, message: > hello from client52"
