round,send_time,recv_time,rtt,status
4,1773961500.898294,1773961502.814445,1.9161510467529297,success
5,1773961508.297167,1773961510.14352,1.8463530540466309,success
6,1773961515.8891351,1773961517.517292,1.6281569004058838,success
7,1773961523.5296,1773961524.972639,1.4430391788482666,success
8,1773961531.048633,1773961532.488533,1.4398999214172363,success
9,1773961538.8048158,1773961540.1310341,1.3262183666229248,success
10,1773961546.1202219,1773961547.7504141,1.6301922798156738,success
11,1773961553.9328241,1773961555.1505752,1.2177510261535645,success
12,1773961560.872569,1773961562.647836,1.7752668857574463,success
"sender: client136, message: > hello from client136"
13,1773961568.4565141,1773961570.1637812,1.7072670459747314,success
14,1773961575.669915,1773961577.716266,2.0463509559631348,success
"sender: client136, message: > hello from client136"
15,1773961583.5655942,1773961585.236147,1.6705527305603027,success
"sender: client136, message: > hello from client136"
16,1773961590.7111082,1773961592.742378,2.0312697887420654,success
17,1773961598.763042,1773961600.368855,1.6058130264282227,success
"sender: client136, message: > hello from client136"
18,1773961605.664314,1773961607.794821,2.130506992340088,success
"sender: client136, message: > hello from client136"
19,1773961613.614468,1773961615.296428,1.681959867477417,success
"sender: client136, message: > hello from client136"
20,1773961621.1027892,1773961622.8371992,1.734410047531128,success
"sender: client136, message: > hello from client136"
21,1773961628.514082,1773961630.331272,1.8171899318695068,success
"sender: client136, message: > hello from client136"
