round,send_time,recv_time,rtt,status
3,1773967810.65568,1773967812.541637,1.8859570026397705,success
4,1773967817.867021,1773967819.7135234,1.8465023040771484,success
5,1773967825.142424,1773967826.9851186,1.8426945209503174,success
6,1773967832.3963642,1773967834.2615452,1.8651809692382812,success
7,1773967839.8512042,1773967841.5637007,1.7124965190887451,success
8,1773967847.041746,1773967848.890113,1.8483672142028809,success
9,1773967854.5077846,1773967856.2603927,1.752608060836792,success
"sender: client136, message: > hello from client136"
10,1773967861.5342393,1773967863.5909286,2.0566892623901367,success
11,1773967868.9503095,1773967870.9405851,1.9902756214141846,success
12,1773967876.244232,1773967878.2685108,2.0242788791656494,success
"sender: client136, message: > hello from client136"
13,1773967883.648048,1773967885.6533577,2.005309820175171,success
"sender: client136, message: > hello from client136"
14,1773967890.9791317,1773967893.0088754,2.0297436714172363,success
"sender: client136, message: > hello from client136"
15,1773967898.3056154,1773967900.3764784,2.0708630084991455,success
"sender: client136, message: > hello from client136"
16,1773967905.590708,1773967907.709891,2.11918306350708,success
17,1773967912.9888678,1773967915.0681155,2.0792477130889893,success
"sender: client136, message: > hello from client136"
18,1773967920.3884144,1773967922.4409149,2.0525004863739014,success
19,1773967927.7652972,1773967929.7496295,1.9843323230743408,success
"sender: client136, message: > hello from client136"
20,1773967934.9747283,1773967937.1040018,2.1292734146118164,success
"sender: client136, message: > hello from client136"
