round,send_time,recv_time,rtt,status
4,1773961500.870122,1773961502.818433,1.9483110904693604,success
5,1773961508.2877738,1773961510.1449542,1.8571803569793701,success
6,1773961515.951417,1773961517.518356,1.566939115524292,success
7,1773961523.5723462,1773961524.977519,1.4051728248596191,success
8,1773961530.969764,1773961532.494304,1.5245399475097656,success
9,1773961538.7375638,1773961540.1076212,1.3700573444366455,success
10,1773961545.5974941,1773961547.7552419,2.157747745513916,success
11,1773961553.9262998,1773961555.1601439,1.2338440418243408,success
12,1773961560.549939,1773961562.6521559,2.102216958999634,success
"sender: client152, message: > hello from client152"
13,1773961568.496772,1773961570.1633348,1.666562795639038,success
"sender: client152, message: > hello from client152"
14,1773961576.0334358,1773961577.720931,1.687495231628418,success
"sender: client152, message: > hello from client152"
15,1773961583.277143,1773961585.239431,1.9622879028320312,success
"sender: client152, message: > hello from client152"
16,1773961590.739498,1773961592.748829,2.009330987930298,success
"sender: client152, message: > hello from client152"
17,1773961599.156205,1773961600.2762089,1.1200039386749268,success
"sender: client152, message: > hello from client152"
18,1773961605.7134762,1773961607.795874,2.082397937774658,success
"sender: client152, message: > hello from client152"
19,1773961613.684918,1773961615.297035,1.612117052078247,success
"sender: client152, message: > hello from client152"
20,1773961621.172894,1773961622.835733,1.6628389358520508,success
"sender: client152, message: > hello from client152"
21,1773961628.674057,1773961630.3331132,1.6590561866760254,success
