round,send_time,recv_time,rtt,status
4,1773967817.8657453,1773967819.7125916,1.846846342086792,success
5,1773967825.1377532,1773967826.9539995,1.8162462711334229,success
6,1773967832.4636924,1773967834.2604878,1.79679536819458,success
7,1773967839.809389,1773967841.5628803,1.7534911632537842,success
8,1773967847.1528823,1773967848.8726408,1.7197585105895996,success
9,1773967854.082956,1773967856.241378,2.1584219932556152,success
10,1773967861.6221225,1773967863.5901434,1.9680209159851074,success
11,1773967868.9139154,1773967870.9162507,2.0023353099823,success
12,1773967876.2059054,1773967878.269957,2.064051628112793,success
"sender: client186, message: > hello from client186"
13,1773967883.6720717,1773967885.6547687,1.9826970100402832,success
"sender: client186, message: > hello from client186"
14,1773967890.980854,1773967893.0068572,2.026003122329712,success
"sender: client186, message: > hello from client186"
15,1773967898.2875102,1773967900.3767593,2.0892491340637207,success
"sender: client186, message: > hello from client186"
16,1773967905.5969326,1773967907.7018692,2.1049365997314453,success
17,1773967913.016508,1773967915.069661,2.0531527996063232,success
"sender: client186, message: > hello from client186"
18,1773967920.3503408,1773967922.416137,2.065796136856079,success
"sender: client186, message: > hello from client186"
19,1773967927.7170029,1773967929.7911527,2.0741498470306396,success
20,1773967935.0754228,1773967937.1043777,2.0289549827575684,success
"sender: client186, message: > hello from client186"
