round,send_time,recv_time,rtt,status
2,1773967803.349741,1773967805.3692951,2.0195541381835938,success
3,1773967810.6050088,1773967812.5307117,1.9257028102874756,success
4,1773967817.8683724,1773967819.7184117,1.8500392436981201,success
5,1773967824.993764,1773967826.9836845,1.9899206161499023,success
6,1773967832.3400671,1773967834.2493086,1.9092414379119873,success
7,1773967839.7872353,1773967841.5893497,1.802114486694336,success
8,1773967847.0713325,1773967848.8666108,1.7952783107757568,success
9,1773967854.4589193,1773967856.2604318,1.8015124797821045,success
10,1773967861.6166906,1773967863.5650754,1.9483847618103027,success
"sender: client51, message: > hello from client51"
11,1773967868.9153345,1773967870.9127617,1.997427225112915,success
"sender: client51, message: > hello from client51"
12,1773967876.2530117,1773967878.3356037,2.082592010498047,success
13,1773967883.634194,1773967885.6504898,2.016295909881592,success
"sender: client51, message: > hello from client51"
14,1773967890.9602606,1773967892.9799864,2.019725799560547,success
"sender: client51, message: > hello from client51"
15,1773967898.3227491,1773967900.3776867,2.0549376010894775,success
"sender: client51, message: > hello from client51"
16,1773967905.5758593,1773967907.6944993,2.1186399459838867,success
"sender: client51, message: > hello from client51"
17,1773967913.0320404,1773967915.0561235,2.024083137512207,success
"sender: client51, message: > hello from client51"
18,1773967920.3821912,1773967922.4206011,2.038409948348999,success
"sender: client51, message: > hello from client51"
19,1773967927.7578158,1773967929.7920167,2.03420090675354,success
20,1773967935.088108,1773967937.1010573,2.012949228286743,success
