round,send_time,recv_time,rtt,status
2,1773961486.4030669,1773961488.377663,1.9745960235595703,success
3,1773961493.672323,1773961495.559401,1.887078046798706,success
4,1773961500.9981902,1773961502.7864242,1.788233995437622,success
5,1773961508.3379872,1773961510.115252,1.7772648334503174,success
6,1773961515.8067148,1773961517.488289,1.6815743446350098,success
7,1773961523.588098,1773961524.948698,1.3605999946594238,success
8,1773961531.256486,1773961532.464052,1.2075660228729248,success
9,1773961538.2745101,1773961540.129832,1.8553218841552734,success
10,1773961545.996819,1773961547.746538,1.7497189044952393,success
11,1773961553.2549949,1773961555.147,1.892005205154419,success
12,1773961560.633277,1773961562.6282828,1.9950058460235596,success
13,1773961568.1878772,1773961570.132951,1.9450738430023193,success
"sender: client14, message: > hello from client14"
14,1773961575.596452,1773961577.694206,2.0977540016174316,success
"sender: client14, message: > hello from client14"
15,1773961583.204467,1773961585.209494,2.0050270557403564,success
"sender: client14, message: > hello from client14"
16,1773961590.6273909,1773961592.759007,2.1316161155700684,success
"sender: client14, message: > hello from client14"
17,1773961598.890517,1773961600.252612,1.3620951175689697,success
"sender: client14, message: > hello from client14"
18,1773961605.795423,1773961607.770988,1.975564956665039,success
"sender: client14, message: > hello from client14"
19,1773961613.381204,1773961615.2662919,1.8850879669189453,success
"sender: client14, message: > hello from client14"
20,1773961620.822203,1773961622.820019,1.9978160858154297,success
"sender: client14, message: > hello from client14"
21,1773961628.413888,1773961630.3065898,1.8927018642425537,success
"sender: client14, message: > hello from client14"
