round,send_time,recv_time,rtt,status
7,1773967839.9799576,1773967841.8003938,1.8204362392425537,success
8,1773967847.2176156,1773967848.8878906,1.6702749729156494,success
9,1773967854.0711534,1773967856.2273552,2.1562018394470215,success
10,1773967861.6189215,1773967863.589858,1.9709365367889404,success
11,1773967868.9553246,1773967870.9692495,2.0139248371124268,success
12,1773967876.2547503,1773967878.3385196,2.0837693214416504,success
13,1773967883.6111786,1773967885.661808,2.0506293773651123,success
"sender: client436, message: > hello from client436"
14,1773967890.9243374,1773967893.0086055,2.084268093109131,success
"sender: client436, message: > hello from client436"
15,1773967898.2916834,1773967900.5691543,2.277470827102661,success
"sender: client436, message: > hello from client436"
16,1773967905.6789806,1773967907.702025,2.0230443477630615,success
17,1773967913.0632153,1773967915.0771978,2.0139825344085693,success
"sender: client436, message: > hello from client436"
18,1773967920.378439,1773967922.6359773,2.257538318634033,success
"sender: client436, message: > hello from client436"
19,1773967927.6296525,1773967929.7890654,2.1594128608703613,success
20,1773967935.0872405,1773967937.1193395,2.0320990085601807,success
"sender: client436, message: > hello from client436"
