round,send_time,recv_time,rtt,status
3,1773967810.6465404,1773967812.5403094,1.8937690258026123,success
4,1773967817.9499679,1773967819.7172096,1.7672417163848877,success
5,1773967825.159166,1773967826.9672034,1.808037281036377,success
6,1773967832.5002103,1773967834.2624466,1.7622363567352295,success
7,1773967839.9245796,1773967841.5798955,1.65531587600708,success
8,1773967847.1862962,1773967848.890499,1.7042028903961182,success
9,1773967854.493925,1773967856.232182,1.7382569313049316,success
10,1773967861.436526,1773967863.568501,2.131974935531616,success
"sender: client135, message: > hello from client135"
11,1773967868.9653423,1773967870.9259074,1.9605650901794434,success
"sender: client135, message: > hello from client135"
12,1773967876.2360456,1773967878.2843146,2.048269033432007,success
"sender: client135, message: > hello from client135"
13,1773967883.6463182,1773967885.6528063,2.006488084793091,success
"sender: client135, message: > hello from client135"
14,1773967890.9239595,1773967893.0180652,2.0941057205200195,success
"sender: client135, message: > hello from client135"
15,1773967898.3121715,1773967900.3456051,2.033433675765991,success
"sender: client135, message: > hello from client135"
16,1773967905.681415,1773967907.6843452,2.002930164337158,success
"sender: client135, message: > hello from client135"
17,1773967913.058637,1773967915.0681849,2.0095479488372803,success
"sender: client135, message: > hello from client135"
18,1773967920.3502848,1773967922.4389815,2.0886967182159424,success
19,1773967927.648459,1773967929.7496405,2.1011815071105957,success
"sender: client135, message: > hello from client135"
20,1773967935.0925515,1773967937.1044214,2.0118699073791504,success
"sender: client135, message: > hello from client135"
