round,send_time,recv_time,rtt,status
5,1773961508.388101,1773961510.1596742,1.7715730667114258,success
6,1773961515.69529,1773961517.530692,1.835402011871338,success
7,1773961523.3950589,1773961524.989703,1.5946440696716309,success
8,1773961531.022455,1773961532.510407,1.4879519939422607,success
9,1773961538.9241421,1773961540.106485,1.182342767715454,success
10,1773961546.411055,1773961547.7523441,1.3412890434265137,success
11,1773961553.839083,1773961555.1535501,1.314467191696167,success
12,1773961561.015224,1773961562.6638138,1.648589849472046,success
13,1773961568.618931,1773961570.1806002,1.561669111251831,success
"sender: client214, message: > hello from client214"
14,1773961575.821332,1773961577.728139,1.9068069458007812,success
"sender: client214, message: > hello from client214"
15,1773961583.5529869,1773961585.2518132,1.6988263130187988,success
"sender: client214, message: > hello from client214"
16,1773961590.777904,1773961592.754378,1.9764740467071533,success
17,1773961599.169426,1773961600.353303,1.1838769912719727,success
"sender: client214, message: > hello from client214"
18,1773961605.748847,1773961607.809679,2.0608320236206055,success
"sender: client214, message: > hello from client214"
19,1773961613.598346,1773961615.3115132,1.7131671905517578,success
"sender: client214, message: > hello from client214"
20,1773961621.162305,1773961622.851626,1.6893208026885986,success
"sender: client214, message: > hello from client214"
21,1773961628.653013,1773961630.3437078,1.690694808959961,success
"sender: client214, message: > hello from client214"
