round,send_time,recv_time,rtt,status
3,1773961493.668278,1773961495.570745,1.9024670124053955,success
4,1773961500.987028,1773961502.800431,1.8134031295776367,success
5,1773961508.393932,1773961510.12972,1.7357878684997559,success
6,1773961515.7265291,1773961517.500652,1.774122953414917,success
7,1773961523.560319,1773961524.964844,1.4045250415802002,success
8,1773961531.275671,1773961532.481905,1.2062339782714844,success
9,1773961538.397249,1773961540.10379,1.7065410614013672,success
10,1773961545.8945549,1773961547.75145,1.8568952083587646,success
11,1773961553.21328,1773961555.149994,1.9367139339447021,success
12,1773961560.5981839,1773961562.638525,2.0403411388397217,success
"sender: client89, message: > hello from client89"
13,1773961568.194633,1773961570.1502059,1.9555728435516357,success
14,1773961575.743354,1773961577.7198489,1.9764947891235352,success
"sender: client89, message: > hello from client89"
15,1773961583.570745,1773961585.228439,1.6576941013336182,success
"sender: client89, message: > hello from client89"
16,1773961590.682742,1773961592.7409332,2.0581910610198975,success
"sender: client89, message: > hello from client89"
17,1773961598.999873,1773961600.26259,1.2627170085906982,success
"sender: client89, message: > hello from client89"
18,1773961605.815527,1773961607.791499,1.9759719371795654,success
"sender: client89, message: > hello from client89"
19,1773961613.333332,1773961615.284203,1.9508709907531738,success
"sender: client89, message: > hello from client89"
20,1773961620.986225,1773961622.8240771,1.8378522396087646,success
"sender: client89, message: > hello from client89"
21,1773961628.617821,1773961630.3309572,1.7131361961364746,success
"sender: client89, message: > hello from client89"
