round,send_time,recv_time,rtt,status
4,1773967817.8536742,1773967819.7211611,1.8674869537353516,success
5,1773967825.017087,1773967826.9676957,1.950608730316162,success
6,1773967832.3720205,1773967834.2468364,1.8748159408569336,success
7,1773967839.9498296,1773967841.585288,1.6354584693908691,success
8,1773967847.0358682,1773967848.8897645,1.8538963794708252,success
9,1773967854.5048296,1773967856.2227595,1.7179298400878906,success
10,1773967861.543517,1773967863.5994468,2.055929660797119,success
11,1773967868.9838996,1773967870.9316924,1.9477927684783936,success
12,1773967876.234784,1773967878.2730248,2.038240909576416,success
13,1773967883.557272,1773967885.6547434,2.0974714756011963,success
14,1773967890.9728334,1773967892.9938607,2.0210273265838623,success
"sender: client182, message: > hello from client182"
15,1773967898.2967005,1773967900.3767738,2.080073356628418,success
"sender: client182, message: > hello from client182"
16,1773967905.6316807,1773967907.7002993,2.0686185359954834,success
17,1773967913.0495796,1773967915.0559103,2.006330728530884,success
18,1773967920.3436878,1773967922.411096,2.067408323287964,success
"sender: client182, message: > hello from client182"
19,1773967927.709977,1773967929.7646732,2.0546963214874268,success
"sender: client182, message: > hello from client182"
20,1773967935.0390246,1773967937.128761,2.0897364616394043,success
"sender: client182, message: > hello from client182"
