round,send_time,recv_time,rtt,status
7,1773967839.645179,1773967841.582992,1.9378130435943604,success
8,1773967847.067586,1773967848.8913128,1.8237268924713135,success
9,1773967854.4706268,1773967856.2594867,1.7888598442077637,success
10,1773967861.6285443,1773967863.6006525,1.9721081256866455,success
11,1773967868.9752824,1773967870.989813,2.014530658721924,success
12,1773967876.1657515,1773967878.3263419,2.160590410232544,success
"sender: client424, message: > hello from client424"
13,1773967883.6610816,1773967885.766938,2.105856418609619,success
"sender: client424, message: > hello from client424"
14,1773967890.9653442,1773967892.9880328,2.022688627243042,success
"sender: client424, message: > hello from client424"
15,1773967898.3146524,1773967900.488355,2.1737024784088135,success
"sender: client424, message: > hello from client424"
16,1773967905.638237,1773967907.7016397,2.0634026527404785,success
17,1773967913.0565476,1773967915.0710669,2.014519214630127,success
"sender: client424, message: > hello from client424"
18,1773967920.3954422,1773967922.5117607,2.116318464279175,success
"sender: client424, message: > hello from client424"
19,1773967927.7593865,1773967929.7911184,2.0317318439483643,success
20,1773967935.057549,1773967937.118825,2.0612759590148926,success
