round,send_time,recv_time,rtt,status
2,1773961486.4093912,1773961488.383539,1.9741477966308594,success
3,1773961493.654047,1773961495.5591848,1.9051377773284912,success
4,1773961500.9937122,1773961502.786813,1.7931008338928223,success
5,1773961508.433644,1773961510.1203809,1.686736822128296,success
6,1773961515.9734771,1773961517.488713,1.5152359008789062,success
7,1773961523.4844868,1773961524.951067,1.4665801525115967,success
8,1773961531.199229,1773961532.467713,1.268484115600586,success
9,1773961538.1881542,1773961540.106959,1.9188048839569092,success
10,1773961545.55972,1773961547.806269,2.246548891067505,success
11,1773961553.1788669,1773961555.148412,1.9695451259613037,success
12,1773961560.664347,1773961562.632472,1.9681251049041748,success
"sender: client33, message: > hello from client33"
13,1773961568.262231,1773961570.136812,1.8745808601379395,success
"sender: client33, message: > hello from client33"
14,1773961575.638082,1773961577.7310898,2.093007802963257,success
"sender: client33, message: > hello from client33"
15,1773961583.2425432,1773961585.21447,1.9719266891479492,success
"sender: client33, message: > hello from client33"
16,1773961590.7325282,1773961592.7368672,2.0043389797210693,success
"sender: client33, message: > hello from client33"
17,1773961598.877707,1773961600.249523,1.3718159198760986,success
18,1773961605.792789,1773961607.771544,1.978754997253418,success
"sender: client33, message: > hello from client33"
19,1773961613.246617,1773961615.2782269,2.0316097736358643,success
"sender: client33, message: > hello from client33"
20,1773961620.808672,1773961622.820085,2.011413097381592,success
"sender: client33, message: > hello from client33"
21,1773961628.4088461,1773961630.30794,1.8990938663482666,success
"sender: client33, message: > hello from client33"
