round,send_time,recv_time,rtt,status
6,1773961515.917711,1773961517.544269,1.6265580654144287,success
7,1773961523.253438,1773961525.004859,1.7514209747314453,success
8,1773961531.199232,1773961532.608617,1.4093849658966064,success
9,1773961538.7486348,1773961540.12381,1.3751752376556396,success
10,1773961546.513761,1773961547.763999,1.2502379417419434,success
11,1773961553.967723,1773961555.1693912,1.2016682624816895,success
12,1773961560.79616,1773961562.67644,1.8802800178527832,success
"sender: client280, message: > hello from client280"
13,1773961568.640329,1773961570.186862,1.5465331077575684,success
"sender: client280, message: > hello from client280"
14,1773961576.0296488,1773961577.755154,1.7255051136016846,success
"sender: client280, message: > hello from client280"
15,1773961583.397718,1773961585.266516,1.868798017501831,success
"sender: client280, message: > hello from client280"
16,1773961591.363204,1773961592.768529,1.405324935913086,success
"sender: client280, message: > hello from client280"
17,1773961598.9659789,1773961600.3375518,1.3715729713439941,success
"sender: client280, message: > hello from client280"
18,1773961605.896346,1773961607.816247,1.919900894165039,success
"sender: client280, message: > hello from client280"
19,1773961614.108496,1773961615.3292859,1.220789909362793,success
20,1773961621.098103,1773961622.863619,1.7655160427093506,success
"sender: client280, message: > hello from client280"
21,1773961628.772973,1773961630.355125,1.5821518898010254,success
"sender: client280, message: > hello from client280"
