round,send_time,recv_time,rtt,status
4,1773967817.9284077,1773967819.7253072,1.7968995571136475,success
5,1773967825.0574963,1773967826.9546256,1.8971292972564697,success
6,1773967832.0878718,1773967834.235667,2.1477952003479004,success
7,1773967839.7095976,1773967841.579572,1.8699743747711182,success
8,1773967847.057129,1773967848.8905642,1.833435297012329,success
9,1773967854.4875963,1773967856.223979,1.7363827228546143,success
10,1773967861.5875707,1773967863.6001866,2.012615919113159,success
11,1773967868.7978165,1773967870.959716,2.1618995666503906,success
12,1773967876.2481794,1773967878.329406,2.0812265872955322,success
"sender: client211, message: > hello from client211"
13,1773967883.6503093,1773967885.6552484,2.004939079284668,success
"sender: client211, message: > hello from client211"
14,1773967890.9425697,1773967892.9836533,2.041083574295044,success
"sender: client211, message: > hello from client211"
15,1773967898.3200412,1773967900.3844812,2.0644400119781494,success
"sender: client211, message: > hello from client211"
16,1773967905.6377802,1773967907.6853938,2.0476136207580566,success
"sender: client211, message: > hello from client211"
17,1773967913.042478,1773967915.087051,2.0445728302001953,success
"sender: client211, message: > hello from client211"
18,1773967920.29573,1773967922.437025,2.1412949562072754,success
"sender: client211, message: > hello from client211"
19,1773967927.764175,1773967929.7636042,1.9994292259216309,success
"sender: client211, message: > hello from client211"
20,1773967935.0516005,1773967937.105615,2.0540144443511963,success
"sender: client211, message: > hello from client211"
