round,send_time,recv_time,rtt,status
7,1773967839.910969,1773967841.6647842,1.7538151741027832,success
8,1773967847.1196687,1773967848.9011936,1.781524896621704,success
9,1773967854.4480946,1773967856.230611,1.7825164794921875,success
10,1773967861.6297095,1773967863.5790708,1.9493613243103027,success
"sender: client446, message: > hello from client446"
11,1773967868.7470403,1773967870.9883008,2.241260528564453,success
12,1773967876.1820343,1773967878.2799432,2.0979089736938477,success
13,1773967883.6427264,1773967885.6622684,2.0195419788360596,success
"sender: client446, message: > hello from client446"
14,1773967890.9430814,1773967893.2138329,2.270751476287842,success
15,1773967898.306784,1773967900.5683446,2.2615606784820557,success
"sender: client446, message: > hello from client446"
16,1773967905.6348567,1773967907.6937997,2.058943033218384,success
"sender: client446, message: > hello from client446"
17,1773967912.9992006,1773967915.0861886,2.0869879722595215,success
"sender: client446, message: > hello from client446"
18,1773967920.412779,1773967922.4214633,2.0086841583251953,success
"sender: client446, message: > hello from client446"
19,1773967927.742637,1773967929.7809963,2.0383594036102295,success
"sender: client446, message: > hello from client446"
20,1773967935.0798326,1773967937.1118097,2.0319771766662598,success
"sender: client446, message: > hello from client446"
