round,send_time,recv_time,rtt,status
3,1773967810.6553392,1773967812.535257,1.879917860031128,success
4,1773967817.8577075,1773967819.7091959,1.8514883518218994,success
5,1773967825.1281743,1773967826.9530299,1.8248555660247803,success
6,1773967832.3296645,1773967834.2467694,1.917104959487915,success
7,1773967839.7033043,1773967841.5846272,1.8813228607177734,success
8,1773967847.1692634,1773967848.8690753,1.6998119354248047,success
9,1773967854.4527862,1773967856.2727747,1.819988489151001,success
10,1773967861.603008,1773967863.5718966,1.968888521194458,success
"sender: client134, message: > hello from client134"
11,1773967868.7829962,1773967870.9325218,2.1495256423950195,success
"sender: client134, message: > hello from client134"
12,1773967876.170157,1773967878.303253,2.1330959796905518,success
"sender: client134, message: > hello from client134"
13,1773967883.6327202,1773967885.6534722,2.020751953125,success
"sender: client134, message: > hello from client134"
14,1773967890.9839346,1773967893.0186338,2.0346992015838623,success
"sender: client134, message: > hello from client134"
15,1773967898.2472003,1773967900.34589,2.0986897945404053,success
"sender: client134, message: > hello from client134"
16,1773967905.6113458,1773967907.717101,2.10575532913208,success
17,1773967913.0549529,1773967915.0717611,2.016808271408081,success
"sender: client134, message: > hello from client134"
18,1773967920.377716,1773967922.4425588,2.064842700958252,success
19,1773967927.741791,1773967929.7491436,2.007352590560913,success
"sender: client134, message: > hello from client134"
20,1773967935.03406,1773967937.1026413,2.0685813426971436,success
"sender: client134, message: > hello from client134"
