round,send_time,recv_time,rtt,status
6,1773961515.918827,1773961517.547572,1.6287448406219482,success
7,1773961523.37082,1773961525.003814,1.6329939365386963,success
8,1773961531.119806,1773961532.601744,1.4819378852844238,success
9,1773961538.887268,1773961540.151871,1.2646028995513916,success
10,1773961546.446917,1773961547.805117,1.3581998348236084,success
11,1773961553.831003,1773961555.1720278,1.3410248756408691,success
12,1773961560.991023,1773961562.680387,1.689363956451416,success
"sender: client284, message: > hello from client284"
13,1773961568.390081,1773961570.187231,1.7971501350402832,success
"sender: client284, message: > hello from client284"
14,1773961576.141657,1773961577.74069,1.5990328788757324,success
15,1773961583.586675,1773961585.2668748,1.6801998615264893,success
"sender: client284, message: > hello from client284"
16,1773961590.870534,1773961592.7700648,1.8995308876037598,success
17,1773961599.197441,1773961600.376181,1.1787397861480713,success
18,1773961605.663023,1773961607.8168151,2.153792142868042,success
"sender: client284, message: > hello from client284"
19,1773961613.5802722,1773961615.3284512,1.7481789588928223,success
"sender: client284, message: > hello from client284"
20,1773961621.1950989,1773961622.863126,1.6680271625518799,success
"sender: client284, message: > hello from client284"
21,1773961628.3679302,1773961630.3551638,1.9872336387634277,success
"sender: client284, message: > hello from client284"
