round,send_time,recv_time,rtt,status
6,1773967832.4790618,1773967834.26194,1.7828781604766846,success
7,1773967839.9081707,1773967841.5810902,1.672919511795044,success
8,1773967847.17547,1773967848.9743004,1.798830270767212,success
9,1773967854.3915455,1773967856.2586627,1.867117166519165,success
10,1773967861.6216938,1773967863.6029947,1.9813008308410645,success
11,1773967868.9272785,1773967870.9449608,2.0176823139190674,success
"sender: client366, message: > hello from client366"
12,1773967876.2187846,1773967878.2834811,2.0646965503692627,success
"sender: client366, message: > hello from client366"
13,1773967883.6621606,1773967885.6668296,2.004668951034546,success
"sender: client366, message: > hello from client366"
14,1773967890.9550278,1773967892.9870522,2.032024383544922,success
"sender: client366, message: > hello from client366"
15,1773967898.2693393,1773967900.4947057,2.2253663539886475,success
"sender: client366, message: > hello from client366"
16,1773967905.6613593,1773967907.689736,2.028376579284668,success
"sender: client366, message: > hello from client366"
17,1773967912.8859005,1773967915.0895438,2.203643321990967,success
"sender: client366, message: > hello from client366"
18,1773967920.3832273,1773967922.4394572,2.056229829788208,success
19,1773967927.7384994,1773967929.752955,2.014455556869507,success
"sender: client366, message: > hello from client366"
20,1773967935.0739124,1773967937.1282527,2.054340362548828,success
