round,send_time,recv_time,rtt,status
8,1773961530.8184068,1773961532.603263,1.7848560810089111,success
9,1773961538.849132,1773961540.141481,1.292348861694336,success
10,1773961546.232873,1773961547.806701,1.5738279819488525,success
11,1773961553.8537679,1773961555.193971,1.340203046798706,success
12,1773961561.5118668,1773961562.705621,1.1937541961669922,success
13,1773961568.52174,1773961570.217536,1.695796012878418,success
"sender: client425, message: > hello from client425"
14,1773961576.035403,1773961577.769152,1.7337489128112793,success
"sender: client425, message: > hello from client425"
15,1773961583.588324,1773961585.296397,1.7080729007720947,success
"sender: client425, message: > hello from client425"
16,1773961590.886427,1773961592.7961102,1.9096832275390625,success
17,1773961598.9978938,1773961600.342423,1.344529151916504,success
"sender: client425, message: > hello from client425"
18,1773961606.302933,1773961607.844594,1.541661024093628,success
"sender: client425, message: > hello from client425"
19,1773961613.6221929,1773961615.3590012,1.7368083000183105,success
"sender: client425, message: > hello from client425"
20,1773961620.98103,1773961622.884491,1.90346097946167,success
"sender: client425, message: > hello from client425"
21,1773961628.754108,1773961630.385865,1.6317570209503174,success
"sender: client425, message: > hello from client425"
