round,send_time,recv_time,rtt,status
5,1773961508.141838,1773961510.155473,2.0136349201202393,success
6,1773961515.8666382,1773961517.530777,1.6641387939453125,success
7,1773961523.556442,1773961524.9865952,1.4301531314849854,success
8,1773961531.1902971,1773961532.510265,1.3199679851531982,success
9,1773961538.96311,1773961540.123779,1.1606690883636475,success
10,1773961546.134729,1773961547.80625,1.6715211868286133,success
11,1773961554.07674,1773961555.1584692,1.0817291736602783,success
12,1773961560.701102,1773961562.661005,1.9599030017852783,success
"sender: client205, message: > hello from client205"
13,1773961568.727838,1773961570.172064,1.4442260265350342,success
"sender: client205, message: > hello from client205"
14,1773961575.5497322,1773961577.736442,2.1867098808288574,success
"sender: client205, message: > hello from client205"
15,1773961583.3016262,1773961585.248703,1.9470767974853516,success
16,1773961591.3702679,1773961592.766485,1.3962171077728271,success
"sender: client205, message: > hello from client205"
17,1773961598.865309,1773961600.343308,1.477998971939087,success
18,1773961605.676137,1773961607.805622,2.1294851303100586,success
"sender: client205, message: > hello from client205"
19,1773961613.358096,1773961615.306253,1.9481570720672607,success
"sender: client205, message: > hello from client205"
20,1773961620.782327,1773961622.84946,2.0671329498291016,success
"sender: client205, message: > hello from client205"
21,1773961628.528322,1773961630.3432052,1.8148832321166992,success
"sender: client205, message: > hello from client205"
