round,send_time,recv_time,rtt,status
8,1773961531.277771,1773961532.604474,1.3267030715942383,success
9,1773961538.68198,1773961540.1374452,1.455465316772461,success
10,1773961546.436909,1773961547.766686,1.3297770023345947,success
11,1773961553.5881522,1773961555.186375,1.5982227325439453,success
12,1773961560.854811,1773961562.700605,1.8457939624786377,success
"sender: client394, message: > hello from client394"
13,1773961568.5578198,1773961570.2075388,1.649718999862671,success
"sender: client394, message: > hello from client394"
14,1773961576.0372522,1773961577.768696,1.7314438819885254,success
"sender: client394, message: > hello from client394"
15,1773961583.49826,1773961585.288846,1.790585994720459,success
16,1773961591.038506,1773961592.785414,1.7469079494476318,success
"sender: client394, message: > hello from client394"
17,1773961598.875784,1773961600.369514,1.493730068206787,success
18,1773961606.43308,1773961607.837328,1.4042479991912842,success
"sender: client394, message: > hello from client394"
19,1773961613.584838,1773961615.3523169,1.7674789428710938,success
"sender: client394, message: > hello from client394"
20,1773961621.080501,1773961622.8799858,1.7994847297668457,success
"sender: client394, message: > hello from client394"
21,1773961628.5807061,1773961630.3772109,1.7965047359466553,success
"sender: client394, message: > hello from client394"
