round,send_time,recv_time,rtt,status
5,1773961508.276007,1773961510.1537101,1.8777031898498535,success
6,1773961515.699518,1773961517.5298219,1.8303039073944092,success
7,1773961523.489316,1773961524.983885,1.4945690631866455,success
8,1773961531.126633,1773961532.505769,1.379136085510254,success
9,1773961538.757289,1773961540.133915,1.3766260147094727,success
10,1773961546.2052648,1773961547.809321,1.6040561199188232,success
11,1773961554.005194,1773961555.151393,1.1461989879608154,success
12,1773961560.577878,1773961562.660437,2.082559108734131,success
"sender: client195, message: > hello from client195"
13,1773961568.104952,1773961570.168638,2.063685894012451,success
"sender: client195, message: > hello from client195"
14,1773961575.464659,1773961577.728102,2.2634429931640625,success
"sender: client195, message: > hello from client195"
15,1773961583.172909,1773961585.249492,2.076582908630371,success
"sender: client195, message: > hello from client195"
16,1773961590.768607,1773961592.76512,1.9965131282806396,success
"sender: client195, message: > hello from client195"
17,1773961599.297488,1773961600.338898,1.041409969329834,success
18,1773961605.736671,1773961607.8055732,2.0689022541046143,success
"sender: client195, message: > hello from client195"
19,1773961613.723673,1773961615.306814,1.5831408500671387,success
"sender: client195, message: > hello from client195"
20,1773961620.8538198,1773961622.849289,1.995469093322754,success
"sender: client195, message: > hello from client195"
21,1773961628.2737868,1773961630.341753,2.0679662227630615,success
"sender: client195, message: > hello from client195"
