round,send_time,recv_time,rtt,status
5,1773967825.1396313,1773967826.9556136,1.8159823417663574,success
6,1773967832.5126014,1773967834.2455535,1.7329521179199219,success
7,1773967839.686574,1773967841.5875378,1.9009637832641602,success
8,1773967846.9286597,1773967848.8727877,1.9441280364990234,success
9,1773967854.3671875,1773967856.2350924,1.8679049015045166,success
10,1773967861.6088986,1773967863.586714,1.9778153896331787,success
11,1773967868.9626935,1773967870.9284213,1.9657278060913086,success
12,1773967876.2497294,1773967878.3353179,2.0855884552001953,success
"sender: client257, message: > hello from client257"
13,1773967883.6673377,1773967885.7620757,2.094738006591797,success
"sender: client257, message: > hello from client257"
14,1773967890.9710832,1773967892.9843202,2.0132369995117188,success
"sender: client257, message: > hello from client257"
15,1773967898.3124993,1773967900.3793025,2.066803216934204,success
"sender: client257, message: > hello from client257"
16,1773967905.496737,1773967907.6863277,2.1895906925201416,success
17,1773967913.0426219,1773967915.0677123,2.025090456008911,success
"sender: client257, message: > hello from client257"
18,1773967920.4115992,1773967922.4409285,2.029329299926758,success
19,1773967927.7340608,1773967929.7528594,2.018798589706421,success
"sender: client257, message: > hello from client257"
20,1773967935.0574138,1773967937.127819,2.0704052448272705,success
