round,send_time,recv_time,rtt,status
7,1773961523.3658628,1773961525.023232,1.6573691368103027,success
8,1773961531.0224268,1773961532.6091342,1.586707353591919,success
9,1773961538.574023,1773961540.11168,1.5376570224761963,success
10,1773961546.388802,1773961547.804474,1.4156720638275146,success
11,1773961553.873987,1773961555.183753,1.3097660541534424,success
12,1773961560.919349,1773961562.692804,1.7734551429748535,success
13,1773961568.7029061,1773961570.20525,1.5023438930511475,success
"sender: client374, message: > hello from client374"
14,1773961575.470051,1773961577.789238,2.3191869258880615,success
"sender: client374, message: > hello from client374"
15,1773961583.4490728,1773961585.286307,1.8372342586517334,success
"sender: client374, message: > hello from client374"
16,1773961590.6236238,1773961592.785262,2.1616382598876953,success
"sender: client374, message: > hello from client374"
17,1773961598.991769,1773961600.339958,1.348188877105713,success
"sender: client374, message: > hello from client374"
18,1773961606.3400881,1773961607.8334458,1.4933576583862305,success
"sender: client374, message: > hello from client374"
19,1773961613.56114,1773961615.347072,1.7859318256378174,success
"sender: client374, message: > hello from client374"
20,1773961621.328486,1773961622.874954,1.5464680194854736,success
"sender: client374, message: > hello from client374"
21,1773961628.322183,1773961630.37327,2.0510871410369873,success
"sender: client374, message: > hello from client374"
