round,send_time,recv_time,rtt,status
5,1773961508.29142,1773961510.163338,1.871917963027954,success
6,1773961515.968317,1773961517.540761,1.572443962097168,success
7,1773961523.482643,1773961525.0032609,1.520617961883545,success
8,1773961531.020709,1773961532.5175722,1.4968631267547607,success
9,1773961538.9671009,1773961540.109076,1.1419751644134521,success
10,1773961546.447619,1773961547.751591,1.3039720058441162,success
11,1773961554.048728,1773961555.1688268,1.1200988292694092,success
12,1773961560.6407318,1773961562.669363,2.0286312103271484,success
"sender: client255, message: > hello from client255"
13,1773961568.350275,1773961570.185982,1.8357069492340088,success
"sender: client255, message: > hello from client255"
14,1773961575.951537,1773961577.735601,1.7840640544891357,success
"sender: client255, message: > hello from client255"
15,1773961583.4404638,1773961585.2618,1.821336269378662,success
"sender: client255, message: > hello from client255"
16,1773961591.37428,1773961592.7734048,1.3991248607635498,success
"sender: client255, message: > hello from client255"
17,1773961598.980896,1773961600.344942,1.3640460968017578,success
"sender: client255, message: > hello from client255"
18,1773961606.385271,1773961607.811307,1.4260358810424805,success
"sender: client255, message: > hello from client255"
19,1773961613.317215,1773961615.320113,2.0028979778289795,success
"sender: client255, message: > hello from client255"
20,1773961621.0571892,1773961622.855962,1.7987728118896484,success
"sender: client255, message: > hello from client255"
21,1773961628.534379,1773961630.3520682,1.8176891803741455,success
