round,send_time,recv_time,rtt,status
5,1773967825.144894,1773967826.956206,1.811312198638916,success
6,1773967832.5136414,1773967834.2614868,1.7478454113006592,success
7,1773967839.8477392,1773967841.5871768,1.7394375801086426,success
8,1773967847.1713803,1773967848.9008698,1.7294895648956299,success
9,1773967854.52577,1773967856.23599,1.7102200984954834,success
10,1773967861.6059344,1773967863.5651572,1.9592227935791016,success
"sender: client271, message: > hello from client271"
11,1773967868.8561053,1773967870.9905038,2.1343984603881836,success
12,1773967876.2460554,1773967878.2846675,2.038612127304077,success
"sender: client271, message: > hello from client271"
13,1773967883.601413,1773967885.7599413,2.1585283279418945,success
"sender: client271, message: > hello from client271"
14,1773967890.8680584,1773967892.9849763,2.116917848587036,success
"sender: client271, message: > hello from client271"
15,1773967898.2361162,1773967900.3773243,2.1412081718444824,success
16,1773967905.6673565,1773967907.6983488,2.030992269515991,success
"sender: client271, message: > hello from client271"
17,1773967913.0580332,1773967915.0714233,2.013390064239502,success
"sender: client271, message: > hello from client271"
18,1773967920.3760066,1773967922.4117343,2.0357277393341064,success
19,1773967927.7545786,1773967929.752597,1.998018503189087,success
"sender: client271, message: > hello from client271"
20,1773967935.0947075,1773967937.1080697,2.013362169265747,success
"sender: client271, message: > hello from client271"
