round,send_time,recv_time,rtt,status
3,1773961493.6144488,1773961495.565714,1.9512650966644287,success
4,1773961500.9224472,1773961502.798687,1.8762397766113281,success
5,1773961508.4204412,1773961510.125993,1.7055518627166748,success
6,1773961515.985209,1773961517.497956,1.512747049331665,success
7,1773961523.620912,1773961524.960375,1.3394629955291748,success
8,1773961531.0194619,1773961532.476321,1.4568591117858887,success
9,1773961538.273775,1773961540.13273,1.858954906463623,success
10,1773961545.914392,1773961547.7469509,1.8325588703155518,success
11,1773961553.268308,1773961555.161557,1.8932490348815918,success
12,1773961560.788491,1773961562.637331,1.8488399982452393,success
"sender: client71, message: > hello from client71"
13,1773961568.253393,1773961570.1527412,1.899348258972168,success
14,1773961575.587944,1773961577.720729,2.1327850818634033,success
"sender: client71, message: > hello from client71"
15,1773961583.1501372,1773961585.221023,2.0708858966827393,success
"sender: client71, message: > hello from client71"
16,1773961590.750814,1773961592.742105,1.9912910461425781,success
17,1773961598.972459,1773961600.261578,1.289119005203247,success
"sender: client71, message: > hello from client71"
18,1773961605.838871,1773961607.782675,1.9438040256500244,success
"sender: client71, message: > hello from client71"
19,1773961613.38991,1773961615.2803829,1.8904728889465332,success
"sender: client71, message: > hello from client71"
20,1773961620.9416451,1773961622.83844,1.8967947959899902,success
"sender: client71, message: > hello from client71"
21,1773961628.36966,1773961630.3291478,1.9594879150390625,success
"sender: client71, message: > hello from client71"
