round,send_time,recv_time,rtt,status
3,1773967810.6464393,1773967812.5368202,1.890380859375,success
4,1773967817.8483293,1773967819.712607,1.8642776012420654,success
5,1773967825.0018864,1773967826.9680414,1.9661550521850586,success
6,1773967832.4970934,1773967834.247731,1.7506375312805176,success
7,1773967839.7410161,1773967841.590945,1.849928855895996,success
8,1773967847.0556219,1773967848.8896294,1.8340075016021729,success
9,1773967854.4544246,1773967856.2585974,1.8041727542877197,success
10,1773967861.6146023,1773967863.5885646,1.9739623069763184,success
"sender: client151, message: > hello from client151"
11,1773967868.9305103,1773967870.9274209,1.996910572052002,success
"sender: client151, message: > hello from client151"
12,1773967876.2330248,1773967878.3300846,2.097059726715088,success
"sender: client151, message: > hello from client151"
13,1773967883.6531942,1773967885.6536946,2.000500440597534,success
"sender: client151, message: > hello from client151"
14,1773967890.929677,1773967893.017843,2.0881659984588623,success
"sender: client151, message: > hello from client151"
15,1773967898.2626092,1773967900.3813596,2.1187503337860107,success
"sender: client151, message: > hello from client151"
16,1773967905.634382,1773967907.6844652,2.0500831604003906,success
"sender: client151, message: > hello from client151"
17,1773967913.0605073,1773967915.06762,2.007112741470337,success
18,1773967920.405047,1773967922.4190652,2.0140182971954346,success
"sender: client151, message: > hello from client151"
19,1773967927.7659438,1773967929.7630687,1.9971249103546143,success
"sender: client151, message: > hello from client151"
20,1773967935.0153716,1773967937.105164,2.089792490005493,success
"sender: client151, message: > hello from client151"
