round,send_time,recv_time,rtt,status
5,1773967825.0328808,1773967826.957907,1.9250261783599854,success
6,1773967832.3608737,1773967834.251018,1.8901443481445312,success
7,1773967839.8075438,1773967841.5797658,1.7722220420837402,success
8,1773967847.2087698,1773967848.8721318,1.6633620262145996,success
9,1773967854.3815079,1773967856.2620955,1.8805875778198242,success
10,1773967861.5008576,1773967863.5857794,2.0849218368530273,success
"sender: client315, message: > hello from client315"
11,1773967868.9361618,1773967870.9917905,2.055628776550293,success
12,1773967876.2236595,1773967878.335651,2.1119914054870605,success
13,1773967883.565365,1773967885.666079,2.1007139682769775,success
"sender: client315, message: > hello from client315"
14,1773967890.9288888,1773967892.9864902,2.0576014518737793,success
"sender: client315, message: > hello from client315"
15,1773967898.2531734,1773967900.3779283,2.1247549057006836,success
"sender: client315, message: > hello from client315"
16,1773967905.6353006,1773967907.6880558,2.052755117416382,success
"sender: client315, message: > hello from client315"
17,1773967913.0550518,1773967915.0627775,2.007725715637207,success
18,1773967920.4063141,1773967922.4222507,2.0159366130828857,success
"sender: client315, message: > hello from client315"
19,1773967927.6761622,1773967929.780742,2.1045796871185303,success
"sender: client315, message: > hello from client315"
20,1773967935.0311656,1773967937.1256871,2.0945215225219727,success
