round,send_time,recv_time,rtt,status
7,1773967839.7183928,1773967841.5799246,1.8615317344665527,success
8,1773967847.0962148,1773967848.8903341,1.7941193580627441,success
9,1773967854.4750104,1773967856.3320851,1.8570747375488281,success
10,1773967861.6081882,1773967863.5889947,1.980806589126587,success
11,1773967868.9805949,1773967870.9932258,2.0126309394836426,success
12,1773967876.2320879,1773967878.3344338,2.1023459434509277,success
13,1773967883.6341887,1773967885.661939,2.027750253677368,success
"sender: client440, message: > hello from client440"
14,1773967890.970552,1773967892.9888296,2.018277645111084,success
"sender: client440, message: > hello from client440"
15,1773967898.318457,1773967900.4978156,2.179358720779419,success
"sender: client440, message: > hello from client440"
16,1773967905.658183,1773967907.7158856,2.0577025413513184,success
17,1773967912.9975307,1773967915.0801423,2.082611560821533,success
"sender: client440, message: > hello from client440"
18,1773967920.3861315,1773967922.5198507,2.1337192058563232,success
"sender: client440, message: > hello from client440"
19,1773967927.7602403,1773967929.786873,2.026632785797119,success
20,1773967935.0569978,1773967937.1325529,2.0755550861358643,success
