round,send_time,recv_time,rtt,status
4,1773967817.9398756,1773967819.7290516,1.7891759872436523,success
5,1773967825.1228929,1773967826.9843984,1.8615055084228516,success
6,1773967832.3391328,1773967834.2555728,1.9164400100708008,success
7,1773967839.791543,1773967841.563518,1.771975040435791,success
8,1773967846.98475,1773967848.870212,1.8854620456695557,success
9,1773967854.5249517,1773967856.2233992,1.6984474658966064,success
10,1773967861.610079,1773967863.5856469,1.9755678176879883,success
11,1773967868.9667263,1773967870.97124,2.004513740539551,success
"sender: client200, message: > hello from client200"
12,1773967876.2455552,1773967878.3322678,2.086712598800659,success
13,1773967883.626715,1773967885.6630332,2.036318302154541,success
"sender: client200, message: > hello from client200"
14,1773967890.9798224,1773967893.0095158,2.029693365097046,success
"sender: client200, message: > hello from client200"
15,1773967898.302244,1773967900.3842738,2.0820298194885254,success
"sender: client200, message: > hello from client200"
16,1773967905.6817064,1773967907.704351,2.022644519805908,success
"sender: client200, message: > hello from client200"
17,1773967913.0356386,1773967915.062506,2.026867389678955,success
"sender: client200, message: > hello from client200"
18,1773967920.4196625,1773967922.406838,1.987175464630127,success
"sender: client200, message: > hello from client200"
19,1773967927.7593563,1773967929.7872825,2.027926206588745,success
20,1773967935.0791395,1773967937.1173468,2.0382072925567627,success
"sender: client200, message: > hello from client200"
