round,send_time,recv_time,rtt,status
3,1773961493.612191,1773961495.566129,1.9539380073547363,success
4,1773961500.9738,1773961502.799506,1.8257060050964355,success
5,1773961508.276018,1773961510.126198,1.8501801490783691,success
6,1773961515.6054752,1773961517.496352,1.8908767700195312,success
7,1773961523.586472,1773961524.9605398,1.374067783355713,success
8,1773961531.184313,1773961532.476424,1.2921109199523926,success
9,1773961538.223125,1773961540.14293,1.9198050498962402,success
10,1773961545.455872,1773961547.833641,2.3777689933776855,success
11,1773961553.2440152,1773961555.1497622,1.9057469367980957,success
12,1773961560.699357,1773961562.6396601,1.940303087234497,success
"sender: client72, message: > hello from client72"
13,1773961568.228978,1773961570.146462,1.9174840450286865,success
"sender: client72, message: > hello from client72"
14,1773961575.973838,1773961577.7238982,1.7500600814819336,success
"sender: client72, message: > hello from client72"
15,1773961583.589161,1773961585.222017,1.6328561305999756,success
"sender: client72, message: > hello from client72"
16,1773961590.775958,1773961592.749318,1.9733598232269287,success
17,1773961599.014303,1773961600.264556,1.2502529621124268,success
"sender: client72, message: > hello from client72"
18,1773961605.896287,1773961607.7913952,1.8951082229614258,success
19,1773961613.399148,1773961615.279309,1.8801610469818115,success
"sender: client72, message: > hello from client72"
20,1773961621.195103,1773961622.824338,1.629235029220581,success
"sender: client72, message: > hello from client72"
21,1773961628.4556,1773961630.328625,1.8730249404907227,success
"sender: client72, message: > hello from client72"
