round,send_time,recv_time,rtt,status
7,1773967839.919058,1773967841.6590126,1.7399544715881348,success
8,1773967847.163835,1773967848.8903706,1.7265355587005615,success
9,1773967854.5124073,1773967856.2590425,1.7466351985931396,success
10,1773967861.487054,1773967863.5689445,2.081890344619751,success
"sender: client447, message: > hello from client447"
11,1773967868.73258,1773967870.918689,2.1861090660095215,success
"sender: client447, message: > hello from client447"
12,1773967876.2009292,1773967878.2827978,2.0818686485290527,success
13,1773967883.5377686,1773967885.6620808,2.124312162399292,success
"sender: client447, message: > hello from client447"
14,1773967890.9597583,1773967893.007419,2.0476608276367188,success
15,1773967898.3170617,1773967900.4981382,2.1810765266418457,success
"sender: client447, message: > hello from client447"
16,1773967905.6628783,1773967907.7003472,2.037468910217285,success
17,1773967913.0331643,1773967915.0717971,2.038632869720459,success
"sender: client447, message: > hello from client447"
18,1773967920.3749235,1773967922.4300358,2.055112361907959,success
"sender: client447, message: > hello from client447"
19,1773967927.7194643,1773967929.7904344,2.070970058441162,success
20,1773967935.0816562,1773967937.111553,2.0298967361450195,success
"sender: client447, message: > hello from client447"
