round,send_time,recv_time,rtt,status
3,1773967810.6392024,1773967812.5420966,1.9028942584991455,success
4,1773967817.9382465,1773967819.7134316,1.7751851081848145,success
5,1773967825.0375407,1773967826.9534779,1.9159371852874756,success
6,1773967832.489247,1773967834.258337,1.769089937210083,success
7,1773967839.8788133,1773967841.563796,1.6849827766418457,success
8,1773967847.1886272,1773967848.8700588,1.681431531906128,success
9,1773967854.1070564,1773967856.2611637,2.1541073322296143,success
10,1773967861.5322146,1773967863.584852,2.0526373386383057,success
"sender: client169, message: > hello from client169"
11,1773967868.8642282,1773967870.9384227,2.0741944313049316,success
"sender: client169, message: > hello from client169"
12,1773967876.2207465,1773967878.2823384,2.061591863632202,success
"sender: client169, message: > hello from client169"
13,1773967883.6493344,1773967885.6540086,2.004674196243286,success
"sender: client169, message: > hello from client169"
14,1773967890.9829185,1773967893.0188186,2.035900115966797,success
"sender: client169, message: > hello from client169"
15,1773967898.2707124,1773967900.3703332,2.099620819091797,success
"sender: client169, message: > hello from client169"
16,1773967905.6396277,1773967907.7050216,2.0653939247131348,success
17,1773967913.0078897,1773967915.0555413,2.047651529312134,success
"sender: client169, message: > hello from client169"
18,1773967920.4216268,1773967922.4110746,1.989447832107544,success
"sender: client169, message: > hello from client169"
19,1773967927.7111123,1773967929.788989,2.0778768062591553,success
20,1773967935.0464,1773967937.1048303,2.0584301948547363,success
"sender: client169, message: > hello from client169"
