round,send_time,recv_time,rtt,status
3,1773967810.5878034,1773967812.544863,1.957059621810913,success
4,1773967817.8062434,1773967819.7205248,1.9142813682556152,success
5,1773967825.1412544,1773967826.9524393,1.8111848831176758,success
6,1773967832.406213,1773967834.2396252,1.8334121704101562,success
7,1773967839.9176474,1773967841.558179,1.6405315399169922,success
8,1773967847.113984,1773967848.8687303,1.7547461986541748,success
9,1773967854.3668222,1773967856.2588918,1.8920695781707764,success
10,1773967861.533712,1773967863.571952,2.0382401943206787,success
"sender: client121, message: > hello from client121"
11,1773967868.9121954,1773967870.9190812,2.0068857669830322,success
"sender: client121, message: > hello from client121"
12,1773967876.227205,1773967878.331824,2.104619026184082,success
13,1773967883.6590056,1773967885.652399,1.9933934211730957,success
"sender: client121, message: > hello from client121"
14,1773967890.8702867,1773967893.007558,2.1372714042663574,success
"sender: client121, message: > hello from client121"
15,1773967898.2968554,1773967900.3541515,2.05729603767395,success
"sender: client121, message: > hello from client121"
16,1773967905.6051753,1773967907.684128,2.0789527893066406,success
"sender: client121, message: > hello from client121"
17,1773967912.9394126,1773967915.0860295,2.1466169357299805,success
"sender: client121, message: > hello from client121"
18,1773967920.381015,1773967922.411901,2.030885934829712,success
"sender: client121, message: > hello from client121"
19,1773967927.742334,1773967929.7490754,2.006741523742676,success
"sender: client121, message: > hello from client121"
20,1773967935.0841463,1773967937.1036537,2.01950740814209,success
"sender: client121, message: > hello from client121"
