round,send_time,recv_time,rtt,status
6,1773967832.5009818,1773967834.2499506,1.7489688396453857,success
7,1773967839.6253135,1773967841.5629756,1.937662124633789,success
8,1773967847.1675441,1773967848.896076,1.728531837463379,success
9,1773967854.4894464,1773967856.2394202,1.7499737739562988,success
10,1773967861.6004512,1773967863.5743866,1.9739353656768799,success
"sender: client391, message: > hello from client391"
11,1773967868.8511631,1773967870.9286532,2.0774900913238525,success
"sender: client391, message: > hello from client391"
12,1773967876.1772132,1773967878.274331,2.0971179008483887,success
"sender: client391, message: > hello from client391"
13,1773967883.6653411,1773967885.6725652,2.0072240829467773,success
"sender: client391, message: > hello from client391"
14,1773967890.9447877,1773967892.9868884,2.042100667953491,success
"sender: client391, message: > hello from client391"
15,1773967898.2743354,1773967900.4719172,2.1975817680358887,success
"sender: client391, message: > hello from client391"
16,1773967905.5832114,1773967907.6905606,2.107349157333374,success
"sender: client391, message: > hello from client391"
17,1773967913.0419025,1773967915.0637383,2.0218358039855957,success
"sender: client391, message: > hello from client391"
18,1773967920.4056494,1773967922.4189138,2.0132644176483154,success
"sender: client391, message: > hello from client391"
19,1773967927.769798,1773967929.7810774,2.011279344558716,success
20,1773967935.0932302,1773967937.3344512,2.2412209510803223,success
"sender: client391, message: > hello from client391"
