round,send_time,recv_time,rtt,status
7,1773961523.351818,1773961525.023275,1.6714568138122559,success
8,1773961531.045862,1773961532.603372,1.5575101375579834,success
9,1773961538.821495,1773961540.1366808,1.315185785293579,success
10,1773961546.417759,1773961547.808584,1.3908250331878662,success
11,1773961553.967523,1773961555.182752,1.215228796005249,success
12,1773961560.958546,1773961562.702118,1.7435719966888428,success
"sender: client382, message: > hello from client382"
13,1773961568.723132,1773961570.20699,1.4838581085205078,success
"sender: client382, message: > hello from client382"
14,1773961575.919337,1773961577.763817,1.844480037689209,success
"sender: client382, message: > hello from client382"
15,1773961583.385986,1773961585.286531,1.9005448818206787,success
"sender: client382, message: > hello from client382"
16,1773961590.792788,1773961592.7875352,1.9947471618652344,success
"sender: client382, message: > hello from client382"
17,1773961599.0911932,1773961600.343858,1.2526648044586182,success
"sender: client382, message: > hello from client382"
18,1773961606.3946931,1773961607.83472,1.4400267601013184,success
"sender: client382, message: > hello from client382"
19,1773961613.876831,1773961615.3486102,1.4717791080474854,success
20,1773961621.116412,1773961622.875181,1.7587690353393555,success
"sender: client382, message: > hello from client382"
21,1773961628.593926,1773961630.3764899,1.7825639247894287,success
"sender: client382, message: > hello from client382"
