round,send_time,recv_time,rtt,status
6,1773961515.7460978,1773961517.540992,1.7948942184448242,success
7,1773961523.31902,1773961525.0032902,1.6842701435089111,success
8,1773961531.259491,1773961532.5175638,1.258072853088379,success
9,1773961538.806767,1773961540.1392379,1.3324708938598633,success
10,1773961546.3675961,1773961547.761377,1.3937809467315674,success
11,1773961553.154171,1773961555.1758249,2.021653890609741,success
12,1773961560.912873,1773961562.66868,1.7558069229125977,success
"sender: client256, message: > hello from client256"
13,1773961568.731274,1773961570.186049,1.454775094985962,success
"sender: client256, message: > hello from client256"
14,1773961575.821342,1773961577.738708,1.9173660278320312,success
"sender: client256, message: > hello from client256"
15,1773961583.552978,1773961585.2614121,1.7084341049194336,success
"sender: client256, message: > hello from client256"
16,1773961591.020205,1773961592.766471,1.7462658882141113,success
17,1773961598.908109,1773961600.373989,1.4658801555633545,success
"sender: client256, message: > hello from client256"
18,1773961606.307584,1773961607.811053,1.5034689903259277,success
"sender: client256, message: > hello from client256"
19,1773961613.7291362,1773961615.320677,1.591540813446045,success
"sender: client256, message: > hello from client256"
20,1773961621.072978,1773961622.85604,1.7830619812011719,success
"sender: client256, message: > hello from client256"
21,1773961628.521545,1773961630.352323,1.8307781219482422,success
"sender: client256, message: > hello from client256"
