round,send_time,recv_time,rtt,status
4,1773961500.831313,1773961502.817873,1.9865601062774658,success
5,1773961507.887862,1773961510.149787,2.261924982070923,success
6,1773961515.895455,1773961517.5288,1.633345127105713,success
7,1773961523.422867,1773961524.983258,1.5603909492492676,success
8,1773961530.9883718,1773961532.494881,1.5065090656280518,success
9,1773961538.9396029,1773961540.1080809,1.168478012084961,success
10,1773961546.4699469,1773961547.752776,1.2828290462493896,success
11,1773961553.980319,1773961555.160351,1.1800320148468018,success
12,1773961560.889663,1773961562.652768,1.7631049156188965,success
"sender: client169, message: > hello from client169"
13,1773961568.602452,1773961570.167691,1.5652389526367188,success
"sender: client169, message: > hello from client169"
14,1773961575.6732538,1773961577.720605,2.047351121902466,success
"sender: client169, message: > hello from client169"
15,1773961583.333632,1773961585.2423308,1.9086987972259521,success
16,1773961591.0525901,1773961592.7599518,1.7073616981506348,success
17,1773961598.86438,1773961600.341656,1.477276086807251,success
"sender: client169, message: > hello from client169"
18,1773961605.737568,1773961607.800407,2.0628390312194824,success
"sender: client169, message: > hello from client169"
19,1773961614.107476,1773961615.303232,1.195755958557129,success
"sender: client169, message: > hello from client169"
20,1773961620.97547,1773961622.83582,1.8603498935699463,success
21,1773961628.452543,1773961630.333171,1.8806278705596924,success
