round,send_time,recv_time,rtt,status
4,1773961500.895255,1773961502.823665,1.9284098148345947,success
5,1773961508.349215,1773961510.151291,1.8020758628845215,success
6,1773961515.7535942,1773961517.52932,1.7757258415222168,success
7,1773961523.5954618,1773961524.983458,1.3879961967468262,success
8,1773961530.795616,1773961532.505732,1.7101161479949951,success
9,1773961538.934101,1773961540.117881,1.1837799549102783,success
10,1773961546.4682891,1773961547.763916,1.2956268787384033,success
11,1773961553.2222688,1773961555.160654,1.938385248184204,success
12,1773961560.9398441,1773961562.660223,1.7203788757324219,success
"sender: client180, message: > hello from client180"
13,1773961568.555774,1773961570.171542,1.6157679557800293,success
"sender: client180, message: > hello from client180"
14,1773961575.601559,1773961577.7178009,2.116241931915283,success
"sender: client180, message: > hello from client180"
15,1773961583.353782,1773961585.24288,1.8890981674194336,success
"sender: client180, message: > hello from client180"
16,1773961591.3641,1773961592.74514,1.381040096282959,success
17,1773961599.045579,1773961600.341265,1.2956860065460205,success
"sender: client180, message: > hello from client180"
18,1773961605.8577769,1773961607.80065,1.9428730010986328,success
"sender: client180, message: > hello from client180"
19,1773961613.978303,1773961615.303357,1.3250539302825928,success
"sender: client180, message: > hello from client180"
20,1773961621.00206,1773961622.849424,1.8473639488220215,success
"sender: client180, message: > hello from client180"
21,1773961628.29724,1773961630.336185,2.038944959640503,success
"sender: client180, message: > hello from client180"
