round,send_time,recv_time,rtt,status
5,1773961508.394015,1773961510.1600032,1.7659881114959717,success
6,1773961515.782478,1773961517.536024,1.7535459995269775,success
7,1773961523.5060952,1773961524.9951181,1.489022970199585,success
8,1773961531.253324,1773961532.5160909,1.2627668380737305,success
9,1773961538.646398,1773961540.121984,1.4755859375,success
10,1773961545.822454,1773961547.759555,1.937101125717163,success
11,1773961553.694925,1773961555.157284,1.4623589515686035,success
12,1773961560.8601532,1773961562.665559,1.805405855178833,success
"sender: client233, message: > hello from client233"
13,1773961568.598872,1773961570.1831338,1.5842618942260742,success
"sender: client233, message: > hello from client233"
14,1773961575.843672,1773961577.731901,1.8882288932800293,success
"sender: client233, message: > hello from client233"
15,1773961583.422272,1773961585.2577841,1.8355121612548828,success
16,1773961591.023045,1773961592.758934,1.735888957977295,success
"sender: client233, message: > hello from client233"
17,1773961598.83472,1773961600.3533912,1.5186712741851807,success
"sender: client233, message: > hello from client233"
18,1773961605.761133,1773961607.8097112,2.0485782623291016,success
"sender: client233, message: > hello from client233"
19,1773961614.017836,1773961615.314893,1.2970569133758545,success
"sender: client233, message: > hello from client233"
20,1773961620.840977,1773961622.853002,2.0120251178741455,success
"sender: client233, message: > hello from client233"
21,1773961628.375353,1773961630.350805,1.975451946258545,success
"sender: client233, message: > hello from client233"
