round,send_time,recv_time,rtt,status
4,1773961500.914367,1773961502.817573,1.9032061100006104,success
5,1773961508.2953641,1773961510.145256,1.8498919010162354,success
6,1773961515.766352,1773961517.528735,1.762382984161377,success
7,1773961523.546886,1773961524.9779,1.431014060974121,success
8,1773961531.180331,1773961532.4939919,1.3136608600616455,success
9,1773961538.9444952,1773961540.1423922,1.197896957397461,success
10,1773961546.478351,1773961547.813277,1.334925889968872,success
11,1773961553.9007711,1773961555.156014,1.2552428245544434,success
12,1773961561.00061,1773961562.652311,1.6517009735107422,success
13,1773961568.389086,1773961570.1649458,1.7758598327636719,success
"sender: client167, message: > hello from client167"
14,1773961576.037249,1773961577.7195442,1.6822950839996338,success
"sender: client167, message: > hello from client167"
15,1773961583.538775,1773961585.242563,1.7037880420684814,success
16,1773961591.008472,1773961592.7539241,1.7454521656036377,success
17,1773961599.0093231,1773961600.375246,1.3659229278564453,success
"sender: client167, message: > hello from client167"
18,1773961605.7402549,1773961607.800586,2.060331106185913,success
"sender: client167, message: > hello from client167"
19,1773961613.575872,1773961615.299326,1.7234539985656738,success
"sender: client167, message: > hello from client167"
20,1773961621.072972,1773961622.8375292,1.764557123184204,success
"sender: client167, message: > hello from client167"
21,1773961628.506795,1773961630.3331552,1.8263602256774902,success
"sender: client167, message: > hello from client167"
