round,send_time,recv_time,rtt,status
3,1773961493.632212,1773961495.5708742,1.9386622905731201,success
4,1773961500.944234,1773961502.800179,1.855945110321045,success
5,1773961508.407237,1773961510.129853,1.7226159572601318,success
6,1773961515.8783958,1773961517.500389,1.6219933032989502,success
7,1773961523.4078279,1773961524.96478,1.5569522380828857,success
8,1773961530.912499,1773961532.481438,1.568938970565796,success
9,1773961538.328352,1773961540.103719,1.775367021560669,success
10,1773961545.794642,1773961547.771769,1.9771270751953125,success
11,1773961553.571161,1773961555.1522958,1.5811347961425781,success
12,1773961560.883991,1773961562.637579,1.7535879611968994,success
"sender: client84, message: > hello from client84"
13,1773961568.326282,1773961570.1491032,1.8228211402893066,success
14,1773961575.9453251,1773961577.7016408,1.7563157081604004,success
"sender: client84, message: > hello from client84"
15,1773961583.5634298,1773961585.224092,1.6606621742248535,success
"sender: client84, message: > hello from client84"
16,1773961590.666813,1773961592.7377129,2.0708999633789062,success
"sender: client84, message: > hello from client84"
17,1773961598.762673,1773961600.262041,1.4993681907653809,success
"sender: client84, message: > hello from client84"
18,1773961605.800166,1773961607.791158,1.9909920692443848,success
"sender: client84, message: > hello from client84"
19,1773961614.063086,1773961615.287622,1.2245359420776367,success
"sender: client84, message: > hello from client84"
20,1773961620.802123,1773961622.8318012,2.0296781063079834,success
"sender: client84, message: > hello from client84"
21,1773961628.722576,1773961630.32991,1.6073341369628906,success
