round,send_time,recv_time,rtt,status
3,1773967810.6388946,1773967812.541693,1.9027984142303467,success
4,1773967817.8670278,1773967819.7225971,1.8555693626403809,success
5,1773967825.158588,1773967826.9526386,1.794050693511963,success
6,1773967832.3345594,1773967834.2552261,1.9206666946411133,success
7,1773967839.8459747,1773967841.5918798,1.7459051609039307,success
8,1773967847.151641,1773967848.8700151,1.718374252319336,success
9,1773967854.1098459,1773967856.2301793,2.120333433151245,success
10,1773967861.602578,1773967863.5678422,1.9652643203735352,success
"sender: client119, message: > hello from client119"
11,1773967868.951644,1773967870.9900086,2.0383646488189697,success
12,1773967876.215707,1773967878.2721636,2.0564565658569336,success
13,1773967883.6112907,1773967885.658521,2.0472302436828613,success
"sender: client119, message: > hello from client119"
14,1773967890.9765959,1773967892.994029,2.0174331665039062,success
15,1773967898.3136337,1773967900.34599,2.0323562622070312,success
16,1773967905.6358273,1773967907.6838775,2.0480501651763916,success
"sender: client119, message: > hello from client119"
17,1773967913.0536134,1773967915.055177,2.001563549041748,success
"sender: client119, message: > hello from client119"
18,1773967920.4233077,1773967922.4394224,2.0161147117614746,success
19,1773967927.7163966,1773967929.7809486,2.064552068710327,success
"sender: client119, message: > hello from client119"
20,1773967935.0490644,1773967937.1020682,2.0530037879943848,success
"sender: client119, message: > hello from client119"
