round,send_time,recv_time,rtt,status
8,1773967847.194233,1773967848.8954525,1.7012195587158203,success
9,1773967854.524862,1773967856.2345479,1.7096858024597168,success
10,1773967861.6293387,1773967863.5696576,1.9403188228607178,success
"sender: client481, message: > hello from client481"
11,1773967868.9328983,1773967870.9196332,1.9867348670959473,success
"sender: client481, message: > hello from client481"
12,1773967876.1665635,1773967878.3278158,2.16125226020813,success
"sender: client481, message: > hello from client481"
13,1773967883.6473265,1773967885.6627436,2.0154170989990234,success
"sender: client481, message: > hello from client481"
14,1773967890.7689674,1773967892.9883122,2.2193448543548584,success
"sender: client481, message: > hello from client481"
15,1773967898.2738187,1773967900.5055728,2.2317540645599365,success
16,1773967905.6099176,1773967907.6947837,2.0848660469055176,success
"sender: client481, message: > hello from client481"
17,1773967913.0368433,1773967915.1680756,2.131232261657715,success
"sender: client481, message: > hello from client481"
18,1773967920.3576293,1773967922.4413636,2.0837342739105225,success
19,1773967927.7716484,1773967929.7890244,2.017375946044922,success
20,1773967935.076584,1773967937.119188,2.0426039695739746,success
