round,send_time,recv_time,rtt,status
3,1773967810.6323864,1773967812.5421216,1.9097352027893066,success
4,1773967817.9495292,1773967819.7117312,1.7622020244598389,success
5,1773967825.1536467,1773967826.9859865,1.8323397636413574,success
6,1773967832.5131247,1773967834.2605736,1.7474489212036133,success
7,1773967839.9600546,1773967841.589344,1.6292893886566162,success
8,1773967847.2052824,1773967848.8710492,1.665766716003418,success
9,1773967854.4726639,1773967856.221812,1.7491481304168701,success
10,1773967861.5322096,1773967863.589739,2.0575294494628906,success
11,1773967868.91464,1773967870.9309351,2.0162951946258545,success
"sender: client171, message: > hello from client171"
12,1773967876.1582332,1773967878.3102326,2.1519994735717773,success
"sender: client171, message: > hello from client171"
13,1773967883.6137216,1773967885.6615038,2.0477821826934814,success
"sender: client171, message: > hello from client171"
14,1773967890.8787112,1773967892.9825566,2.1038453578948975,success
"sender: client171, message: > hello from client171"
15,1773967898.2987156,1773967900.3529952,2.0542795658111572,success
16,1773967905.6615238,1773967907.6846569,2.0231330394744873,success
"sender: client171, message: > hello from client171"
17,1773967913.0366774,1773967915.0557182,2.019040822982788,success
18,1773967920.349196,1773967922.4393814,2.0901854038238525,success
19,1773967927.7637386,1773967929.7620294,1.998290777206421,success
"sender: client171, message: > hello from client171"
20,1773967935.0939753,1773967937.117048,2.0230727195739746,success
"sender: client171, message: > hello from client171"
