round,send_time,recv_time,rtt,status
5,1773967825.15571,1773967826.9578614,1.8021514415740967,success
6,1773967832.4712725,1773967834.236942,1.765669584274292,success
7,1773967839.8243475,1773967841.5792572,1.7549097537994385,success
8,1773967847.0942612,1773967848.8723967,1.7781355381011963,success
9,1773967854.1431184,1773967856.2227197,2.079601287841797,success
10,1773967861.6101773,1773967863.5666256,1.9564483165740967,success
11,1773967868.9004464,1773967870.9333835,2.0329370498657227,success
"sender: client309, message: > hello from client309"
12,1773967876.236508,1773967878.2834635,2.0469555854797363,success
"sender: client309, message: > hello from client309"
13,1773967883.6503212,1773967885.668747,2.018425703048706,success
"sender: client309, message: > hello from client309"
14,1773967890.866847,1773967892.9857633,2.1189162731170654,success
"sender: client309, message: > hello from client309"
15,1773967898.1950665,1773967900.3527055,2.1576390266418457,success
"sender: client309, message: > hello from client309"
16,1773967905.682126,1773967907.688078,2.0059518814086914,success
"sender: client309, message: > hello from client309"
17,1773967913.038964,1773967915.0778458,2.038881778717041,success
"sender: client309, message: > hello from client309"
18,1773967920.2705739,1773967922.4378343,2.1672604084014893,success
"sender: client309, message: > hello from client309"
19,1773967927.6421404,1773967929.791661,2.1495206356048584,success
20,1773967935.0523918,1773967937.1325717,2.0801799297332764,success
