round,send_time,recv_time,rtt,status
5,1773967825.0954301,1773967826.968637,1.8732068538665771,success
6,1773967832.4540617,1773967834.2609825,1.8069207668304443,success
7,1773967839.7584121,1773967841.5854166,1.8270044326782227,success
8,1773967847.1847694,1773967848.8962002,1.7114307880401611,success
9,1773967854.078433,1773967856.2416153,2.163182258605957,success
10,1773967861.6311574,1773967863.5666475,1.9354901313781738,success
"sender: client320, message: > hello from client320"
11,1773967868.92061,1773967870.9310622,2.0104522705078125,success
"sender: client320, message: > hello from client320"
12,1773967876.250679,1773967878.2773018,2.026622772216797,success
"sender: client320, message: > hello from client320"
13,1773967883.5897884,1773967885.6646314,2.074842929840088,success
"sender: client320, message: > hello from client320"
14,1773967890.8652093,1773967892.9859188,2.1207094192504883,success
"sender: client320, message: > hello from client320"
15,1773967898.2680852,1773967900.3805697,2.1124844551086426,success
"sender: client320, message: > hello from client320"
16,1773967905.6529431,1773967907.6987913,2.0458481311798096,success
"sender: client320, message: > hello from client320"
17,1773967913.0076034,1773967915.070401,2.0627975463867188,success
"sender: client320, message: > hello from client320"
18,1773967920.353443,1773967922.4405699,2.0871269702911377,success
19,1773967927.6369834,1773967929.7528331,2.115849733352661,success
"sender: client320, message: > hello from client320"
20,1773967935.0914412,1773967937.1183524,2.0269112586975098,success
"sender: client320, message: > hello from client320"
