round,send_time,recv_time,rtt,status
8,1773967847.1621048,1773967848.8857317,1.7236268520355225,success
9,1773967854.3558674,1773967856.259457,1.9035897254943848,success
10,1773967861.5277972,1773967863.5789149,2.0511176586151123,success
"sender: client480, message: > hello from client480"
11,1773967868.7924612,1773967870.92718,2.134718894958496,success
"sender: client480, message: > hello from client480"
12,1773967876.1229699,1773967878.2942367,2.171266794204712,success
"sender: client480, message: > hello from client480"
13,1773967883.5856924,1773967885.7585373,2.172844886779785,success
"sender: client480, message: > hello from client480"
14,1773967890.9675343,1773967893.0905225,2.122988224029541,success
"sender: client480, message: > hello from client480"
15,1773967898.2583268,1773967900.568189,2.3098621368408203,success
16,1773967905.62913,1773967907.7018185,2.072688579559326,success
17,1773967913.0388641,1773967915.2924144,2.2535502910614014,success
"sender: client480, message: > hello from client480"
18,1773967920.3818536,1773967922.4391391,2.0572855472564697,success
19,1773967927.6948886,1773967929.7628217,2.0679330825805664,success
"sender: client480, message: > hello from client480"
20,1773967935.0833974,1773967937.112276,2.028878688812256,success
