round,send_time,recv_time,rtt,status
2,1773961486.375853,1773961488.377453,2.0016000270843506,success
3,1773961493.677349,1773961495.561572,1.8842229843139648,success
4,1773961501.009674,1773961502.7865868,1.7769126892089844,success
5,1773961508.383342,1773961510.115912,1.732569932937622,success
6,1773961515.9960032,1773961517.489061,1.4930579662322998,success
7,1773961523.616678,1773961524.948544,1.3318660259246826,success
8,1773961531.256447,1773961532.467417,1.2109699249267578,success
9,1773961538.1910589,1773961540.106913,1.9158542156219482,success
10,1773961545.843061,1773961547.761835,1.918774127960205,success
11,1773961553.281665,1773961555.1481879,1.8665227890014648,success
12,1773961560.686,1773961562.631299,1.9452989101409912,success
"sender: client21, message: > hello from client21"
13,1773961568.2289338,1773961570.133041,1.9041070938110352,success
"sender: client21, message: > hello from client21"
14,1773961575.4782069,1773961577.71037,2.232163190841675,success
"sender: client21, message: > hello from client21"
15,1773961583.262688,1773961585.210111,1.947422981262207,success
"sender: client21, message: > hello from client21"
16,1773961590.74979,1773961592.743052,1.9932620525360107,success
17,1773961598.8972821,1773961600.247612,1.350329875946045,success
"sender: client21, message: > hello from client21"
18,1773961605.771658,1773961607.771486,1.9998281002044678,success
"sender: client21, message: > hello from client21"
19,1773961613.3126342,1773961615.272256,1.9596216678619385,success
"sender: client21, message: > hello from client21"
20,1773961620.898516,1773961622.8204181,1.9219021797180176,success
"sender: client21, message: > hello from client21"
21,1773961628.39024,1773961630.306664,1.916424036026001,success
"sender: client21, message: > hello from client21"
