round,send_time,recv_time,rtt,status
3,1773961493.611279,1773961495.5779278,1.966648817062378,success
4,1773961500.930517,1773961502.81127,1.8807530403137207,success
5,1773961508.3031712,1773961510.140161,1.8369898796081543,success
6,1773961515.972097,1773961517.516841,1.5447440147399902,success
7,1773961523.595211,1773961524.9724102,1.3771991729736328,success
8,1773961531.146471,1773961532.48635,1.339879035949707,success
9,1773961538.908603,1773961540.132458,1.2238550186157227,success
10,1773961546.339468,1773961547.751293,1.4118249416351318,success
11,1773961553.159925,1773961555.1583831,1.9984581470489502,success
12,1773961560.8116941,1773961562.644371,1.832676887512207,success
"sender: client126, message: > hello from client126"
13,1773961568.5298061,1773961570.156054,1.6262478828430176,success
"sender: client126, message: > hello from client126"
14,1773961575.9090729,1773961577.716156,1.8070831298828125,success
"sender: client126, message: > hello from client126"
15,1773961583.346153,1773961585.234578,1.8884248733520508,success
"sender: client126, message: > hello from client126"
16,1773961591.0092869,1773961592.741558,1.7322711944580078,success
"sender: client126, message: > hello from client126"
17,1773961599.2815192,1773961600.2692292,0.9877099990844727,success
"sender: client126, message: > hello from client126"
18,1773961605.893409,1773961607.794562,1.9011530876159668,success
"sender: client126, message: > hello from client126"
19,1773961614.056282,1773961615.292178,1.2358958721160889,success
"sender: client126, message: > hello from client126"
20,1773961620.9166322,1773961622.83764,1.9210078716278076,success
"sender: client126, message: > hello from client126"
21,1773961628.620084,1773961630.332698,1.7126140594482422,success
"sender: client126, message: > hello from client126"
