round,send_time,recv_time,rtt,status
3,1773967810.569844,1773967812.5390413,1.9691972732543945,success
4,1773967817.9192774,1773967819.711834,1.7925565242767334,success
5,1773967825.0387645,1773967826.9535258,1.9147613048553467,success
6,1773967832.2877805,1773967834.261164,1.9733834266662598,success
7,1773967839.702105,1773967841.5894158,1.8873107433319092,success
8,1773967847.2123692,1773967848.8693576,1.6569883823394775,success
9,1773967854.0727406,1773967856.2415056,2.168765068054199,success
10,1773967861.6228473,1773967863.5907273,1.9678800106048584,success
11,1773967868.7776382,1773967870.9186337,2.140995502471924,success
"sender: client174, message: > hello from client174"
12,1773967876.215258,1773967878.3354645,2.120206594467163,success
13,1773967883.5709589,1773967885.654307,2.083348035812378,success
14,1773967890.975307,1773967892.9824774,2.0071704387664795,success
"sender: client174, message: > hello from client174"
15,1773967898.2894068,1773967900.3767962,2.0873894691467285,success
"sender: client174, message: > hello from client174"
16,1773967905.6561425,1773967907.6848588,2.0287163257598877,success
"sender: client174, message: > hello from client174"
17,1773967913.0593026,1773967915.0644946,2.0051920413970947,success
"sender: client174, message: > hello from client174"
18,1773967920.421652,1773967922.4200869,1.9984347820281982,success
"sender: client174, message: > hello from client174"
19,1773967927.7011254,1773967929.789747,2.0886216163635254,success
"sender: client174, message: > hello from client174"
20,1773967935.0889933,1773967937.1271298,2.0381364822387695,success
"sender: client174, message: > hello from client174"
