round,send_time,recv_time,rtt,status
2,1773967803.4444795,1773967805.3674417,1.9229621887207031,success
3,1773967810.652011,1773967812.541918,1.8899071216583252,success
4,1773967817.9445837,1773967819.722509,1.7779252529144287,success
5,1773967824.9983125,1773967826.9820416,1.9837291240692139,success
6,1773967832.0720544,1773967834.2500343,2.1779799461364746,success
7,1773967839.8195467,1773967841.5832078,1.7636611461639404,success
8,1773967847.1138754,1773967848.866535,1.752659559249878,success
9,1773967854.4605289,1773967856.2349522,1.774423360824585,success
10,1773967861.5980783,1773967863.562185,1.964106798171997,success
"sender: client54, message: > hello from client54"
11,1773967868.8847134,1773967870.9124546,2.0277411937713623,success
"sender: client54, message: > hello from client54"
12,1773967876.2233238,1773967878.2802153,2.056891441345215,success
"sender: client54, message: > hello from client54"
13,1773967883.6655982,1773967885.6502602,1.9846620559692383,success
"sender: client54, message: > hello from client54"
14,1773967890.9776075,1773967892.9820876,2.0044801235198975,success
"sender: client54, message: > hello from client54"
15,1773967898.3222144,1773967900.3737905,2.0515761375427246,success
"sender: client54, message: > hello from client54"
16,1773967905.6349893,1773967907.6946845,2.059695243835449,success
"sender: client54, message: > hello from client54"
17,1773967913.02209,1773967915.0546467,2.0325567722320557,success
"sender: client54, message: > hello from client54"
18,1773967920.4140208,1773967922.4460213,2.0320005416870117,success
"sender: client54, message: > hello from client54"
19,1773967927.714,1773967929.7488177,2.034817695617676,success
20,1773967935.0185745,1773967937.1035979,2.0850234031677246,success
"sender: client54, message: > hello from client54"
