round,send_time,recv_time,rtt,status
3,1773961493.567023,1773961495.5645351,1.9975121021270752,success
4,1773961500.96415,1773961502.792871,1.828721046447754,success
5,1773961508.366765,1773961510.123153,1.7563879489898682,success
6,1773961515.9354591,1773961517.497697,1.5622379779815674,success
7,1773961523.556628,1773961524.959286,1.4026579856872559,success
8,1773961530.993671,1773961532.474818,1.481147050857544,success
9,1773961538.258954,1773961540.136693,1.8777389526367188,success
10,1773961545.980621,1773961547.808117,1.827495813369751,success
11,1773961553.172102,1773961555.154526,1.982424020767212,success
12,1773961560.672786,1773961562.6304598,1.9576737880706787,success
"sender: client58, message: > hello from client58"
13,1773961568.199859,1773961570.145494,1.9456350803375244,success
"sender: client58, message: > hello from client58"
14,1773961575.618101,1773961577.7010932,2.0829923152923584,success
"sender: client58, message: > hello from client58"
15,1773961583.133544,1773961585.2209039,2.08735990524292,success
"sender: client58, message: > hello from client58"
16,1773961590.683876,1773961592.737185,2.0533089637756348,success
17,1773961598.904114,1773961600.257237,1.3531229496002197,success
"sender: client58, message: > hello from client58"
18,1773961605.8200278,1773961607.7829618,1.9629340171813965,success
19,1773961613.365757,1773961615.28103,1.9152729511260986,success
"sender: client58, message: > hello from client58"
20,1773961620.977202,1773961622.8214998,1.8442978858947754,success
"sender: client58, message: > hello from client58"
21,1773961628.322185,1773961630.315331,1.9931459426879883,success
"sender: client58, message: > hello from client58"
