round,send_time,recv_time,rtt,status
5,1773967825.0176694,1773967826.956105,1.9384355545043945,success
6,1773967832.5140371,1773967834.2616024,1.7475652694702148,success
7,1773967839.7705693,1773967841.589071,1.8185017108917236,success
8,1773967847.1976845,1773967848.8959525,1.698267936706543,success
9,1773967854.5174963,1773967856.235431,1.7179346084594727,success
10,1773967861.6071007,1773967863.5878732,1.9807724952697754,success
11,1773967868.7950203,1773967870.9186518,2.123631477355957,success
12,1773967876.2488754,1773967878.2631981,2.0143227577209473,success
"sender: client266, message: > hello from client266"
13,1773967883.5449836,1773967885.7642865,2.2193028926849365,success
"sender: client266, message: > hello from client266"
14,1773967890.935431,1773967892.9845996,2.049168586730957,success
"sender: client266, message: > hello from client266"
15,1773967898.2960756,1773967900.3590088,2.0629332065582275,success
"sender: client266, message: > hello from client266"
16,1773967905.5762427,1773967907.708767,2.132524251937866,success
17,1773967913.0617232,1773967915.0903823,2.0286591053009033,success
"sender: client266, message: > hello from client266"
18,1773967920.2844944,1773967922.4175496,2.1330552101135254,success
"sender: client266, message: > hello from client266"
19,1773967927.744688,1773967929.7520525,2.007364511489868,success
"sender: client266, message: > hello from client266"
20,1773967935.085255,1773967937.1064456,2.021190643310547,success
"sender: client266, message: > hello from client266"
