round,send_time,recv_time,rtt,status
7,1773961523.395062,1773961525.0233312,1.6282691955566406,success
8,1773961531.005409,1773961532.6086771,1.6032681465148926,success
9,1773961538.2792299,1773961540.1118479,1.832617998123169,success
10,1773961545.771831,1773961547.7678459,1.9960148334503174,success
11,1773961553.226623,1773961555.183792,1.9571690559387207,success
12,1773961560.774266,1773961562.6930208,1.9187548160552979,success
"sender: client376, message: > hello from client376"
13,1773961568.353066,1773961570.2052102,1.8521442413330078,success
"sender: client376, message: > hello from client376"
14,1773961575.670815,1773961577.763745,2.0929300785064697,success
"sender: client376, message: > hello from client376"
15,1773961583.233094,1773961585.2871208,2.0540268421173096,success
"sender: client376, message: > hello from client376"
16,1773961591.246847,1773961592.785873,1.5390260219573975,success
"sender: client376, message: > hello from client376"
17,1773961599.157033,1773961600.36741,1.2103769779205322,success
"sender: client376, message: > hello from client376"
18,1773961606.29881,1773961607.8336651,1.5348551273345947,success
"sender: client376, message: > hello from client376"
19,1773961613.6911979,1773961615.34691,1.6557121276855469,success
"sender: client376, message: > hello from client376"
20,1773961621.181673,1773961622.8776672,1.6959941387176514,success
"sender: client376, message: > hello from client376"
21,1773961628.570944,1773961630.375615,1.804670810699463,success
"sender: client376, message: > hello from client376"
