round,send_time,recv_time,rtt,status
3,1773967810.647327,1773967812.5417657,1.8944387435913086,success
4,1773967817.903189,1773967819.7126215,1.8094325065612793,success
5,1773967825.1217942,1773967826.9532998,1.831505537033081,success
6,1773967832.4591618,1773967834.2605798,1.8014180660247803,success
7,1773967839.974329,1773967841.5806174,1.6062884330749512,success
8,1773967847.22536,1773967848.8693867,1.644026756286621,success
9,1773967854.505204,1773967856.253242,1.7480380535125732,success
10,1773967861.5376234,1773967863.5881987,2.0505752563476562,success
"sender: client156, message: > hello from client156"
11,1773967868.941063,1773967870.9319088,1.9908459186553955,success
"sender: client156, message: > hello from client156"
12,1773967876.1569483,1773967878.28324,2.1262917518615723,success
13,1773967883.6456234,1773967885.6539116,2.0082881450653076,success
"sender: client156, message: > hello from client156"
14,1773967890.9066293,1773967893.0192137,2.112584352493286,success
"sender: client156, message: > hello from client156"
15,1773967898.3184834,1773967900.3547914,2.0363080501556396,success
"sender: client156, message: > hello from client156"
16,1773967905.6720004,1773967907.6846352,2.012634754180908,success
"sender: client156, message: > hello from client156"
17,1773967913.0630207,1773967915.0769558,2.013935089111328,success
"sender: client156, message: > hello from client156"
18,1773967920.3579214,1773967922.4111686,2.0532472133636475,success
"sender: client156, message: > hello from client156"
19,1773967927.7346034,1773967929.7881339,2.05353045463562,success
20,1773967935.0284557,1773967937.1046305,2.076174736022949,success
"sender: client156, message: > hello from client156"
