round,send_time,recv_time,rtt,status
2,1773961486.377038,1773961488.3877828,2.01074481010437,success
3,1773961493.620905,1773961495.564467,1.9435620307922363,success
4,1773961500.973989,1773961502.79282,1.818830966949463,success
5,1773961508.2189481,1773961510.1237051,1.904757022857666,success
6,1773961515.9392178,1773961517.496572,1.557354211807251,success
7,1773961523.340514,1773961524.959141,1.6186270713806152,success
8,1773961531.22628,1773961532.4710069,1.2447268962860107,success
9,1773961538.247097,1773961540.106716,1.859618902206421,success
10,1773961545.925612,1773961547.8047721,1.8791601657867432,success
11,1773961553.235457,1773961555.154512,1.9190549850463867,success
12,1773961560.677739,1773961562.630919,1.9531800746917725,success
"sender: client57, message: > hello from client57"
13,1773961568.2471192,1773961570.151188,1.9040687084197998,success
"sender: client57, message: > hello from client57"
14,1773961575.512573,1773961577.701055,2.1884820461273193,success
15,1773961583.4519858,1773961585.21912,1.767134189605713,success
"sender: client57, message: > hello from client57"
16,1773961590.6361349,1773961592.739938,2.1038031578063965,success
"sender: client57, message: > hello from client57"
17,1773961598.754665,1773961600.2519622,1.4972972869873047,success
"sender: client57, message: > hello from client57"
18,1773961605.734765,1773961607.782561,2.0477960109710693,success
"sender: client57, message: > hello from client57"
19,1773961613.3315232,1773961615.284696,1.9531729221343994,success
"sender: client57, message: > hello from client57"
20,1773961620.758836,1773961622.822749,2.063912868499756,success
"sender: client57, message: > hello from client57"
21,1773961628.426958,1773961630.315418,1.8884599208831787,success
"sender: client57, message: > hello from client57"
