round,send_time,recv_time,rtt,status
3,1773961493.578395,1773961495.5778298,1.9994349479675293,success
4,1773961500.91422,1773961502.8143418,1.9001216888427734,success
5,1773961508.427788,1773961510.143455,1.7156670093536377,success
6,1773961515.942556,1773961517.517246,1.5746901035308838,success
7,1773961523.502059,1773961524.9727669,1.470707893371582,success
8,1773961531.04048,1773961532.488501,1.4480211734771729,success
9,1773961538.952032,1773961540.107311,1.1552789211273193,success
10,1773961546.323084,1773961547.75142,1.4283359050750732,success
11,1773961553.2173471,1773961555.1552398,1.9378926753997803,success
12,1773961560.684036,1773961562.65091,1.9668738842010498,success
13,1773961568.254534,1773961570.157353,1.9028189182281494,success
"sender: client134, message: > hello from client134"
14,1773961575.530022,1773961577.72507,2.1950480937957764,success
15,1773961583.4942222,1773961585.236211,1.7419888973236084,success
16,1773961590.966321,1773961592.740482,1.7741611003875732,success
"sender: client134, message: > hello from client134"
17,1773961598.953887,1773961600.2708921,1.3170051574707031,success
"sender: client134, message: > hello from client134"
18,1773961605.878551,1773961607.795989,1.91743803024292,success
19,1773961613.683834,1773961615.2914,1.6075658798217773,success
"sender: client134, message: > hello from client134"
20,1773961621.187815,1773961622.838664,1.6508491039276123,success
"sender: client134, message: > hello from client134"
21,1773961628.499776,1773961630.3417358,1.8419599533081055,success
"sender: client134, message: > hello from client134"
