round,send_time,recv_time,rtt,status
4,1773967817.7956533,1773967819.7143486,1.9186952114105225,success
5,1773967825.0319214,1773967826.9699733,1.9380519390106201,success
6,1773967832.2934666,1773967834.251738,1.9582715034484863,success
7,1773967839.9439256,1773967841.5875845,1.6436588764190674,success
8,1773967847.2337315,1773967848.897208,1.6634764671325684,success
9,1773967854.504943,1773967856.2344553,1.7295124530792236,success
10,1773967861.527567,1773967863.5815318,2.053964853286743,success
"sender: client249, message: > hello from client249"
11,1773967868.9487965,1773967870.9386532,1.9898567199707031,success
"sender: client249, message: > hello from client249"
12,1773967876.2128832,1773967878.2912407,2.078357458114624,success
13,1773967883.63703,1773967885.6628077,2.025777816772461,success
"sender: client249, message: > hello from client249"
14,1773967890.9714139,1773967893.0193214,2.047907590866089,success
15,1773967898.2530494,1773967900.3758883,2.1228389739990234,success
"sender: client249, message: > hello from client249"
16,1773967905.6800928,1773967907.6861372,2.006044387817383,success
17,1773967913.04058,1773967915.0877583,2.047178268432617,success
"sender: client249, message: > hello from client249"
18,1773967920.4233434,1773967922.4450653,2.021721839904785,success
"sender: client249, message: > hello from client249"
19,1773967927.6448557,1773967929.7515993,2.106743574142456,success
"sender: client249, message: > hello from client249"
20,1773967935.0390725,1773967937.1061552,2.067082643508911,success
"sender: client249, message: > hello from client249"
