round,send_time,recv_time,rtt,status
4,1773967817.8250725,1773967819.7183146,1.8932421207427979,success
5,1773967824.9960375,1773967826.9540246,1.9579870700836182,success
6,1773967832.3207712,1773967834.249673,1.9289016723632812,success
7,1773967839.9794226,1773967841.590938,1.6115155220031738,success
8,1773967847.0932553,1773967848.8696,1.7763447761535645,success
9,1773967854.4721484,1773967856.2231622,1.7510137557983398,success
"sender: client194, message: > hello from client194"
10,1773967861.6121385,1773967863.5791087,1.9669702053070068,success
"sender: client194, message: > hello from client194"
11,1773967868.8673077,1773967870.9216454,2.054337739944458,success
"sender: client194, message: > hello from client194"
12,1773967876.2063928,1773967878.3466218,2.1402289867401123,success
13,1773967883.605241,1773967885.6693575,2.0641164779663086,success
"sender: client194, message: > hello from client194"
14,1773967890.9278977,1773967892.9834323,2.055534601211548,success
"sender: client194, message: > hello from client194"
15,1773967898.3134108,1773967900.3863745,2.0729637145996094,success
"sender: client194, message: > hello from client194"
16,1773967905.6592865,1773967907.7113953,2.0521087646484375,success
17,1773967913.00665,1773967915.0790262,2.072376251220703,success
"sender: client194, message: > hello from client194"
18,1773967920.4232879,1773967922.4065766,1.9832887649536133,success
19,1773967927.7009897,1773967929.7906516,2.0896618366241455,success
20,1773967935.0563073,1773967937.1259773,2.0696699619293213,success
"sender: client194, message: > hello from client194"
