round,send_time,recv_time,rtt,status
7,1773961523.461302,1773961525.023005,1.5617029666900635,success
8,1773961530.8735921,1773961532.6056478,1.7320556640625,success
9,1773961538.9446552,1773961540.136409,1.19175386428833,success
10,1773961546.512946,1773961547.804299,1.2913532257080078,success
11,1773961553.9371111,1773961555.180552,1.243440866470337,success
12,1773961561.0423481,1773961562.6912498,1.6489017009735107,success
"sender: client364, message: > hello from client364"
13,1773961568.126105,1773961570.205787,2.079681873321533,success
"sender: client364, message: > hello from client364"
14,1773961575.5921888,1773961577.7592661,2.1670773029327393,success
15,1773961583.333647,1773961585.28201,1.9483630657196045,success
16,1773961591.026944,1773961592.784966,1.7580220699310303,success
17,1773961598.829155,1773961600.3670359,1.5378808975219727,success
"sender: client364, message: > hello from client364"
18,1773961606.381854,1773961607.829359,1.447504997253418,success
19,1773961613.691201,1773961615.3467479,1.6555469036102295,success
"sender: client364, message: > hello from client364"
20,1773961621.092837,1773961622.875406,1.7825689315795898,success
"sender: client364, message: > hello from client364"
21,1773961628.775645,1773961630.372263,1.5966179370880127,success
"sender: client364, message: > hello from client364"
