round,send_time,recv_time,rtt,status
8,1773961531.150697,1773961532.609783,1.4590859413146973,success
9,1773961538.6743429,1773961540.133879,1.459536075592041,success
10,1773961546.486822,1773961547.809717,1.3228950500488281,success
11,1773961553.98496,1773961555.189207,1.204246997833252,success
12,1773961560.879443,1773961562.700941,1.821498155593872,success
13,1773961568.5486221,1773961570.2097778,1.6611557006835938,success
"sender: client407, message: > hello from client407"
14,1773961575.8100429,1773961577.8059242,1.9958813190460205,success
"sender: client407, message: > hello from client407"
15,1773961583.428885,1773961585.291299,1.8624141216278076,success
16,1773961591.043027,1773961592.790247,1.7472200393676758,success
"sender: client407, message: > hello from client407"
17,1773961598.965976,1773961600.342226,1.3762500286102295,success
18,1773961606.277436,1773961607.841443,1.564007043838501,success
"sender: client407, message: > hello from client407"
19,1773961613.682168,1773961615.35443,1.6722619533538818,success
"sender: client407, message: > hello from client407"
20,1773961620.906532,1773961622.883765,1.9772329330444336,success
21,1773961628.263275,1773961630.379137,2.1158621311187744,success
"sender: client407, message: > hello from client407"
