round,send_time,recv_time,rtt,status
4,1773961500.906954,1773961502.8168771,1.9099230766296387,success
5,1773961508.410239,1773961510.144217,1.733978033065796,success
6,1773961515.6449049,1773961517.517872,1.87296724319458,success
7,1773961523.307251,1773961524.977489,1.6702380180358887,success
8,1773961531.245381,1773961532.4939818,1.248600721359253,success
9,1773961538.953898,1773961540.1547751,1.2008771896362305,success
10,1773961545.859405,1773961547.764659,1.9052538871765137,success
11,1773961553.2015328,1773961555.155723,1.9541902542114258,success
12,1773961560.679483,1773961562.647273,1.967790126800537,success
"sender: client148, message: > hello from client148"
13,1773961568.674606,1773961570.1674051,1.4927990436553955,success
"sender: client148, message: > hello from client148"
14,1773961575.738121,1773961577.730919,1.9927978515625,success
"sender: client148, message: > hello from client148"
15,1773961583.451942,1773961585.2385752,1.7866332530975342,success
"sender: client148, message: > hello from client148"
16,1773961590.9863591,1773961592.741947,1.7555878162384033,success
"sender: client148, message: > hello from client148"
17,1773961598.984693,1773961600.274427,1.28973388671875,success
"sender: client148, message: > hello from client148"
18,1773961605.8489048,1773961607.794276,1.945371150970459,success
"sender: client148, message: > hello from client148"
19,1773961613.5665832,1773961615.2974038,1.730820655822754,success
"sender: client148, message: > hello from client148"
20,1773961621.13135,1773961622.836448,1.7050979137420654,success
"sender: client148, message: > hello from client148"
21,1773961628.369663,1773961630.330719,1.9610559940338135,success
"sender: client148, message: > hello from client148"
