round,send_time,recv_time,rtt,status
2,1773961486.36876,1773961488.3838441,2.0150840282440186,success
3,1773961493.669015,1773961495.560204,1.8911890983581543,success
4,1773961500.977046,1773961502.789234,1.812187910079956,success
5,1773961508.4277818,1773961510.120585,1.692803144454956,success
6,1773961515.7199528,1773961517.4949498,1.7749969959259033,success
7,1773961523.4449291,1773961524.953485,1.5085558891296387,success
8,1773961531.2587478,1773961532.469274,1.2105262279510498,success
9,1773961538.234884,1773961540.1079931,1.8731091022491455,success
10,1773961545.519299,1773961547.8370209,2.3177218437194824,success
11,1773961553.197331,1773961555.156887,1.9595561027526855,success
12,1773961560.789495,1773961562.630262,1.8407669067382812,success
"sender: client36, message: > hello from client36"
13,1773961568.274945,1773961570.136649,1.861703872680664,success
"sender: client36, message: > hello from client36"
14,1773961575.499177,1773961577.7081668,2.2089898586273193,success
"sender: client36, message: > hello from client36"
15,1773961583.2977889,1773961585.213931,1.916142225265503,success
"sender: client36, message: > hello from client36"
16,1773961590.8066099,1773961592.751074,1.9444642066955566,success
"sender: client36, message: > hello from client36"
17,1773961599.0034711,1773961600.2506418,1.2471706867218018,success
"sender: client36, message: > hello from client36"
18,1773961605.836241,1773961607.7750468,1.9388058185577393,success
"sender: client36, message: > hello from client36"
19,1773961613.341887,1773961615.277441,1.935554027557373,success
"sender: client36, message: > hello from client36"
20,1773961621.044372,1773961622.8212109,1.776838779449463,success
"sender: client36, message: > hello from client36"
21,1773961628.252688,1773961630.308141,2.055453062057495,success
