round,send_time,recv_time,rtt,status
5,1773961508.253128,1773961510.1557708,1.9026427268981934,success
6,1773961515.75015,1773961517.529979,1.7798290252685547,success
7,1773961523.485288,1773961524.986094,1.5008060932159424,success
8,1773961531.23,1773961532.5101771,1.280177116394043,success
9,1773961538.906163,1773961540.106271,1.2001080513000488,success
10,1773961546.5038562,1773961547.851506,1.3476498126983643,success
11,1773961554.066973,1773961555.1509068,1.0839338302612305,success
12,1773961560.7857358,1773961562.661226,1.8754901885986328,success
"sender: client201, message: > hello from client201"
13,1773961568.2925382,1773961570.1728342,1.880295991897583,success
"sender: client201, message: > hello from client201"
14,1773961575.9497962,1773961577.72961,1.7798137664794922,success
"sender: client201, message: > hello from client201"
15,1773961583.547938,1773961585.248637,1.7006988525390625,success
16,1773961590.887402,1773961592.76244,1.8750379085540771,success
"sender: client201, message: > hello from client201"
17,1773961598.787717,1773961600.3818948,1.5941777229309082,success
"sender: client201, message: > hello from client201"
18,1773961605.730216,1773961607.805853,2.075636863708496,success
"sender: client201, message: > hello from client201"
19,1773961613.398187,1773961615.30713,1.9089431762695312,success
20,1773961621.159543,1773961622.849569,1.690026044845581,success
"sender: client201, message: > hello from client201"
21,1773961628.604799,1773961630.345325,1.7405259609222412,success
"sender: client201, message: > hello from client201"
