round,send_time,recv_time,rtt,status
1,1773967796.263683,1773967798.2645414,2.0008583068847656,success
2,1773967803.4372318,1773967805.3686361,1.9314043521881104,success
3,1773967810.5587327,1773967812.5291507,1.9704179763793945,success
4,1773967817.785165,1773967819.705809,1.9206440448760986,success
5,1773967825.1572511,1773967826.9655795,1.80832839012146,success
6,1773967832.5100904,1773967834.2325187,1.722428321838379,success
7,1773967839.7859042,1773967841.58069,1.794785737991333,success
8,1773967847.2314396,1773967848.865728,1.6342883110046387,success
9,1773967854.097186,1773967856.2319453,2.1347591876983643,success
10,1773967861.5214763,1773967863.5694149,2.047938585281372,success
11,1773967868.918136,1773967870.9911723,2.0730364322662354,success
12,1773967876.2084448,1773967878.2833135,2.074868679046631,success
"sender: client20, message: > hello from client20"
13,1773967883.5880566,1773967885.6494594,2.0614027976989746,success
14,1773967890.9346397,1773967893.0077758,2.0731360912323,success
15,1773967898.3167157,1773967900.3455014,2.0287857055664062,success
"sender: client20, message: > hello from client20"
16,1773967905.6489496,1773967907.6933692,2.044419527053833,success
"sender: client20, message: > hello from client20"
17,1773967913.041567,1773967915.0293999,1.98783278465271,success
18,1773967920.3781934,1773967922.421014,2.042820692062378,success
"sender: client20, message: > hello from client20"
19,1773967927.7103393,1773967929.7483065,2.0379672050476074,success
"sender: client20, message: > hello from client20"
20,1773967935.0525408,1773967937.1015558,2.0490150451660156,success
"sender: client20, message: > hello from client20"
