round,send_time,recv_time,rtt,status
4,1773967817.7898152,1773967819.7225647,1.9327495098114014,success
5,1773967824.942867,1773967826.9669445,2.0240774154663086,success
6,1773967832.412763,1773967834.2514846,1.838721513748169,success
7,1773967839.860075,1773967841.5841649,1.7240898609161377,success
8,1773967847.2339582,1773967848.9022624,1.668304204940796,success
9,1773967854.377526,1773967856.2681353,1.8906092643737793,success
10,1773967861.6251228,1773967863.5890968,1.9639739990234375,success
11,1773967868.9703674,1773967870.9181874,1.9478199481964111,success
"sender: client245, message: > hello from client245"
12,1773967876.238076,1773967878.273077,2.035001039505005,success
13,1773967883.6201153,1773967885.668804,2.0486886501312256,success
"sender: client245, message: > hello from client245"
14,1773967890.984583,1773967892.9839709,1.9993879795074463,success
"sender: client245, message: > hello from client245"
15,1773967898.2777696,1773967900.3836517,2.105882167816162,success
"sender: client245, message: > hello from client245"
16,1773967905.6696658,1773967907.7029407,2.0332748889923096,success
17,1773967913.0355642,1773967915.0623777,2.026813507080078,success
"sender: client245, message: > hello from client245"
18,1773967920.4109633,1773967922.4445317,2.0335683822631836,success
"sender: client245, message: > hello from client245"
19,1773967927.7683074,1773967929.7908657,2.0225582122802734,success
20,1773967935.0964859,1773967937.1359086,2.0394227504730225,success
"sender: client245, message: > hello from client245"
