round,send_time,recv_time,rtt,status
6,1773961515.839123,1773961517.5484002,1.7092771530151367,success
7,1773961523.5756302,1773961525.00543,1.4297997951507568,success
8,1773961531.057289,1773961532.60204,1.5447511672973633,success
9,1773961538.8180249,1773961540.134638,1.3166131973266602,success
10,1773961546.309097,1773961547.8054678,1.496370792388916,success
11,1773961553.8418229,1773961555.17955,1.3377270698547363,success
12,1773961560.772564,1773961562.6825442,1.909980297088623,success
13,1773961568.143759,1773961570.188608,2.044848918914795,success
"sender: client294, message: > hello from client294"
14,1773961575.560124,1773961577.7613099,2.201185941696167,success
"sender: client294, message: > hello from client294"
15,1773961583.3871229,1773961585.267684,1.880561113357544,success
16,1773961591.1555579,1773961592.773917,1.618359088897705,success
"sender: client294, message: > hello from client294"
17,1773961599.285687,1773961600.3407428,1.055055856704712,success
"sender: client294, message: > hello from client294"
18,1773961606.136568,1773961607.818308,1.6817400455474854,success
"sender: client294, message: > hello from client294"
19,1773961613.6955142,1773961615.327946,1.6324317455291748,success
"sender: client294, message: > hello from client294"
20,1773961621.094034,1773961622.863012,1.7689781188964844,success
"sender: client294, message: > hello from client294"
21,1773961628.544928,1773961630.358778,1.813849925994873,success
"sender: client294, message: > hello from client294"
