round,send_time,recv_time,rtt,status
5,1773967825.1712732,1773967826.967366,1.7960927486419678,success
6,1773967832.367239,1773967834.2454944,1.8782553672790527,success
7,1773967839.9780378,1773967841.5805955,1.60255765914917,success
8,1773967847.2299094,1773967848.8912785,1.6613690853118896,success
9,1773967854.4256918,1773967856.258997,1.8333051204681396,success
10,1773967861.6340332,1773967863.5867271,1.9526939392089844,success
11,1773967868.9319837,1773967870.9187448,1.9867610931396484,success
12,1773967876.2553346,1773967878.3323774,2.077042818069458,success
13,1773967883.6265852,1773967885.918379,2.2917938232421875,success
"sender: client267, message: > hello from client267"
14,1773967890.950868,1773967892.9855053,2.034637451171875,success
"sender: client267, message: > hello from client267"
15,1773967898.3245327,1773967900.3538947,2.0293619632720947,success
"sender: client267, message: > hello from client267"
16,1773967905.6754503,1773967907.6864314,2.0109810829162598,success
17,1773967913.020079,1773967915.070062,2.049983024597168,success
"sender: client267, message: > hello from client267"
18,1773967920.420583,1773967922.411955,1.9913721084594727,success
"sender: client267, message: > hello from client267"
19,1773967927.7288454,1773967929.787192,2.058346748352051,success
20,1773967935.0316808,1773967937.1271985,2.095517635345459,success
"sender: client267, message: > hello from client267"
