round,send_time,recv_time,rtt,status
6,1773967832.4989927,1773967834.2531157,1.7541229724884033,success
7,1773967839.7744346,1773967841.582847,1.8084125518798828,success
8,1773967847.1111977,1773967848.8726566,1.7614588737487793,success
9,1773967854.052848,1773967856.2233052,2.170457124710083,success
"sender: client333, message: > hello from client333"
10,1773967861.6762912,1773967863.582858,1.906566858291626,success
"sender: client333, message: > hello from client333"
11,1773967868.849086,1773967870.951652,2.1025660037994385,success
12,1773967876.2392757,1773967878.284302,2.0450263023376465,success
"sender: client333, message: > hello from client333"
13,1773967883.6610525,1773967885.6691196,2.0080671310424805,success
"sender: client333, message: > hello from client333"
14,1773967890.9702075,1773967892.9870706,2.0168631076812744,success
"sender: client333, message: > hello from client333"
15,1773967898.2610242,1773967900.4824736,2.221449375152588,success
"sender: client333, message: > hello from client333"
16,1773967905.6328368,1773967907.6891308,2.0562939643859863,success
"sender: client333, message: > hello from client333"
17,1773967913.0362394,1773967915.0632553,2.0270159244537354,success
18,1773967920.4010844,1773967922.4387777,2.0376932621002197,success
19,1773967927.7142563,1773967929.7526665,2.038410186767578,success
"sender: client333, message: > hello from client333"
20,1773967935.040812,1773967937.1260629,2.0852508544921875,success
"sender: client333, message: > hello from client333"
