round,send_time,recv_time,rtt,status
5,1773961508.266473,1773961510.163327,1.8968539237976074,success
6,1773961515.9065301,1773961517.536096,1.629565954208374,success
7,1773961523.5030348,1773961524.997659,1.494624137878418,success
8,1773961531.205778,1773961532.516195,1.3104171752929688,success
9,1773961538.804648,1773961540.127977,1.323328971862793,success
10,1773961546.142011,1773961547.8103418,1.6683309078216553,success
11,1773961553.997431,1773961555.171375,1.1739439964294434,success
12,1773961560.846194,1773961562.665843,1.8196489810943604,success
"sender: client241, message: > hello from client241"
13,1773961568.2405,1773961570.181918,1.941417932510376,success
"sender: client241, message: > hello from client241"
14,1773961575.498143,1773961577.7364202,2.2382771968841553,success
"sender: client241, message: > hello from client241"
15,1773961583.152096,1773961585.2585962,2.1065001487731934,success
16,1773961591.355516,1773961592.765019,1.4095029830932617,success
17,1773961598.893564,1773961600.34021,1.446645975112915,success
"sender: client241, message: > hello from client241"
18,1773961605.812983,1773961607.811709,1.9987258911132812,success
"sender: client241, message: > hello from client241"
19,1773961613.567573,1773961615.3199308,1.7523577213287354,success
"sender: client241, message: > hello from client241"
20,1773961621.016613,1773961622.852944,1.8363308906555176,success
"sender: client241, message: > hello from client241"
21,1773961628.5574489,1773961630.350911,1.7934620380401611,success
"sender: client241, message: > hello from client241"
