round,send_time,recv_time,rtt,status
2,1773961486.381672,1773961488.3857138,2.004041910171509,success
3,1773961493.593477,1773961495.562922,1.969444990158081,success
4,1773961500.95197,1773961502.790612,1.838641881942749,success
5,1773961508.3166962,1773961510.12161,1.8049137592315674,success
6,1773961515.889971,1773961517.495598,1.6056270599365234,success
7,1773961523.6023,1773961524.9536378,1.3513379096984863,success
8,1773961531.0186272,1773961532.470633,1.4520058631896973,success
9,1773961538.1653361,1773961540.1292648,1.9639286994934082,success
10,1773961545.782214,1773961547.804203,2.021989107131958,success
11,1773961553.293779,1773961555.154306,1.8605270385742188,success
12,1773961560.9745212,1773961562.629011,1.6544897556304932,success
13,1773961568.143765,1773961570.153538,2.009773015975952,success
14,1773961575.619228,1773961577.699383,2.08015513420105,success
"sender: client47, message: > hello from client47"
15,1773961583.477655,1773961585.219347,1.741692066192627,success
16,1773961590.746925,1773961592.7356439,1.9887187480926514,success
"sender: client47, message: > hello from client47"
17,1773961598.886851,1773961600.251863,1.3650119304656982,success
"sender: client47, message: > hello from client47"
18,1773961605.8715808,1773961607.780729,1.9091482162475586,success
"sender: client47, message: > hello from client47"
19,1773961613.327998,1773961615.280363,1.9523651599884033,success
"sender: client47, message: > hello from client47"
20,1773961620.883316,1773961622.82025,1.936933994293213,success
"sender: client47, message: > hello from client47"
21,1773961628.377496,1773961630.311569,1.9340729713439941,success
"sender: client47, message: > hello from client47"
