round,send_time,recv_time,rtt,status
8,1773961530.893054,1773961532.605193,1.7121388912200928,success
9,1773961538.898046,1773961540.137825,1.239778995513916,success
10,1773961546.4699368,1773961547.760041,1.2901041507720947,success
11,1773961553.79547,1773961555.194408,1.3989379405975342,success
12,1773961560.9519491,1773961562.705868,1.7539188861846924,success
"sender: client436, message: > hello from client436"
13,1773961568.708545,1773961570.218337,1.5097920894622803,success
"sender: client436, message: > hello from client436"
14,1773961576.143778,1773961577.7849789,1.6412007808685303,success
"sender: client436, message: > hello from client436"
15,1773961583.3887732,1773961585.2967758,1.9080026149749756,success
"sender: client436, message: > hello from client436"
16,1773961590.792799,1773961592.796787,2.003988027572632,success
"sender: client436, message: > hello from client436"
17,1773961598.8398788,1773961600.33871,1.4988312721252441,success
"sender: client436, message: > hello from client436"
18,1773961606.389995,1773961607.849302,1.4593069553375244,success
"sender: client436, message: > hello from client436"
19,1773961613.3684192,1773961615.359643,1.9912238121032715,success
"sender: client436, message: > hello from client436"
20,1773961620.903857,1773961622.885181,1.9813239574432373,success
"sender: client436, message: > hello from client436"
21,1773961628.76433,1773961630.385806,1.621476173400879,success
