round,send_time,recv_time,rtt,status
4,1773967817.7299633,1773967819.7207131,1.9907498359680176,success
5,1773967825.120364,1773967826.9810944,1.8607304096221924,success
6,1773967832.395263,1773967834.2354589,1.840195894241333,success
7,1773967839.9621305,1773967841.5852935,1.6231629848480225,success
8,1773967847.217068,1773967848.8710876,1.6540195941925049,success
9,1773967854.5078828,1773967856.2229474,1.715064525604248,success
10,1773967861.5116704,1773967863.6115956,2.0999252796173096,success
11,1773967868.9156394,1773967870.991189,2.075549602508545,success
12,1773967876.234494,1773967878.2719839,2.037489891052246,success
"sender: client189, message: > hello from client189"
13,1773967883.6179771,1773967885.6630917,2.045114517211914,success
"sender: client189, message: > hello from client189"
14,1773967890.888831,1773967893.0188935,2.1300625801086426,success
15,1773967898.3192296,1773967900.3849988,2.0657691955566406,success
"sender: client189, message: > hello from client189"
16,1773967905.6757426,1773967907.6852887,2.0095460414886475,success
"sender: client189, message: > hello from client189"
17,1773967913.036405,1773967915.0683289,2.031923770904541,success
"sender: client189, message: > hello from client189"
18,1773967920.3466294,1773967922.4117885,2.0651590824127197,success
19,1773967927.7227306,1773967929.7880821,2.0653514862060547,success
20,1773967935.0913444,1773967937.105141,2.01379656791687,success
