round,send_time,recv_time,rtt,status
6,1773967832.4071069,1773967834.250842,1.8437352180480957,success
7,1773967839.9299858,1773967841.5801258,1.6501400470733643,success
8,1773967847.1330283,1773967848.872772,1.739743709564209,success
9,1773967854.3701475,1773967856.2409468,1.8707993030548096,success
"sender: client335, message: > hello from client335"
10,1773967861.6139765,1773967863.5792964,1.9653198719024658,success
"sender: client335, message: > hello from client335"
11,1773967868.9680088,1773967870.94476,1.9767513275146484,success
"sender: client335, message: > hello from client335"
12,1773967876.209879,1773967878.332286,2.1224069595336914,success
13,1773967883.663459,1773967885.6692913,2.0058321952819824,success
"sender: client335, message: > hello from client335"
14,1773967890.9666634,1773967892.986208,2.0195446014404297,success
"sender: client335, message: > hello from client335"
15,1773967898.3227406,1773967900.4960506,2.1733100414276123,success
"sender: client335, message: > hello from client335"
16,1773967905.6510894,1773967907.6988559,2.0477664470672607,success
17,1773967913.0493934,1773967915.0632825,2.0138890743255615,success
"sender: client335, message: > hello from client335"
18,1773967920.3523793,1773967922.4461844,2.0938050746917725,success
"sender: client335, message: > hello from client335"
19,1773967927.768069,1773967929.7868595,2.0187904834747314,success
20,1773967935.0177155,1773967937.1234217,2.105706214904785,success
"sender: client335, message: > hello from client335"
