round,send_time,recv_time,rtt,status
7,1773961523.465216,1773961525.012759,1.5475430488586426,success
8,1773961531.051693,1773961532.60258,1.550887107849121,success
9,1773961538.813472,1773961540.1302762,1.3168041706085205,success
10,1773961546.167348,1773961547.775889,1.6085410118103027,success
11,1773961553.229557,1773961555.1737971,1.9442400932312012,success
12,1773961560.776439,1773961562.688127,1.9116880893707275,success
"sender: client334, message: > hello from client334"
13,1773961568.387233,1773961570.1975172,1.81028413772583,success
"sender: client334, message: > hello from client334"
14,1773961575.605833,1773961577.7832808,2.17744779586792,success
"sender: client334, message: > hello from client334"
15,1773961583.232225,1773961585.277434,2.0452091693878174,success
"sender: client334, message: > hello from client334"
16,1773961590.69373,1773961592.778445,2.084714889526367,success
"sender: client334, message: > hello from client334"
17,1773961599.297484,1773961600.339287,1.0418031215667725,success
"sender: client334, message: > hello from client334"
18,1773961606.10982,1773961607.824188,1.7143681049346924,success
"sender: client334, message: > hello from client334"
19,1773961613.694576,1773961615.334547,1.6399710178375244,success
"sender: client334, message: > hello from client334"
20,1773961621.185184,1773961622.868006,1.6828219890594482,success
"sender: client334, message: > hello from client334"
21,1773961628.473856,1773961630.364265,1.890408992767334,success
"sender: client334, message: > hello from client334"
