round,send_time,recv_time,rtt,status
5,1773967825.1140482,1773967826.9563036,1.8422553539276123,success
6,1773967832.5110488,1773967834.2465177,1.735468864440918,success
7,1773967839.743517,1773967841.5798364,1.8363194465637207,success
8,1773967847.0873322,1773967848.8715627,1.7842304706573486,success
9,1773967854.1119835,1773967856.227855,2.1158714294433594,success
"sender: client275, message: > hello from client275"
10,1773967861.6762724,1773967863.5657623,1.8894898891448975,success
11,1773967868.870566,1773967870.9334648,2.062898874282837,success
12,1773967876.1589255,1773967878.347264,2.1883385181427,success
13,1773967883.6450748,1773967885.657144,2.0120692253112793,success
14,1773967890.9567778,1773967892.9850352,2.028257369995117,success
"sender: client275, message: > hello from client275"
15,1773967898.2320638,1773967900.388666,2.156602144241333,success
"sender: client275, message: > hello from client275"
16,1773967905.580903,1773967907.7170665,2.1361634731292725,success
17,1773967913.0441084,1773967915.0863113,2.042202949523926,success
"sender: client275, message: > hello from client275"
18,1773967920.4165385,1773967922.4120998,1.9955613613128662,success
"sender: client275, message: > hello from client275"
19,1773967927.7716634,1773967929.7651417,1.9934782981872559,success
"sender: client275, message: > hello from client275"
20,1773967935.052473,1773967937.1231377,2.070664644241333,success
