round,send_time,recv_time,rtt,status
4,1773967817.9242039,1773967819.7208962,1.7966923713684082,success
5,1773967825.1669526,1773967826.9543068,1.7873542308807373,success
6,1773967832.4683623,1773967834.235497,1.767134666442871,success
7,1773967839.8745594,1773967841.5627182,1.6881587505340576,success
8,1773967847.171887,1773967848.8701413,1.6982543468475342,success
9,1773967854.3584423,1773967856.2232761,1.8648338317871094,success
10,1773967861.6305823,1773967863.5890806,1.958498239517212,success
11,1773967868.7531757,1773967870.9261045,2.172928810119629,success
"sender: client196, message: > hello from client196"
12,1773967876.2557063,1773967878.2636378,2.0079314708709717,success
"sender: client196, message: > hello from client196"
13,1773967883.645362,1773967885.6717634,2.0264015197753906,success
14,1773967890.941651,1773967892.9938776,2.0522265434265137,success
"sender: client196, message: > hello from client196"
15,1773967898.3148928,1773967900.3798952,2.06500244140625,success
"sender: client196, message: > hello from client196"
16,1773967905.5041113,1773967907.704295,2.200183629989624,success
17,1773967913.018086,1773967915.0771663,2.0590803623199463,success
"sender: client196, message: > hello from client196"
18,1773967920.417927,1773967922.4065099,1.9885828495025635,success
"sender: client196, message: > hello from client196"
19,1773967927.7386582,1773967929.759927,2.021268844604492,success
"sender: client196, message: > hello from client196"
20,1773967935.095775,1773967937.1248715,2.0290966033935547,success
