round,send_time,recv_time,rtt,status
5,1773967825.1208198,1773967826.9571052,1.8362853527069092,success
6,1773967832.4965584,1773967834.23679,1.7402315139770508,success
7,1773967839.9223177,1773967841.5854354,1.6631176471710205,success
8,1773967847.1490276,1773967848.8720076,1.72298002243042,success
9,1773967854.5176222,1773967856.2377613,1.7201390266418457,success
"sender: client301, message: > hello from client301"
10,1773967861.6225939,1773967863.5666637,1.9440698623657227,success
"sender: client301, message: > hello from client301"
11,1773967868.9551792,1773967870.9163866,1.961207389831543,success
"sender: client301, message: > hello from client301"
12,1773967876.2217982,1773967878.2846842,2.0628859996795654,success
"sender: client301, message: > hello from client301"
13,1773967883.669004,1773967885.7597642,2.0907602310180664,success
"sender: client301, message: > hello from client301"
14,1773967890.9303071,1773967892.9852881,2.054980993270874,success
"sender: client301, message: > hello from client301"
15,1773967898.2539036,1773967900.4978337,2.2439301013946533,success
"sender: client301, message: > hello from client301"
16,1773967905.6459577,1773967907.7131894,2.0672316551208496,success
17,1773967913.0283453,1773967915.0626903,2.0343449115753174,success
18,1773967920.4178796,1773967922.4120615,1.9941818714141846,success
"sender: client301, message: > hello from client301"
19,1773967927.7218814,1773967929.7879891,2.066107749938965,success
20,1773967935.038209,1773967937.1097474,2.0715384483337402,success
"sender: client301, message: > hello from client301"
