round,send_time,recv_time,rtt,status
4,1773961500.905971,1773961502.8146272,1.908656120300293,success
5,1773961508.405546,1773961510.1437,1.7381539344787598,success
6,1773961515.9859269,1773961517.51751,1.5315830707550049,success
7,1773961523.4723861,1773961524.972801,1.5004148483276367,success
8,1773961531.235235,1773961532.493634,1.2583990097045898,success
9,1773961538.749975,1773961540.137813,1.3878381252288818,success
10,1773961546.2109041,1773961547.808204,1.5972998142242432,success
11,1773961553.1806662,1773961555.1507132,1.9700469970703125,success
12,1773961560.669875,1773961562.6489952,1.9791202545166016,success
"sender: client142, message: > hello from client142"
13,1773961568.6130528,1773961570.1631942,1.5501413345336914,success
"sender: client142, message: > hello from client142"
14,1773961575.7673018,1773961577.722717,1.9554152488708496,success
15,1773961583.170771,1773961585.236238,2.065467119216919,success
16,1773961590.941028,1773961592.740654,1.7996258735656738,success
"sender: client142, message: > hello from client142"
17,1773961599.1342568,1773961600.341542,1.2072851657867432,success
"sender: client142, message: > hello from client142"
18,1773961605.8934999,1773961607.794372,1.9008722305297852,success
"sender: client142, message: > hello from client142"
19,1773961614.021197,1773961615.296743,1.2755458354949951,success
"sender: client142, message: > hello from client142"
20,1773961620.9123368,1773961622.837742,1.9254052639007568,success
"sender: client142, message: > hello from client142"
21,1773961628.756313,1773961630.3306,1.574286937713623,success
