round,send_time,recv_time,rtt,status
5,1773961508.149285,1773961510.159779,2.0104939937591553,success
6,1773961515.847757,1773961517.532633,1.6848759651184082,success
7,1773961523.473269,1773961524.989676,1.5164070129394531,success
8,1773961531.266179,1773961532.5107899,1.2446107864379883,success
9,1773961538.850951,1773961540.108107,1.2571561336517334,success
10,1773961546.502275,1773961547.751578,1.2493031024932861,success
11,1773961553.984724,1773961555.172531,1.1878068447113037,success
12,1773961560.882132,1773961562.6646342,1.7825021743774414,success
"sender: client221, message: > hello from client221"
13,1773961568.245781,1773961570.182292,1.9365110397338867,success
"sender: client221, message: > hello from client221"
14,1773961575.517845,1773961577.7306528,2.2128078937530518,success
"sender: client221, message: > hello from client221"
15,1773961583.140224,1773961585.257442,2.117218017578125,success
"sender: client221, message: > hello from client221"
16,1773961591.075509,1773961592.763155,1.6876459121704102,success
"sender: client221, message: > hello from client221"
17,1773961598.781816,1773961600.378447,1.5966310501098633,success
"sender: client221, message: > hello from client221"
18,1773961605.896307,1773961607.8096871,1.9133801460266113,success
"sender: client221, message: > hello from client221"
19,1773961613.4036858,1773961615.314612,1.910926103591919,success
"sender: client221, message: > hello from client221"
20,1773961621.043466,1773961622.8518589,1.8083927631378174,success
"sender: client221, message: > hello from client221"
21,1773961628.77465,1773961630.346677,1.5720269680023193,success
"sender: client221, message: > hello from client221"
