round,send_time,recv_time,rtt,status
7,1773961523.351258,1773961525.009699,1.6584410667419434,success
8,1773961531.015989,1773961532.602564,1.5865750312805176,success
9,1773961538.7951732,1773961540.110558,1.315384864807129,success
10,1773961546.157598,1773961547.753758,1.5961599349975586,success
11,1773961553.797997,1773961555.177592,1.3795950412750244,success
12,1773961560.572279,1773961562.6905322,2.118253231048584,success
"sender: client328, message: > hello from client328"
13,1773961568.6201699,1773961570.197237,1.5770671367645264,success
"sender: client328, message: > hello from client328"
14,1773961575.5187042,1773961577.77857,2.2598657608032227,success
15,1773961583.1974342,1773961585.276045,2.078610897064209,success
"sender: client328, message: > hello from client328"
16,1773961591.026806,1773961592.7774878,1.7506816387176514,success
"sender: client328, message: > hello from client328"
17,1773961598.807699,1773961600.34013,1.5324311256408691,success
"sender: client328, message: > hello from client328"
18,1773961606.392732,1773961607.8241742,1.4314422607421875,success
"sender: client328, message: > hello from client328"
19,1773961614.0979369,1773961615.334104,1.2361671924591064,success
"sender: client328, message: > hello from client328"
20,1773961621.028408,1773961622.868236,1.8398280143737793,success
"sender: client328, message: > hello from client328"
21,1773961628.678616,1773961630.364733,1.6861169338226318,success
"sender: client328, message: > hello from client328"
