round,send_time,recv_time,rtt,status
2,1773967803.4123855,1773967805.3675861,1.9552006721496582,success
3,1773967810.6509845,1773967812.5352914,1.8843069076538086,success
4,1773967817.8497796,1773967819.7211146,1.8713350296020508,success
5,1773967825.1355586,1773967826.9523964,1.8168377876281738,success
6,1773967832.3084342,1773967834.2507746,1.94234037399292,success
7,1773967839.8921463,1773967841.587407,1.695260763168335,success
8,1773967847.042373,1773967848.900703,1.8583300113677979,success
9,1773967854.4257352,1773967856.241601,1.8158657550811768,success
10,1773967861.6403399,1773967863.5674348,1.9270949363708496,success
"sender: client109, message: > hello from client109"
11,1773967868.880757,1773967870.9652336,2.0844764709472656,success
12,1773967876.2489069,1773967878.2684054,2.019498586654663,success
"sender: client109, message: > hello from client109"
13,1773967883.6534836,1773967885.6584148,2.0049312114715576,success
"sender: client109, message: > hello from client109"
14,1773967890.9205055,1773967893.0094693,2.088963747024536,success
"sender: client109, message: > hello from client109"
15,1773967898.2944539,1773967900.3477147,2.0532608032226562,success
16,1773967905.600813,1773967907.6835046,2.0826916694641113,success
"sender: client109, message: > hello from client109"
17,1773967912.9885314,1773967915.0310829,2.0425515174865723,success
"sender: client109, message: > hello from client109"
18,1773967920.4182622,1773967922.442637,2.0243747234344482,success
19,1773967927.7527692,1773967929.7491708,1.9964015483856201,success
20,1773967935.001595,1773967937.1304219,2.128826856613159,success
"sender: client109, message: > hello from client109"
