round,send_time,recv_time,rtt,status
8,1773961531.144833,1773961532.608906,1.4640729427337646,success
9,1773961538.649158,1773961540.161111,1.5119531154632568,success
10,1773961546.275174,1773961547.766525,1.4913511276245117,success
11,1773961553.737748,1773961555.194737,1.456989049911499,success
12,1773961560.887915,1773961562.7061708,1.81825590133667,success
"sender: client429, message: > hello from client429"
13,1773961568.5626,1773961570.21767,1.6550700664520264,success
14,1773961575.744978,1773961577.802046,2.057068109512329,success
"sender: client429, message: > hello from client429"
15,1773961583.506809,1773961585.296792,1.7899830341339111,success
"sender: client429, message: > hello from client429"
16,1773961590.788852,1773961592.7960918,2.007239818572998,success
17,1773961599.137723,1773961600.38379,1.2460670471191406,success
"sender: client429, message: > hello from client429"
18,1773961606.367361,1773961607.844568,1.4772069454193115,success
"sender: client429, message: > hello from client429"
19,1773961614.098807,1773961615.3595421,1.260735034942627,success
"sender: client429, message: > hello from client429"
20,1773961620.976342,1773961622.884374,1.908031940460205,success
"sender: client429, message: > hello from client429"
21,1773961628.507655,1773961630.3858979,1.8782429695129395,success
"sender: client429, message: > hello from client429"
