round,send_time,recv_time,rtt,status
7,1773961523.537326,1773961525.022997,1.485670804977417,success
8,1773961531.0537221,1773961532.6070669,1.5533447265625,success
9,1773961538.6387892,1773961540.140867,1.5020778179168701,success
10,1773961546.268793,1773961547.807063,1.5382699966430664,success
11,1773961553.936874,1773961555.1850188,1.2481448650360107,success
12,1773961560.827321,1773961562.691134,1.8638129234313965,success
"sender: client365, message: > hello from client365"
13,1773961568.187883,1773961570.20452,2.016637086868286,success
"sender: client365, message: > hello from client365"
14,1773961575.68656,1773961577.784105,2.0975451469421387,success
15,1773961583.576973,1773961585.281706,1.70473313331604,success
16,1773961590.814145,1773961592.783987,1.9698419570922852,success
17,1773961599.111663,1773961600.3376262,1.2259631156921387,success
"sender: client365, message: > hello from client365"
18,1773961606.3135428,1773961607.830139,1.5165960788726807,success
19,1773961613.696355,1773961615.345182,1.6488268375396729,success
"sender: client365, message: > hello from client365"
20,1773961620.9993238,1773961622.87499,1.8756661415100098,success
"sender: client365, message: > hello from client365"
21,1773961628.3937762,1773961630.371787,1.978010892868042,success
"sender: client365, message: > hello from client365"
