round,send_time,recv_time,rtt,status
3,1773961493.62275,1773961495.571027,1.9482769966125488,success
4,1773961500.983079,1773961502.800454,1.8173749446868896,success
5,1773961508.3692741,1773961510.129693,1.7604188919067383,success
6,1773961515.9048991,1773961517.501229,1.596329927444458,success
7,1773961523.457255,1773961524.9653802,1.5081253051757812,success
8,1773961531.1205492,1773961532.481584,1.361034870147705,success
9,1773961538.35462,1773961540.158217,1.8035969734191895,success
10,1773961546.453839,1773961547.7517,1.297860860824585,success
11,1773961553.254977,1773961555.154834,1.8998570442199707,success
12,1773961560.75551,1773961562.640535,1.8850250244140625,success
"sender: client92, message: > hello from client92"
13,1773961568.2621381,1773961570.155138,1.8929998874664307,success
14,1773961575.68743,1773961577.7072241,2.019794225692749,success
"sender: client92, message: > hello from client92"
15,1773961583.157904,1773961585.22867,2.070765972137451,success
"sender: client92, message: > hello from client92"
16,1773961591.149583,1773961592.736136,1.5865528583526611,success
"sender: client92, message: > hello from client92"
17,1773961598.8615072,1773961600.266269,1.404761791229248,success
"sender: client92, message: > hello from client92"
18,1773961605.6886468,1773961607.7913432,2.102696418762207,success
"sender: client92, message: > hello from client92"
19,1773961613.3190668,1773961615.2830799,1.9640130996704102,success
"sender: client92, message: > hello from client92"
20,1773961620.785496,1773961622.825988,2.040492057800293,success
21,1773961628.4584079,1773961630.330579,1.87217116355896,success
"sender: client92, message: > hello from client92"
