round,send_time,recv_time,rtt,status
4,1773961500.891797,1773961502.8228962,1.9310991764068604,success
5,1773961508.296354,1773961510.149899,1.8535449504852295,success
6,1773961515.952935,1773961517.528876,1.5759410858154297,success
7,1773961523.475169,1773961524.9833589,1.5081899166107178,success
8,1773961531.156729,1773961532.4949381,1.3382091522216797,success
9,1773961538.925906,1773961540.1081479,1.1822419166564941,success
10,1773961546.512146,1773961547.806116,1.2939701080322266,success
11,1773961553.809514,1773961555.169107,1.3595929145812988,success
12,1773961560.9240808,1773961562.652081,1.7280001640319824,success
"sender: client171, message: > hello from client171"
13,1773961568.510466,1773961570.1645598,1.6540937423706055,success
"sender: client171, message: > hello from client171"
14,1773961575.860157,1773961577.717346,1.8571889400482178,success
"sender: client171, message: > hello from client171"
15,1773961583.417314,1773961585.2424068,1.8250927925109863,success
"sender: client171, message: > hello from client171"
16,1773961591.0755289,1773961592.760213,1.6846840381622314,success
"sender: client171, message: > hello from client171"
17,1773961598.924408,1773961600.277287,1.3528790473937988,success
"sender: client171, message: > hello from client171"
18,1773961605.819175,1773961607.8009,1.9817249774932861,success
"sender: client171, message: > hello from client171"
19,1773961614.0591922,1773961615.303034,1.2438418865203857,success
"sender: client171, message: > hello from client171"
20,1773961620.9290261,1773961622.836789,1.9077627658843994,success
21,1773961628.56614,1773961630.335454,1.7693140506744385,success
"sender: client171, message: > hello from client171"
