round,send_time,recv_time,rtt,status
6,1773961515.92623,1773961517.543309,1.6170790195465088,success
7,1773961523.43381,1773961525.004009,1.5701990127563477,success
8,1773961531.0292811,1773961532.601491,1.5722098350524902,success
9,1773961538.870168,1773961540.134316,1.2641479969024658,success
10,1773961546.515893,1773961547.833565,1.3176720142364502,success
11,1773961554.0305312,1773961555.1663501,1.1358189582824707,success
12,1773961560.57345,1773961562.6728919,2.0994417667388916,success
"sender: client268, message: > hello from client268"
13,1773961568.647176,1773961570.186239,1.5390629768371582,success
"sender: client268, message: > hello from client268"
14,1773961575.588792,1773961577.7525902,2.1637980937957764,success
15,1773961583.440327,1773961585.263353,1.823026180267334,success
"sender: client268, message: > hello from client268"
16,1773961591.2468622,1773961592.766606,1.5197439193725586,success
"sender: client268, message: > hello from client268"
17,1773961598.7928221,1773961600.384964,1.59214186668396,success
"sender: client268, message: > hello from client268"
18,1773961606.329945,1773961607.8161001,1.4861550331115723,success
"sender: client268, message: > hello from client268"
19,1773961613.926223,1773961615.320759,1.394536018371582,success
"sender: client268, message: > hello from client268"
20,1773961621.053519,1773961622.8561192,1.8026001453399658,success
"sender: client268, message: > hello from client268"
21,1773961628.77297,1773961630.354783,1.581813097000122,success
"sender: client268, message: > hello from client268"
