round,send_time,recv_time,rtt,status
4,1773967817.8552353,1773967819.7199852,1.8647499084472656,success
5,1773967825.0696054,1773967826.9691093,1.8995039463043213,success
6,1773967832.4782472,1773967834.2505703,1.7723231315612793,success
7,1773967839.7862778,1773967841.5801911,1.7939133644104004,success
8,1773967847.1516376,1773967848.869928,1.7182903289794922,success
9,1773967854.1210144,1773967856.2568893,2.1358749866485596,success
10,1773967861.5327373,1773967863.564921,2.0321836471557617,success
"sender: client219, message: > hello from client219"
11,1773967868.8699892,1773967870.9411716,2.0711824893951416,success
"sender: client219, message: > hello from client219"
12,1773967876.2442462,1773967878.274311,2.030064821243286,success
13,1773967883.665139,1773967885.6683948,2.003255844116211,success
"sender: client219, message: > hello from client219"
14,1773967890.9243612,1773967893.0173151,2.09295392036438,success
"sender: client219, message: > hello from client219"
15,1773967898.305357,1773967900.3810315,2.075674533843994,success
"sender: client219, message: > hello from client219"
16,1773967905.653302,1773967907.6855118,2.032209873199463,success
"sender: client219, message: > hello from client219"
17,1773967913.0601256,1773967915.0681407,2.0080151557922363,success
"sender: client219, message: > hello from client219"
18,1773967920.3913484,1773967922.4115314,2.0201830863952637,success
19,1773967927.7381408,1773967929.7567205,2.0185797214508057,success
20,1773967934.9959397,1773967937.10548,2.1095402240753174,success
"sender: client219, message: > hello from client219"
