round,send_time,recv_time,rtt,status
7,1773967839.9315724,1773967841.663823,1.732250452041626,success
8,1773967847.1609292,1773967848.8976312,1.7367019653320312,success
9,1773967854.446037,1773967856.2283,1.7822630405426025,success
10,1773967861.631299,1773967863.5827947,1.95149564743042,success
"sender: client403, message: > hello from client403"
11,1773967868.966195,1773967870.9285336,1.9623384475708008,success
"sender: client403, message: > hello from client403"
12,1773967876.202494,1773967878.321494,2.119000196456909,success
"sender: client403, message: > hello from client403"
13,1773967883.6086764,1773967885.8976488,2.2889723777770996,success
"sender: client403, message: > hello from client403"
14,1773967890.9710512,1773967892.9880776,2.017026424407959,success
"sender: client403, message: > hello from client403"
15,1773967898.3223622,1773967900.56828,2.245917797088623,success
"sender: client403, message: > hello from client403"
16,1773967905.681029,1773967907.7031674,2.0221383571624756,success
17,1773967912.9853306,1773967915.063783,2.0784523487091064,success
"sender: client403, message: > hello from client403"
18,1773967920.4238718,1773967922.6347115,2.2108397483825684,success
"sender: client403, message: > hello from client403"
19,1773967927.7668376,1773967929.7832139,2.016376256942749,success
"sender: client403, message: > hello from client403"
20,1773967935.0334985,1773967937.3347192,2.301220655441284,success
"sender: client403, message: > hello from client403"
