round,send_time,recv_time,rtt,status
4,1773967817.8664722,1773967819.7200346,1.853562355041504,success
5,1773967825.1161358,1773967826.986245,1.8701090812683105,success
6,1773967832.2841005,1773967834.246904,1.9628033638000488,success
7,1773967839.9104662,1773967841.5801058,1.6696395874023438,success
8,1773967847.2215798,1773967848.871324,1.6497442722320557,success
9,1773967854.3583214,1773967856.2239559,1.8656344413757324,success
10,1773967861.633641,1773967863.5796165,1.9459755420684814,success
"sender: client208, message: > hello from client208"
11,1773967868.953953,1773967870.9885392,2.034586191177368,success
12,1773967876.2194371,1773967878.3323035,2.1128664016723633,success
"sender: client208, message: > hello from client208"
13,1773967883.632017,1773967885.6704776,2.0384607315063477,success
"sender: client208, message: > hello from client208"
14,1773967890.9171836,1773967892.9844208,2.067237138748169,success
15,1773967898.2479033,1773967900.3779004,2.1299970149993896,success
16,1773967905.628739,1773967907.6853657,2.056626558303833,success
"sender: client208, message: > hello from client208"
17,1773967913.0502706,1773967915.0670283,2.0167577266693115,success
"sender: client208, message: > hello from client208"
18,1773967920.3900201,1773967922.4378464,2.0478262901306152,success
19,1773967927.6782105,1773967929.763846,2.0856354236602783,success
"sender: client208, message: > hello from client208"
20,1773967935.0687337,1773967937.1265137,2.0577800273895264,success
"sender: client208, message: > hello from client208"
