round,send_time,recv_time,rtt,status
3,1773967810.6517787,1773967812.5399916,1.8882129192352295,success
4,1773967817.8533654,1773967819.711783,1.8584175109863281,success
5,1773967825.1108952,1773967826.9534657,1.8425705432891846,success
6,1773967832.5059538,1773967834.2469165,1.7409627437591553,success
7,1773967839.9780655,1773967841.589205,1.6111395359039307,success
8,1773967847.2253253,1773967848.8691993,1.643873929977417,success
9,1773967854.522084,1773967856.2217493,1.6996653079986572,success
10,1773967861.6124623,1773967863.5973275,1.9848651885986328,success
11,1773967868.9157846,1773967870.9325845,2.0167999267578125,success
"sender: client166, message: > hello from client166"
12,1773967876.2238042,1773967878.27104,2.0472357273101807,success
"sender: client166, message: > hello from client166"
13,1773967883.6030352,1773967885.6540368,2.05100154876709,success
"sender: client166, message: > hello from client166"
14,1773967890.9367921,1773967893.0076342,2.0708420276641846,success
"sender: client166, message: > hello from client166"
15,1773967898.2693017,1773967900.3758545,2.106552839279175,success
16,1773967905.6024108,1773967907.6849093,2.082498550415039,success
"sender: client166, message: > hello from client166"
17,1773967913.0593355,1773967915.0555282,1.9961926937103271,success
"sender: client166, message: > hello from client166"
18,1773967920.3893704,1773967922.4404926,2.0511221885681152,success
19,1773967927.735413,1773967929.7630136,2.0276005268096924,success
"sender: client166, message: > hello from client166"
20,1773967935.0264568,1773967937.1168923,2.09043550491333,success
