round,send_time,recv_time,rtt,status
2,1773961486.4030788,1773961488.3773031,1.974224328994751,success
3,1773961493.659033,1773961495.557939,1.8989059925079346,success
4,1773961500.975444,1773961502.786399,1.8109548091888428,success
5,1773961508.36746,1773961510.114971,1.7475109100341797,success
6,1773961515.891756,1773961517.487315,1.5955588817596436,success
7,1773961523.620919,1773961524.948298,1.3273789882659912,success
8,1773961531.272011,1773961532.464074,1.1920628547668457,success
9,1773961538.357943,1773961540.104002,1.7460589408874512,success
10,1773961546.005228,1773961547.756732,1.7515039443969727,success
11,1773961553.330349,1773961555.14539,1.8150410652160645,success
12,1773961560.561266,1773961562.630602,2.0693359375,success
"sender: client12, message: > hello from client12"
13,1773961568.260973,1773961570.133157,1.8721840381622314,success
"sender: client12, message: > hello from client12"
14,1773961575.552319,1773961577.71672,2.164401054382324,success
"sender: client12, message: > hello from client12"
15,1773961583.302513,1773961585.209435,1.9069221019744873,success
"sender: client12, message: > hello from client12"
16,1773961590.780608,1773961592.737685,1.9570770263671875,success
"sender: client12, message: > hello from client12"
17,1773961599.079808,1773961600.2487838,1.168975830078125,success
"sender: client12, message: > hello from client12"
18,1773961605.8027399,1773961607.771113,1.9683730602264404,success
"sender: client12, message: > hello from client12"
19,1773961613.351169,1773961615.266273,1.9151039123535156,success
"sender: client12, message: > hello from client12"
20,1773961620.965884,1773961622.818329,1.852445125579834,success
"sender: client12, message: > hello from client12"
21,1773961628.5848708,1773961630.306345,1.7214741706848145,success
"sender: client12, message: > hello from client12"
