round,send_time,recv_time,rtt,status
3,1773967810.5469751,1773967812.5377703,1.9907951354980469,success
4,1773967817.7963233,1773967819.7224672,1.9261438846588135,success
5,1773967825.170011,1773967826.952593,1.7825820446014404,success
6,1773967832.4212844,1773967834.2615933,1.8403089046478271,success
7,1773967839.7692876,1773967841.5636132,1.794325590133667,success
8,1773967847.1389725,1773967848.868168,1.7291955947875977,success
9,1773967854.3229425,1773967856.2325802,1.909637689590454,success
10,1773967861.6259346,1773967863.5992498,1.9733152389526367,success
"sender: client124, message: > hello from client124"
11,1773967868.9798803,1773967870.9310312,1.951150894165039,success
"sender: client124, message: > hello from client124"
12,1773967876.2140098,1773967878.2841215,2.0701117515563965,success
"sender: client124, message: > hello from client124"
13,1773967883.5805802,1773967885.6527047,2.072124481201172,success
"sender: client124, message: > hello from client124"
14,1773967890.9558012,1773967892.9901586,2.0343573093414307,success
"sender: client124, message: > hello from client124"
15,1773967898.3124468,1773967900.3764515,2.06400465965271,success
16,1773967905.678984,1773967907.704148,2.0251641273498535,success
17,1773967913.0604506,1773967915.0547225,1.994271993637085,success
"sender: client124, message: > hello from client124"
18,1773967920.3796523,1773967922.447316,2.0676636695861816,success
"sender: client124, message: > hello from client124"
19,1773967927.7578187,1773967929.7869413,2.0291225910186768,success
20,1773967934.9226162,1773967937.1038632,2.1812469959259033,success
"sender: client124, message: > hello from client124"
