round,send_time,recv_time,rtt,status
9,1773961538.177255,1773961540.1458292,1.9685742855072021,success
10,1773961546.252734,1773961547.808404,1.5556700229644775,success
11,1773961554.034055,1773961555.2044978,1.170442819595337,success
12,1773961561.052584,1773961562.715573,1.6629891395568848,success
"sender: client487, message: > hello from client487"
13,1773961568.156141,1773961570.235543,2.079401969909668,success
"sender: client487, message: > hello from client487"
14,1773961575.4710689,1773961577.77748,2.306411027908325,success
"sender: client487, message: > hello from client487"
15,1773961583.511656,1773961585.313138,1.8014819622039795,success
"sender: client487, message: > hello from client487"
16,1773961590.816271,1773961592.805633,1.9893620014190674,success
"sender: client487, message: > hello from client487"
17,1773961599.2930932,1773961600.37863,1.0855367183685303,success
"sender: client487, message: > hello from client487"
18,1773961605.876823,1773961607.8557,1.978877067565918,success
"sender: client487, message: > hello from client487"
19,1773961613.346955,1773961615.443806,2.096850872039795,success
"sender: client487, message: > hello from client487"
20,1773961621.01179,1773961622.896868,1.885077953338623,success
"sender: client487, message: > hello from client487"
21,1773961628.653975,1773961630.395574,1.7415990829467773,success
"sender: client487, message: > hello from client487"
