round,send_time,recv_time,rtt,status
2,1773961486.410175,1773961488.3772538,1.967078685760498,success
3,1773961493.633038,1773961495.559707,1.9266688823699951,success
4,1773961501.012701,1773961502.786093,1.7733919620513916,success
5,1773961508.3692641,1773961510.1147919,1.745527744293213,success
6,1773961515.903255,1773961517.4870558,1.5838007926940918,success
7,1773961523.5848708,1773961524.94837,1.3634991645812988,success
8,1773961531.011032,1773961532.464287,1.4532549381256104,success
9,1773961538.317924,1773961540.141883,1.8239588737487793,success
10,1773961545.8719912,1773961547.747114,1.8751227855682373,success
11,1773961553.358506,1773961555.149459,1.7909529209136963,success
12,1773961560.580152,1773961562.627956,2.0478038787841797,success
"sender: client13, message: > hello from client13"
13,1773961568.2622578,1773961570.1329138,1.8706560134887695,success
"sender: client13, message: > hello from client13"
14,1773961575.566986,1773961577.7171469,2.150160789489746,success
"sender: client13, message: > hello from client13"
15,1773961583.509705,1773961585.209399,1.6996939182281494,success
"sender: client13, message: > hello from client13"
16,1773961590.7289531,1773961592.7389472,2.0099940299987793,success
"sender: client13, message: > hello from client13"
17,1773961598.887758,1773961600.251344,1.3635859489440918,success
"sender: client13, message: > hello from client13"
18,1773961605.820031,1773961607.7681432,1.9481122493743896,success
"sender: client13, message: > hello from client13"
19,1773961613.349494,1773961615.265148,1.915653944015503,success
"sender: client13, message: > hello from client13"
20,1773961620.9980302,1773961622.81905,1.8210198879241943,success
"sender: client13, message: > hello from client13"
21,1773961628.362972,1773961630.3065758,1.943603754043579,success
"sender: client13, message: > hello from client13"
