round,send_time,recv_time,rtt,status
3,1773967810.5335035,1773967812.5444102,2.01090669631958,success
4,1773967817.919337,1773967819.7146468,1.7953097820281982,success
5,1773967825.0891848,1773967826.9687705,1.8795857429504395,success
6,1773967832.340063,1773967834.2444847,1.9044215679168701,success
7,1773967839.9411144,1773967841.5844834,1.6433689594268799,success
8,1773967847.0452826,1773967848.8692665,1.823983907699585,success
9,1773967854.5003967,1773967856.2587667,1.7583699226379395,success
"sender: client118, message: > hello from client118"
10,1773967861.5028996,1773967863.595158,2.0922584533691406,success
11,1773967868.962513,1773967870.980271,2.0177581310272217,success
12,1773967876.200009,1773967878.3279202,2.12791109085083,success
13,1773967883.6156392,1773967885.6522782,2.0366389751434326,success
"sender: client118, message: > hello from client118"
14,1773967890.9714847,1773967893.0057585,2.034273862838745,success
15,1773967898.2949674,1773967900.346031,2.0510635375976562,success
16,1773967905.6084597,1773967907.6840768,2.0756170749664307,success
"sender: client118, message: > hello from client118"
17,1773967913.0326507,1773967915.0793858,2.0467350482940674,success
"sender: client118, message: > hello from client118"
18,1773967920.3669236,1773967922.4219763,2.0550527572631836,success
"sender: client118, message: > hello from client118"
19,1773967927.743849,1773967929.7494254,2.0055763721466064,success
"sender: client118, message: > hello from client118"
20,1773967935.0963411,1773967937.103571,2.007229804992676,success
"sender: client118, message: > hello from client118"
