round,send_time,recv_time,rtt,status
6,1773967832.3285906,1773967834.2545702,1.9259796142578125,success
7,1773967839.9743261,1773967841.5841367,1.6098105907440186,success
8,1773967847.0304322,1773967848.8884592,1.8580269813537598,success
9,1773967854.3641198,1773967856.2355788,1.8714590072631836,success
"sender: client341, message: > hello from client341"
10,1773967861.6063318,1773967863.5972407,1.9909088611602783,success
11,1773967868.9285805,1773967870.9165058,1.9879252910614014,success
"sender: client341, message: > hello from client341"
12,1773967876.2319214,1773967878.2775452,2.045623779296875,success
13,1773967883.6594055,1773967885.6666195,2.007214069366455,success
"sender: client341, message: > hello from client341"
14,1773967890.9237978,1773967892.986004,2.062206268310547,success
"sender: client341, message: > hello from client341"
15,1773967898.2471752,1773967900.4949977,2.2478225231170654,success
"sender: client341, message: > hello from client341"
16,1773967905.5900116,1773967907.6988997,2.1088881492614746,success
17,1773967913.0407834,1773967915.063378,2.022594690322876,success
"sender: client341, message: > hello from client341"
18,1773967920.4215913,1773967922.446088,2.0244967937469482,success
19,1773967927.7483735,1773967929.7527254,2.004351854324341,success
"sender: client341, message: > hello from client341"
20,1773967934.9969618,1773967937.1303785,2.1334166526794434,success
"sender: client341, message: > hello from client341"
