round,send_time,recv_time,rtt,status
3,1773961493.619314,1773961495.5729668,1.9536528587341309,success
4,1773961500.947144,1773961502.8053272,1.8581831455230713,success
5,1773961508.3494499,1773961510.1332731,1.7838232517242432,success
6,1773961515.813486,1773961517.506463,1.692976951599121,success
7,1773961523.610125,1773961524.967895,1.3577699661254883,success
8,1773961531.157435,1773961532.481844,1.324409008026123,success
9,1773961538.63785,1773961540.13535,1.497499942779541,success
10,1773961545.951655,1773961547.7696981,1.8180432319641113,success
11,1773961553.835031,1773961555.154892,1.3198609352111816,success
12,1773961560.820572,1773961562.641932,1.8213601112365723,success
"sender: client105, message: > hello from client105"
13,1773961568.661404,1773961570.1542609,1.4928569793701172,success
"sender: client105, message: > hello from client105"
14,1773961575.7067342,1773961577.7212749,2.014540672302246,success
"sender: client105, message: > hello from client105"
15,1773961583.3703191,1773961585.229099,1.8587799072265625,success
"sender: client105, message: > hello from client105"
16,1773961590.728965,1773961592.736335,2.0073699951171875,success
17,1773961598.8716679,1773961600.265986,1.3943181037902832,success
"sender: client105, message: > hello from client105"
18,1773961605.887284,1773961607.792223,1.9049389362335205,success
"sender: client105, message: > hello from client105"
19,1773961613.4917839,1773961615.2882109,1.7964270114898682,success
"sender: client105, message: > hello from client105"
20,1773961621.0501912,1773961622.830341,1.7801499366760254,success
"sender: client105, message: > hello from client105"
21,1773961628.533398,1773961630.3307788,1.7973809242248535,success
"sender: client105, message: > hello from client105"
