round,send_time,recv_time,rtt,status
5,1773961508.303095,1773961510.160247,1.857151985168457,success
6,1773961515.8824131,1773961517.5327969,1.650383710861206,success
7,1773961523.338969,1773961524.989773,1.650804042816162,success
8,1773961530.923852,1773961532.510825,1.586972951889038,success
9,1773961538.796403,1773961540.1217542,1.3253512382507324,success
10,1773961546.302372,1773961547.761317,1.4589450359344482,success
11,1773961553.254925,1773961555.160634,1.9057090282440186,success
12,1773961560.800239,1773961562.664567,1.8643279075622559,success
13,1773961568.154811,1773961570.181452,2.0266411304473877,success
"sender: client223, message: > hello from client223"
14,1773961575.525165,1773961577.731672,2.2065069675445557,success
"sender: client223, message: > hello from client223"
15,1773961583.39266,1773961585.257542,1.864881992340088,success
"sender: client223, message: > hello from client223"
16,1773961590.814135,1773961592.755824,1.9416890144348145,success
"sender: client223, message: > hello from client223"
17,1773961599.1386318,1773961600.374955,1.2363231182098389,success
"sender: client223, message: > hello from client223"
18,1773961605.680726,1773961607.811032,2.1303060054779053,success
"sender: client223, message: > hello from client223"
19,1773961613.544896,1773961615.315607,1.7707111835479736,success
"sender: client223, message: > hello from client223"
20,1773961621.13521,1773961622.851081,1.7158708572387695,success
"sender: client223, message: > hello from client223"
21,1773961628.744191,1773961630.342937,1.5987460613250732,success
"sender: client223, message: > hello from client223"
