round,send_time,recv_time,rtt,status
5,1773967825.1749375,1773967826.9568284,1.781890869140625,success
6,1773967832.420038,1773967834.23689,1.81685209274292,success
7,1773967839.9185646,1773967841.5804913,1.6619267463684082,success
8,1773967847.1947,1773967848.8878415,1.6931414604187012,success
9,1773967854.4260347,1773967856.258278,1.8322432041168213,success
"sender: client293, message: > hello from client293"
10,1773967861.6739683,1773967863.598006,1.9240376949310303,success
11,1773967868.9493904,1773967870.941548,1.9921576976776123,success
12,1773967876.2320518,1773967878.2773373,2.04528546333313,success
"sender: client293, message: > hello from client293"
13,1773967883.663013,1773967885.6645732,2.0015602111816406,success
"sender: client293, message: > hello from client293"
14,1773967890.937558,1773967892.9854884,2.0479304790496826,success
"sender: client293, message: > hello from client293"
15,1773967898.2509341,1773967900.3836384,2.132704257965088,success
16,1773967905.6170926,1773967907.6877184,2.0706257820129395,success
"sender: client293, message: > hello from client293"
17,1773967913.0415838,1773967915.0789795,2.037395715713501,success
"sender: client293, message: > hello from client293"
18,1773967920.4168916,1773967922.4195523,2.0026607513427734,success
19,1773967927.7501714,1773967929.7870421,2.0368707180023193,success
20,1773967935.0943978,1773967937.1098773,2.015479564666748,success
