round,send_time,recv_time,rtt,status
3,1773961493.669777,1773961495.565082,1.8953051567077637,success
4,1773961500.948887,1773961502.792901,1.8440139293670654,success
5,1773961508.369196,1773961510.1234019,1.7542059421539307,success
6,1773961515.9476109,1773961517.498091,1.5504801273345947,success
7,1773961523.5723982,1773961524.960007,1.3876087665557861,success
8,1773961531.145758,1773961532.4748,1.3290421962738037,success
9,1773961538.385518,1773961540.137485,1.751966953277588,success
10,1773961545.7552729,1773961547.8051682,2.0498952865600586,success
11,1773961553.1704268,1773961555.149597,1.9791700839996338,success
12,1773961560.796145,1773961562.639383,1.843238115310669,success
"sender: client61, message: > hello from client61"
13,1773961568.335582,1773961570.1503098,1.814727783203125,success
"sender: client61, message: > hello from client61"
14,1773961575.880625,1773961577.723083,1.8424580097198486,success
"sender: client61, message: > hello from client61"
15,1773961583.247774,1773961585.2211862,1.973412275314331,success
"sender: client61, message: > hello from client61"
16,1773961590.812356,1773961592.738477,1.9261209964752197,success
"sender: client61, message: > hello from client61"
17,1773961598.9868999,1773961600.261365,1.2744650840759277,success
"sender: client61, message: > hello from client61"
18,1773961605.7725508,1773961607.783393,2.0108420848846436,success
"sender: client61, message: > hello from client61"
19,1773961613.362329,1773961615.28111,1.918781042098999,success
"sender: client61, message: > hello from client61"
20,1773961620.878104,1773961622.819893,1.941788911819458,success
"sender: client61, message: > hello from client61"
21,1773961628.2561212,1773961630.315857,2.0597357749938965,success
"sender: client61, message: > hello from client61"
