round,send_time,recv_time,rtt,status
5,1773967825.083023,1773967826.9652603,1.882237195968628,success
6,1773967832.48088,1773967834.2368665,1.7559864521026611,success
7,1773967839.6204152,1773967841.580009,1.9595937728881836,success
8,1773967847.158621,1773967848.872339,1.7137179374694824,success
9,1773967854.4980564,1773967856.236063,1.738006591796875,success
10,1773967861.5302536,1773967863.5869489,2.0566952228546143,success
"sender: client303, message: > hello from client303"
11,1773967868.9726224,1773967870.931003,1.9583806991577148,success
12,1773967876.244646,1773967878.3379056,2.093259572982788,success
13,1773967883.624833,1773967885.657282,2.0324490070343018,success
"sender: client303, message: > hello from client303"
14,1773967890.9745042,1773967892.9856248,2.011120557785034,success
"sender: client303, message: > hello from client303"
15,1773967898.2734258,1773967900.376467,2.103041172027588,success
"sender: client303, message: > hello from client303"
16,1773967905.679343,1773967907.7081926,2.0288496017456055,success
17,1773967912.9368002,1773967915.0711124,2.134312152862549,success
"sender: client303, message: > hello from client303"
18,1773967920.3679771,1773967922.4424095,2.074432373046875,success
19,1773967927.7668755,1773967929.7672048,2.0003292560577393,success
"sender: client303, message: > hello from client303"
20,1773967935.0546267,1773967937.1165464,2.061919689178467,success
"sender: client303, message: > hello from client303"
