round,send_time,recv_time,rtt,status
4,1773967817.9468513,1773967819.712846,1.7659947872161865,success
5,1773967825.072705,1773967826.972582,1.8998770713806152,success
6,1773967832.4931788,1773967834.2467134,1.7535345554351807,success
7,1773967839.9086325,1773967841.5854754,1.6768429279327393,success
8,1773967847.051301,1773967848.887425,1.8361239433288574,success
9,1773967854.1060317,1773967856.2277274,2.1216957569122314,success
10,1773967861.621703,1773967863.5649438,1.9432408809661865,success
"sender: client226, message: > hello from client226"
11,1773967868.9552028,1773967870.9190269,1.9638240337371826,success
"sender: client226, message: > hello from client226"
12,1773967876.190104,1773967878.2834861,2.0933821201324463,success
13,1773967883.6294887,1773967885.6558368,2.026348114013672,success
"sender: client226, message: > hello from client226"
14,1773967890.9809039,1773967892.985419,2.0045151710510254,success
"sender: client226, message: > hello from client226"
15,1773967898.3176944,1773967900.3745627,2.056868314743042,success
"sender: client226, message: > hello from client226"
16,1773967905.6514542,1773967907.6859434,2.034489154815674,success
"sender: client226, message: > hello from client226"
17,1773967913.0456421,1773967915.068207,2.0225648880004883,success
"sender: client226, message: > hello from client226"
18,1773967920.403113,1773967922.435837,2.032724142074585,success
"sender: client226, message: > hello from client226"
19,1773967927.7447295,1773967929.761409,2.016679525375366,success
20,1773967935.0815175,1773967937.1279404,2.0464229583740234,success
"sender: client226, message: > hello from client226"
