round,send_time,recv_time,rtt,status
6,1773961515.860687,1773961517.5477362,1.687049150466919,success
7,1773961523.346294,1773961525.003823,1.6575291156768799,success
8,1773961530.9757912,1773961532.601826,1.6260347366333008,success
9,1773961538.820212,1773961540.140994,1.32078218460083,success
10,1773961546.21788,1773961547.809521,1.5916409492492676,success
11,1773961553.992231,1773961555.16944,1.1772091388702393,success
12,1773961560.934665,1773961562.6805189,1.7458539009094238,success
"sender: client286, message: > hello from client286"
13,1773961568.4928372,1773961570.188292,1.6954548358917236,success
"sender: client286, message: > hello from client286"
14,1773961575.99916,1773961577.740577,1.7414169311523438,success
"sender: client286, message: > hello from client286"
15,1773961583.43082,1773961585.266925,1.8361051082611084,success
"sender: client286, message: > hello from client286"
16,1773961590.8047419,1773961592.7677991,1.963057279586792,success
"sender: client286, message: > hello from client286"
17,1773961599.0161579,1773961600.34428,1.3281221389770508,success
"sender: client286, message: > hello from client286"
18,1773961606.332452,1773961607.8172648,1.4848127365112305,success
"sender: client286, message: > hello from client286"
19,1773961614.036133,1773961615.329335,1.2932019233703613,success
"sender: client286, message: > hello from client286"
20,1773961621.073101,1773961622.863353,1.7902519702911377,success
21,1773961628.4820192,1773961630.355448,1.8734288215637207,success
"sender: client286, message: > hello from client286"
