round,send_time,recv_time,rtt,status
4,1773967817.9310386,1773967819.7129426,1.7819039821624756,success
5,1773967825.07247,1773967826.9540472,1.8815772533416748,success
6,1773967832.327111,1773967834.2604537,1.933342695236206,success
7,1773967839.9439156,1773967841.5858133,1.6418976783752441,success
8,1773967847.0708873,1773967848.8701186,1.7992312908172607,success
9,1773967854.4044392,1773967856.2230873,1.818648099899292,success
10,1773967861.4603574,1773967863.597286,2.1369285583496094,success
11,1773967868.8778677,1773967870.9898005,2.1119327545166016,success
12,1773967876.2494276,1773967878.3301442,2.080716609954834,success
13,1773967883.626708,1773967885.6548367,2.0281286239624023,success
"sender: client190, message: > hello from client190"
14,1773967890.9646816,1773967893.017258,2.0525763034820557,success
15,1773967898.2797265,1773967900.3827274,2.1030008792877197,success
"sender: client190, message: > hello from client190"
16,1773967905.577517,1773967907.7149315,2.1374144554138184,success
17,1773967913.0613961,1773967915.057954,1.9965579509735107,success
"sender: client190, message: > hello from client190"
18,1773967920.4112837,1773967922.412153,2.0008692741394043,success
"sender: client190, message: > hello from client190"
19,1773967927.71739,1773967929.78857,2.0711798667907715,success
20,1773967935.0758307,1773967937.1054356,2.029604911804199,success
"sender: client190, message: > hello from client190"
