round,send_time,recv_time,rtt,status
9,1773961538.266186,1773961540.151207,1.8850209712982178,success
10,1773961546.116589,1773961547.75457,1.6379809379577637,success
11,1773961553.877811,1773961555.200143,1.3223321437835693,success
12,1773961561.052935,1773961562.7154088,1.6624739170074463,success
13,1773961568.1510558,1773961570.2358432,2.084787368774414,success
"sender: client477, message: > hello from client477"
14,1773961575.601563,1773961577.7861419,2.1845788955688477,success
"sender: client477, message: > hello from client477"
15,1773961583.285547,1773961585.3060539,2.0205068588256836,success
"sender: client477, message: > hello from client477"
16,1773961590.933435,1773961592.805151,1.871716022491455,success
"sender: client477, message: > hello from client477"
17,1773961599.0622,1773961600.375257,1.3130569458007812,success
18,1773961606.347033,1773961607.8536751,1.5066421031951904,success
"sender: client477, message: > hello from client477"
19,1773961613.691205,1773961615.443634,1.7524290084838867,success
20,1773961621.196756,1773961622.8960829,1.699326992034912,success
"sender: client477, message: > hello from client477"
21,1773961628.67961,1773961630.395465,1.7158548831939697,success
"sender: client477, message: > hello from client477"
