round,send_time,recv_time,rtt,status
4,1773967817.7549336,1773967819.7134118,1.9584782123565674,success
5,1773967825.1272533,1773967826.9699259,1.84267258644104,success
6,1773967832.4411302,1773967834.2480626,1.8069324493408203,success
7,1773967839.9665172,1773967841.5841935,1.6176762580871582,success
8,1773967847.104139,1773967848.891164,1.787024974822998,success
9,1773967854.5195005,1773967856.2340431,1.7145426273345947,success
10,1773967861.5424385,1773967863.5849125,2.0424740314483643,success
11,1773967868.9547553,1773967870.9898486,2.035093307495117,success
"sender: client246, message: > hello from client246"
12,1773967876.239086,1773967878.2630403,2.023954391479492,success
13,1773967883.5802355,1773967885.665813,2.0855774879455566,success
"sender: client246, message: > hello from client246"
14,1773967890.9353595,1773967893.0191464,2.083786964416504,success
"sender: client246, message: > hello from client246"
15,1773967898.2986271,1773967900.375152,2.0765249729156494,success
"sender: client246, message: > hello from client246"
16,1773967905.600612,1773967907.7032092,2.102597236633301,success
17,1773967912.9684894,1773967915.0623403,2.09385085105896,success
"sender: client246, message: > hello from client246"
18,1773967920.346424,1773967922.442419,2.0959949493408203,success
19,1773967927.6326323,1773967929.7876549,2.155022621154785,success
20,1773967935.0363798,1773967937.1320264,2.095646619796753,success
"sender: client246, message: > hello from client246"
