round,send_time,recv_time,rtt,status
9,1773961538.339811,1773961540.122475,1.7826638221740723,success
10,1773961546.331798,1773961547.755887,1.424088954925537,success
11,1773961554.006635,1773961555.2014022,1.1947672367095947,success
12,1773961561.045558,1773961562.715619,1.6700611114501953,success
"sender: client479, message: > hello from client479"
13,1773961568.184499,1773961570.236248,2.0517489910125732,success
14,1773961575.568026,1773961577.780318,2.212291955947876,success
"sender: client479, message: > hello from client479"
15,1773961583.494207,1773961585.305349,1.8111422061920166,success
"sender: client479, message: > hello from client479"
16,1773961591.076902,1773961592.805272,1.728370189666748,success
"sender: client479, message: > hello from client479"
17,1773961599.112654,1773961600.3814762,1.268822193145752,success
"sender: client479, message: > hello from client479"
18,1773961606.354375,1773961607.853627,1.4992520809173584,success
"sender: client479, message: > hello from client479"
19,1773961614.072267,1773961615.445023,1.372756004333496,success
"sender: client479, message: > hello from client479"
20,1773961620.9979908,1773961622.8961751,1.8981842994689941,success
"sender: client479, message: > hello from client479"
21,1773961628.5826602,1773961630.395477,1.812816858291626,success
"sender: client479, message: > hello from client479"
