round,send_time,recv_time,rtt,status
2,1773961486.40686,1773961488.3773649,1.9705047607421875,success
3,1773961493.642261,1773961495.559244,1.916982889175415,success
4,1773961500.971253,1773961502.786193,1.8149399757385254,success
5,1773961508.290616,1773961510.115436,1.8248200416564941,success
6,1773961515.980124,1773961517.487493,1.507369041442871,success
7,1773961523.613673,1773961524.948713,1.3350400924682617,success
8,1773961531.292983,1773961532.467336,1.1743528842926025,success
9,1773961538.34872,1773961540.101823,1.7531030178070068,success
10,1773961546.034753,1773961547.768576,1.7338228225708008,success
11,1773961553.3045492,1773961555.147954,1.843404769897461,success
12,1773961560.600329,1773961562.628319,2.0279901027679443,success
13,1773961568.23746,1773961570.133226,1.895766019821167,success
"sender: client16, message: > hello from client16"
14,1773961575.539325,1773961577.705469,2.1661438941955566,success
"sender: client16, message: > hello from client16"
15,1773961583.186826,1773961585.21199,2.0251641273498535,success
"sender: client16, message: > hello from client16"
16,1773961590.728951,1773961592.737786,2.0088350772857666,success
"sender: client16, message: > hello from client16"
17,1773961599.097085,1773961600.248889,1.151803970336914,success
"sender: client16, message: > hello from client16"
18,1773961605.8063118,1773961607.7690501,1.962738275527954,success
19,1773961613.3795059,1773961615.272278,1.8927721977233887,success
"sender: client16, message: > hello from client16"
20,1773961620.936345,1773961622.818395,1.882049798965454,success
"sender: client16, message: > hello from client16"
21,1773961628.36677,1773961630.306614,1.9398438930511475,success
"sender: client16, message: > hello from client16"
