round,send_time,recv_time,rtt,status
7,1773967839.852112,1773967841.5852444,1.7331323623657227,success
8,1773967847.2120268,1773967848.8897457,1.6777188777923584,success
9,1773967854.5130708,1773967856.3279505,1.8148796558380127,success
10,1773967861.6179495,1773967863.5809147,1.9629652500152588,success
"sender: client450, message: > hello from client450"
11,1773967868.9523041,1773967870.9892437,2.0369396209716797,success
12,1773967876.1948519,1773967878.2809637,2.0861117839813232,success
"sender: client450, message: > hello from client450"
13,1773967883.645396,1773967885.662181,2.016784906387329,success
"sender: client450, message: > hello from client450"
14,1773967890.9526582,1773967893.0172672,2.0646090507507324,success
"sender: client450, message: > hello from client450"
15,1773967898.3134308,1773967900.5024996,2.1890687942504883,success
"sender: client450, message: > hello from client450"
16,1773967905.679514,1773967907.6977656,2.018251657485962,success
"sender: client450, message: > hello from client450"
17,1773967912.8490424,1773967915.0710104,2.221967935562134,success
"sender: client450, message: > hello from client450"
18,1773967920.4179559,1773967922.4175773,1.9996213912963867,success
19,1773967927.7686107,1773967929.7875576,2.018946886062622,success
20,1773967934.953284,1773967937.1251369,2.1718528270721436,success
"sender: client450, message: > hello from client450"
