round,send_time,recv_time,rtt,status
5,1773967825.0266864,1773967826.9560497,1.9293632507324219,success
6,1773967832.4683836,1773967834.2621295,1.793745994567871,success
7,1773967839.9047186,1773967841.5802813,1.6755626201629639,success
8,1773967847.0409405,1773967848.8716707,1.8307301998138428,success
9,1773967854.4746964,1773967856.2542439,1.7795474529266357,success
10,1773967861.5853655,1773967863.5921323,2.0067667961120605,success
11,1773967868.9651918,1773967870.9180686,1.9528768062591553,success
"sender: client263, message: > hello from client263"
12,1773967876.2052414,1773967878.280392,2.075150489807129,success
"sender: client263, message: > hello from client263"
13,1773967883.6314745,1773967885.7688892,2.1374146938323975,success
"sender: client263, message: > hello from client263"
14,1773967890.9797058,1773967892.984494,2.0047881603240967,success
"sender: client263, message: > hello from client263"
15,1773967898.3022466,1773967900.3960416,2.09379506111145,success
16,1773967905.6492677,1773967907.6864045,2.0371367931365967,success
"sender: client263, message: > hello from client263"
17,1773967912.9668636,1773967915.0670657,2.1002020835876465,success
"sender: client263, message: > hello from client263"
18,1773967920.338481,1773967922.421668,2.0831871032714844,success
"sender: client263, message: > hello from client263"
19,1773967927.7218313,1773967929.764485,2.0426535606384277,success
"sender: client263, message: > hello from client263"
20,1773967935.0274878,1773967937.1080894,2.080601692199707,success
"sender: client263, message: > hello from client263"
