round,send_time,recv_time,rtt,status
2,1773961486.397834,1773961488.377441,1.9796068668365479,success
3,1773961493.676666,1773961495.5609999,1.884333848953247,success
4,1773961500.995344,1773961502.786539,1.7911951541900635,success
5,1773961508.414067,1773961510.115507,1.7014398574829102,success
6,1773961515.855818,1773961517.488033,1.6322150230407715,success
7,1773961523.5148292,1773961524.9485362,1.4337069988250732,success
8,1773961531.0987551,1773961532.467394,1.3686389923095703,success
9,1773961538.2312891,1773961540.102989,1.8716998100280762,success
10,1773961545.9757519,1773961547.7564778,1.7807259559631348,success
11,1773961553.2321799,1773961555.14813,1.915950059890747,success
12,1773961560.7616808,1773961562.630114,1.8684332370758057,success
"sender: client18, message: > hello from client18"
13,1773961568.3698502,1773961570.134132,1.7642817497253418,success
"sender: client18, message: > hello from client18"
14,1773961575.5740218,1773961577.719261,2.1452391147613525,success
"sender: client18, message: > hello from client18"
15,1773961583.285734,1773961585.209654,1.9239201545715332,success
16,1773961590.751762,1773961592.737814,1.9860520362854004,success
"sender: client18, message: > hello from client18"
17,1773961599.1044722,1773961600.250089,1.1456167697906494,success
"sender: client18, message: > hello from client18"
18,1773961606.327438,1773961607.771601,1.4441628456115723,success
19,1773961613.3271282,1773961615.272226,1.9450979232788086,success
"sender: client18, message: > hello from client18"
20,1773961620.9065442,1773961622.8203342,1.913789987564087,success
"sender: client18, message: > hello from client18"
21,1773961628.283247,1773961630.306829,2.0235819816589355,success
"sender: client18, message: > hello from client18"
