round,send_time,recv_time,rtt,status
2,1773961486.388855,1773961488.3774211,1.9885661602020264,success
3,1773961493.659882,1773961495.560979,1.9010968208312988,success
4,1773961501.001485,1773961502.786505,1.785019874572754,success
5,1773961508.3667798,1773961510.115285,1.7485051155090332,success
6,1773961515.969812,1773961517.488123,1.5183110237121582,success
7,1773961523.422454,1773961524.94858,1.5261259078979492,success
8,1773961531.0550022,1773961532.467409,1.4124066829681396,success
9,1773961538.296618,1773961540.102955,1.8063371181488037,success
10,1773961545.597983,1773961547.831798,2.2338151931762695,success
11,1773961553.2245271,1773961555.151433,1.926905870437622,success
12,1773961560.782885,1773961562.6280162,1.8451311588287354,success
"sender: client19, message: > hello from client19"
13,1773961568.195748,1773961570.134978,1.939229965209961,success
14,1773961575.587939,1773961577.70073,2.112791061401367,success
"sender: client19, message: > hello from client19"
15,1773961583.122816,1773961585.209802,2.0869858264923096,success
16,1773961590.623557,1773961592.749079,2.1255218982696533,success
"sender: client19, message: > hello from client19"
17,1773961599.0161731,1773961600.247585,1.2314119338989258,success
"sender: client19, message: > hello from client19"
18,1773961605.736599,1773961607.768259,2.0316600799560547,success
19,1773961613.280842,1773961615.2723358,1.9914937019348145,success
"sender: client19, message: > hello from client19"
20,1773961620.787871,1773961622.818418,2.0305471420288086,success
"sender: client19, message: > hello from client19"
21,1773961628.2832441,1773961630.306602,2.02335786819458,success
"sender: client19, message: > hello from client19"
