round,send_time,recv_time,rtt,status
5,1773967825.038598,1773967826.9565518,1.9179537296295166,success
6,1773967832.3236525,1773967834.2533135,1.9296610355377197,success
7,1773967839.8643546,1773967841.580054,1.7156994342803955,success
8,1773967847.1671906,1773967848.8841686,1.7169780731201172,success
9,1773967854.4105923,1773967856.2586727,1.8480803966522217,success
10,1773967861.627928,1773967863.595319,1.967391014099121,success
11,1773967868.9691002,1773967870.9890099,2.019909620285034,success
12,1773967876.1931734,1773967878.280011,2.0868375301361084,success
"sender: client277, message: > hello from client277"
13,1773967883.6635203,1773967885.6570003,1.9934799671173096,success
"sender: client277, message: > hello from client277"
14,1773967890.9836106,1773967893.0192914,2.0356807708740234,success
"sender: client277, message: > hello from client277"
15,1773967898.2993612,1773967900.3759363,2.0765750408172607,success
16,1773967905.675123,1773967907.7047431,2.0296201705932617,success
17,1773967912.9973679,1773967915.0626736,2.065305709838867,success
"sender: client277, message: > hello from client277"
18,1773967920.4040132,1773967922.4338458,2.029832601547241,success
"sender: client277, message: > hello from client277"
19,1773967927.7524028,1773967929.7529922,2.000589370727539,success
"sender: client277, message: > hello from client277"
20,1773967935.062394,1773967937.106762,2.044368028640747,success
"sender: client277, message: > hello from client277"
