round,send_time,recv_time,rtt,status
9,1773961538.196051,1773961540.122537,1.9264860153198242,success
10,1773961546.460184,1773961547.848903,1.388718843460083,success
11,1773961554.065571,1773961555.20425,1.138679027557373,success
12,1773961560.768557,1773961562.715489,1.9469318389892578,success
"sender: client482, message: > hello from client482"
13,1773961568.277279,1773961570.235865,1.9585862159729004,success
"sender: client482, message: > hello from client482"
14,1773961575.750687,1773961577.802782,2.0520951747894287,success
"sender: client482, message: > hello from client482"
15,1773961583.553847,1773961585.313092,1.7592449188232422,success
"sender: client482, message: > hello from client482"
16,1773961590.8123431,1773961592.8050199,1.9926767349243164,success
"sender: client482, message: > hello from client482"
17,1773961599.171135,1773961600.38259,1.2114551067352295,success
"sender: client482, message: > hello from client482"
18,1773961606.142308,1773961607.85544,1.7131319046020508,success
"sender: client482, message: > hello from client482"
19,1773961614.08307,1773961615.444911,1.3618409633636475,success
20,1773961620.8712509,1773961622.8963552,2.025104284286499,success
"sender: client482, message: > hello from client482"
21,1773961628.418147,1773961630.395608,1.9774608612060547,success
