round,send_time,recv_time,rtt,status
8,1773961531.266143,1773961532.613149,1.347005844116211,success
9,1773961538.899883,1773961540.1413991,1.24151611328125,success
10,1773961546.4563332,1773961547.804502,1.3481688499450684,success
11,1773961554.037838,1773961555.19521,1.157371997833252,success
12,1773961560.8070579,1773961562.7026181,1.8955602645874023,success
"sender: client423, message: > hello from client423"
13,1773961568.5538292,1773961570.2182348,1.6644055843353271,success
14,1773961575.755244,1773961577.779475,2.02423095703125,success
"sender: client423, message: > hello from client423"
15,1773961583.6095989,1773961585.297129,1.6875300407409668,success
"sender: client423, message: > hello from client423"
16,1773961590.738441,1773961592.7943182,2.055877208709717,success
"sender: client423, message: > hello from client423"
17,1773961598.9935539,1773961600.3826728,1.3891189098358154,success
"sender: client423, message: > hello from client423"
18,1773961606.333424,1773961607.8447602,1.511336088180542,success
"sender: client423, message: > hello from client423"
19,1773961613.585665,1773961615.35979,1.774125099182129,success
20,1773961620.932711,1773961622.883599,1.9508881568908691,success
"sender: client423, message: > hello from client423"
21,1773961628.61133,1773961630.385856,1.7745258808135986,success
"sender: client423, message: > hello from client423"
