round,send_time,recv_time,rtt,status
3,1773967810.6204724,1773967812.5396812,1.9192087650299072,success
4,1773967817.9488523,1773967819.7197852,1.770932912826538,success
5,1773967825.1164553,1773967826.9805584,1.864103078842163,success
6,1773967832.322429,1773967834.253909,1.9314801692962646,success
7,1773967839.8970108,1773967841.5801663,1.6831555366516113,success
8,1773967847.1726327,1773967848.890141,1.717508316040039,success
9,1773967854.4414985,1773967856.2222939,1.7807953357696533,success
10,1773967861.531398,1773967863.5905464,2.0591483116149902,success
11,1773967868.9235904,1773967870.9166844,1.9930939674377441,success
"sender: client177, message: > hello from client177"
12,1773967876.235908,1773967878.271054,2.0351459980010986,success
"sender: client177, message: > hello from client177"
13,1773967883.5754786,1773967885.6543398,2.0788612365722656,success
"sender: client177, message: > hello from client177"
14,1773967890.8889728,1773967893.0118256,2.1228528022766113,success
"sender: client177, message: > hello from client177"
15,1773967898.247936,1773967900.3475342,2.0995981693267822,success
"sender: client177, message: > hello from client177"
16,1773967905.588112,1773967907.6848333,2.0967211723327637,success
"sender: client177, message: > hello from client177"
17,1773967913.0512052,1773967915.0732577,2.022052526473999,success
"sender: client177, message: > hello from client177"
18,1773967920.4209604,1773967922.4438038,2.022843360900879,success
"sender: client177, message: > hello from client177"
19,1773967927.7533212,1773967929.761701,2.0083799362182617,success
"sender: client177, message: > hello from client177"
20,1773967934.9959314,1773967937.1041064,2.108175039291382,success
"sender: client177, message: > hello from client177"
