round,send_time,recv_time,rtt,status
2,1773967803.4240372,1773967805.366354,1.9423167705535889,success
3,1773967810.6592584,1773967812.535171,1.8759126663208008,success
4,1773967817.93045,1773967819.7080522,1.777602195739746,success
5,1773967825.0918913,1773967826.9523199,1.8604285717010498,success
6,1773967832.5003984,1773967834.261143,1.760744571685791,success
7,1773967839.7299438,1773967841.5808492,1.850905418395996,success
8,1773967847.1994896,1773967848.8692513,1.6697616577148438,success
9,1773967854.409618,1773967856.2342997,1.8246817588806152,success
10,1773967861.5987902,1773967863.5648248,1.9660346508026123,success
"sender: client89, message: > hello from client89"
11,1773967868.956707,1773967870.9331121,1.976405143737793,success
"sender: client89, message: > hello from client89"
12,1773967876.2365034,1773967878.2681634,2.0316600799560547,success
13,1773967883.644263,1773967885.6579862,2.013723134994507,success
"sender: client89, message: > hello from client89"
14,1773967890.9772122,1773967892.9811263,2.0039141178131104,success
"sender: client89, message: > hello from client89"
15,1773967898.2924826,1773967900.3478134,2.055330753326416,success
16,1773967905.6737971,1773967907.703911,2.030113935470581,success
17,1773967913.0365648,1773967915.0699894,2.0334246158599854,success
"sender: client89, message: > hello from client89"
18,1773967920.3797345,1773967922.443261,2.0635263919830322,success
19,1773967927.7558143,1773967929.7489653,1.9931509494781494,success
"sender: client89, message: > hello from client89"
20,1773967934.9836833,1773967937.128546,2.144862651824951,success
"sender: client89, message: > hello from client89"
