round,send_time,recv_time,rtt,status
5,1773967825.1252043,1773967826.9699945,1.8447902202606201,success
6,1773967832.3446412,1773967834.2533991,1.9087579250335693,success
7,1773967839.8916695,1773967841.580382,1.6887125968933105,success
8,1773967847.2011096,1773967848.8717625,1.6706528663635254,success
9,1773967854.5048232,1773967856.2401047,1.7352814674377441,success
10,1773967861.6064763,1773967863.5846932,1.9782168865203857,success
"sender: client272, message: > hello from client272"
11,1773967868.9780474,1773967870.9261374,1.9480900764465332,success
"sender: client272, message: > hello from client272"
12,1773967876.2227852,1773967878.3380268,2.115241527557373,success
13,1773967883.6521585,1773967885.909891,2.257732391357422,success
"sender: client272, message: > hello from client272"
14,1773967890.9531677,1773967892.98914,2.0359723567962646,success
"sender: client272, message: > hello from client272"
15,1773967898.3064673,1773967900.3729637,2.0664963722229004,success
16,1773967905.5890472,1773967907.6866674,2.0976202487945557,success
"sender: client272, message: > hello from client272"
17,1773967913.0283697,1773967915.0801227,2.051753044128418,success
18,1773967920.4060874,1773967922.4121351,2.0060477256774902,success
"sender: client272, message: > hello from client272"
19,1773967927.7644298,1773967929.7531881,1.9887583255767822,success
"sender: client272, message: > hello from client272"
20,1773967935.017618,1773967937.117098,2.099480152130127,success
"sender: client272, message: > hello from client272"
