round,send_time,recv_time,rtt,status
6,1773961515.7950468,1773961517.55123,1.75618314743042,success
7,1773961523.3698719,1773961525.009391,1.639519214630127,success
8,1773961530.996989,1773961532.605566,1.608577013015747,success
9,1773961538.8769531,1773961540.135875,1.2589218616485596,success
10,1773961546.3999512,1773961547.756018,1.3560667037963867,success
11,1773961553.8791301,1773961555.170112,1.2909817695617676,success
12,1773961560.989321,1773961562.6822941,1.6929731369018555,success
"sender: client312, message: > hello from client312"
13,1773961568.722284,1773961570.192191,1.4699068069458008,success
"sender: client312, message: > hello from client312"
14,1773961575.6814551,1773961577.781343,2.0998878479003906,success
"sender: client312, message: > hello from client312"
15,1773961583.477665,1773961585.272882,1.7952170372009277,success
16,1773961590.873388,1773961592.7711601,1.8977720737457275,success
"sender: client312, message: > hello from client312"
17,1773961599.2856839,1773961600.343524,1.05784010887146,success
"sender: client312, message: > hello from client312"
18,1773961605.879415,1773961607.821174,1.9417588710784912,success
"sender: client312, message: > hello from client312"
19,1773961613.274571,1773961615.3326652,2.0580942630767822,success
"sender: client312, message: > hello from client312"
20,1773961620.921987,1773961622.8637571,1.941770076751709,success
"sender: client312, message: > hello from client312"
21,1773961628.443116,1773961630.360905,1.9177889823913574,success
"sender: client312, message: > hello from client312"
