round,send_time,recv_time,rtt,status
2,1773961486.3851788,1773961488.377646,1.9924671649932861,success
3,1773961493.6517189,1773961495.560568,1.9088492393493652,success
4,1773961500.9649138,1773961502.7869272,1.8220133781433105,success
5,1773961508.4072251,1773961510.120064,1.712838888168335,success
6,1773961515.9009018,1773961517.489147,1.588245153427124,success
7,1773961523.5603032,1773961524.9489532,1.3886499404907227,success
8,1773961531.249704,1773961532.467505,1.2178010940551758,success
9,1773961538.285435,1773961540.131493,1.8460581302642822,success
10,1773961545.915293,1773961547.7568262,1.8415331840515137,success
11,1773961553.269498,1773961555.154043,1.884544849395752,success
12,1773961560.692449,1773961562.62813,1.935680866241455,success
13,1773961568.1082802,1773961570.134399,2.026118755340576,success
"sender: client26, message: > hello from client26"
14,1773961575.61662,1773961577.7080588,2.0914387702941895,success
"sender: client26, message: > hello from client26"
15,1773961583.4105148,1773961585.2102132,1.7996983528137207,success
"sender: client26, message: > hello from client26"
16,1773961590.71212,1773961592.741279,2.0291588306427,success
"sender: client26, message: > hello from client26"
17,1773961599.00078,1773961600.2496052,1.2488250732421875,success
18,1773961605.805311,1773961607.7717812,1.9664702415466309,success
19,1773961613.360579,1773961615.276701,1.9161219596862793,success
"sender: client26, message: > hello from client26"
20,1773961620.9520152,1773961622.820044,1.8680288791656494,success
"sender: client26, message: > hello from client26"
21,1773961628.3774788,1773961630.307266,1.9297871589660645,success
