round,send_time,recv_time,rtt,status
2,1773967803.4294522,1773967805.366366,1.9369137287139893,success
3,1773967810.6380033,1773967812.5297308,1.8917274475097656,success
4,1773967817.9170349,1773967819.7132735,1.796238660812378,success
5,1773967825.0843,1773967826.9789858,1.8946857452392578,success
6,1773967832.475443,1773967834.2347252,1.7592823505401611,success
7,1773967839.7830021,1773967841.5808127,1.7978105545043945,success
8,1773967847.1566584,1773967848.883679,1.727020502090454,success
9,1773967854.4597306,1773967856.2342818,1.7745511531829834,success
"sender: client63, message: > hello from client63"
10,1773967861.6163847,1773967863.5933216,1.9769368171691895,success
11,1773967868.9568117,1773967870.9128087,1.9559969902038574,success
"sender: client63, message: > hello from client63"
12,1773967876.1198604,1773967878.2612934,2.141433000564575,success
13,1773967883.6446075,1773967885.6506608,2.0060532093048096,success
"sender: client63, message: > hello from client63"
14,1773967890.9150202,1773967892.9801884,2.0651681423187256,success
"sender: client63, message: > hello from client63"
15,1773967898.323107,1773967900.3464568,2.0233497619628906,success
"sender: client63, message: > hello from client63"
16,1773967905.5041194,1773967907.6951556,2.1910362243652344,success
"sender: client63, message: > hello from client63"
17,1773967913.0627213,1773967915.0561368,1.9934155941009521,success
"sender: client63, message: > hello from client63"
18,1773967920.390397,1773967922.4375563,2.047159194946289,success
"sender: client63, message: > hello from client63"
19,1773967927.7495663,1773967929.7816744,2.0321080684661865,success
"sender: client63, message: > hello from client63"
20,1773967935.0833936,1773967937.1014802,2.0180866718292236,success
"sender: client63, message: > hello from client63"
