round,send_time,recv_time,rtt,status
9,1773961538.13478,1773961540.1166499,1.9818699359893799,success
10,1773961546.414028,1773961547.7618718,1.347843885421753,success
11,1773961554.039089,1773961555.1967459,1.1576569080352783,success
12,1773961560.843494,1773961562.713025,1.8695311546325684,success
"sender: client456, message: > hello from client456"
13,1773961568.655472,1773961570.222034,1.5665619373321533,success
"sender: client456, message: > hello from client456"
14,1773961576.024302,1773961577.791616,1.7673139572143555,success
"sender: client456, message: > hello from client456"
15,1773961583.51569,1773961585.30516,1.7894699573516846,success
"sender: client456, message: > hello from client456"
16,1773961590.954127,1773961592.801405,1.8472778797149658,success
"sender: client456, message: > hello from client456"
17,1773961598.831417,1773961600.377752,1.546334981918335,success
"sender: client456, message: > hello from client456"
18,1773961606.417162,1773961607.849946,1.432784080505371,success
"sender: client456, message: > hello from client456"
19,1773961613.353826,1773961615.442497,2.0886709690093994,success
"sender: client456, message: > hello from client456"
20,1773961621.225155,1773961622.888462,1.6633069515228271,success
21,1773961628.406304,1773961630.390802,1.9844980239868164,success
"sender: client456, message: > hello from client456"
