round,send_time,recv_time,rtt,status
3,1773961493.6152499,1773961495.566396,1.951146125793457,success
4,1773961500.96051,1773961502.7987142,1.8382041454315186,success
5,1773961508.407242,1773961510.129638,1.722395896911621,success
6,1773961515.995986,1773961517.5005262,1.504540205001831,success
7,1773961523.534059,1773961524.961395,1.4273359775543213,success
8,1773961531.2073119,1773961532.476609,1.2692971229553223,success
9,1773961538.246851,1773961540.122936,1.8760850429534912,success
10,1773961545.9663281,1773961547.758589,1.7922608852386475,success
11,1773961553.257083,1773961555.15675,1.8996670246124268,success
12,1773961560.764742,1773961562.6418471,1.8771052360534668,success
"sender: client81, message: > hello from client81"
13,1773961568.275017,1773961570.147271,1.8722538948059082,success
14,1773961575.6032598,1773961577.7105439,2.1072840690612793,success
"sender: client81, message: > hello from client81"
15,1773961583.4960299,1773961585.223765,1.7277350425720215,success
16,1773961591.3317802,1773961592.7685409,1.436760663986206,success
"sender: client81, message: > hello from client81"
17,1773961599.025393,1773961600.262829,1.237436056137085,success
"sender: client81, message: > hello from client81"
18,1773961605.881141,1773961607.791351,1.910210132598877,success
"sender: client81, message: > hello from client81"
19,1773961613.587453,1773961615.287852,1.7003991603851318,success
"sender: client81, message: > hello from client81"
20,1773961621.135326,1773961622.822507,1.687180995941162,success
"sender: client81, message: > hello from client81"
21,1773961628.521547,1773961630.331135,1.8095879554748535,success
"sender: client81, message: > hello from client81"
