round,send_time,recv_time,rtt,status
3,1773967810.6567965,1773967812.538427,1.8816306591033936,success
4,1773967817.9419343,1773967819.721368,1.7794337272644043,success
5,1773967825.083053,1773967826.9652147,1.8821616172790527,success
6,1773967832.5127983,1773967834.2534187,1.7406203746795654,success
7,1773967839.9161565,1773967841.585261,1.6691045761108398,success
8,1773967847.1698644,1773967848.8953505,1.7254860401153564,success
9,1773967854.5126724,1773967856.2586212,1.7459487915039062,success
10,1773967861.6256728,1773967863.5683963,1.9427235126495361,success
"sender: client128, message: > hello from client128"
11,1773967868.9480598,1773967870.9319575,1.9838976860046387,success
"sender: client128, message: > hello from client128"
12,1773967876.2167761,1773967878.271025,2.054248809814453,success
13,1773967883.6055994,1773967885.658747,2.053147554397583,success
"sender: client128, message: > hello from client128"
14,1773967890.977901,1773967893.0004666,2.0225656032562256,success
"sender: client128, message: > hello from client128"
15,1773967898.2795966,1773967900.3454628,2.065866231918335,success
"sender: client128, message: > hello from client128"
16,1773967905.6637971,1773967907.7151842,2.051387071609497,success
17,1773967913.0496256,1773967915.0554743,2.0058486461639404,success
"sender: client128, message: > hello from client128"
18,1773967920.406206,1773967922.4444666,2.0382606983184814,success
"sender: client128, message: > hello from client128"
19,1773967927.7371974,1773967929.7884939,2.0512964725494385,success
"sender: client128, message: > hello from client128"
20,1773967935.0796802,1773967937.103929,2.0242488384246826,success
"sender: client128, message: > hello from client128"
