round,send_time,recv_time,rtt,status
2,1773967803.437426,1773967805.36636,1.92893385887146,success
3,1773967810.6573536,1773967812.5299416,1.8725879192352295,success
4,1773967817.8737352,1773967819.7199643,1.846229076385498,success
5,1773967825.0771692,1773967826.9504647,1.873295545578003,success
6,1773967832.2596736,1773967834.2622907,2.002617120742798,success
7,1773967839.8330133,1773967841.5851753,1.752161979675293,success
8,1773967847.062566,1773967848.8681378,1.8055717945098877,success
9,1773967854.485774,1773967856.2349222,1.7491481304168701,success
10,1773967861.5357697,1773967863.5646152,2.0288455486297607,success
11,1773967868.941705,1773967870.9126499,1.970944881439209,success
"sender: client66, message: > hello from client66"
12,1773967876.2534893,1773967878.2742405,2.0207512378692627,success
"sender: client66, message: > hello from client66"
13,1773967883.6159096,1773967885.6513302,2.0354206562042236,success
"sender: client66, message: > hello from client66"
14,1773967890.9504445,1773967892.9808834,2.0304388999938965,success
"sender: client66, message: > hello from client66"
15,1773967898.290101,1773967900.3465796,2.056478500366211,success
"sender: client66, message: > hello from client66"
16,1773967905.600931,1773967907.6831796,2.0822486877441406,success
"sender: client66, message: > hello from client66"
17,1773967913.0161502,1773967915.0306976,2.014547348022461,success
"sender: client66, message: > hello from client66"
18,1773967920.3907957,1773967922.4391289,2.048333168029785,success
19,1773967927.7690964,1773967929.7498722,1.9807758331298828,success
"sender: client66, message: > hello from client66"
20,1773967935.046145,1773967937.1011782,2.0550332069396973,success
