round,send_time,recv_time,rtt,status
7,1773967839.9097328,1773967841.6615193,1.751786470413208,success
8,1773967847.0785027,1773967848.9021,1.8235974311828613,success
9,1773967854.0888047,1773967856.2275677,2.138762950897217,success
10,1773967861.66373,1773967863.5744846,1.910754680633545,success
"sender: client448, message: > hello from client448"
11,1773967868.9719753,1773967870.9890263,2.0170509815216064,success
12,1773967876.206624,1773967878.335618,2.1289939880371094,success
13,1773967883.5684357,1773967885.6679165,2.0994808673858643,success
"sender: client448, message: > hello from client448"
14,1773967890.9630497,1773967892.988152,2.025102376937866,success
"sender: client448, message: > hello from client448"
15,1773967898.3129992,1773967900.569112,2.256112813949585,success
16,1773967905.6359098,1773967907.7016106,2.0657007694244385,success
17,1773967913.044863,1773967915.0717351,2.026872158050537,success
"sender: client448, message: > hello from client448"
18,1773967920.3915517,1773967922.4252818,2.0337300300598145,success
"sender: client448, message: > hello from client448"
19,1773967927.7251148,1773967929.7810848,2.0559699535369873,success
"sender: client448, message: > hello from client448"
20,1773967935.0790884,1773967937.1116643,2.032575845718384,success
