round,send_time,recv_time,rtt,status
6,1773967832.4879017,1773967834.2500095,1.7621078491210938,success
7,1773967839.8977437,1773967841.5844953,1.6867516040802002,success
8,1773967847.0871918,1773967848.896039,1.808847188949585,success
9,1773967854.0769534,1773967856.2573478,2.180394411087036,success
10,1773967861.602943,1773967863.592819,1.9898760318756104,success
11,1773967868.9683728,1773967870.9366233,1.9682505130767822,success
"sender: client340, message: > hello from client340"
12,1773967876.2176795,1773967878.272141,2.0544614791870117,success
13,1773967883.5448694,1773967885.6690786,2.12420916557312,success
"sender: client340, message: > hello from client340"
14,1773967890.9834447,1773967893.018396,2.0349512100219727,success
"sender: client340, message: > hello from client340"
15,1773967898.3135107,1773967900.5690136,2.255502939224243,success
"sender: client340, message: > hello from client340"
16,1773967905.6706038,1773967907.7088983,2.038294553756714,success
17,1773967913.0201778,1773967915.0633905,2.043212652206421,success
"sender: client340, message: > hello from client340"
18,1773967920.4099302,1773967922.4339592,2.024029016494751,success
19,1773967927.7005792,1773967929.7527406,2.052161455154419,success
"sender: client340, message: > hello from client340"
20,1773967935.0964193,1773967937.1186066,2.0221872329711914,success
"sender: client340, message: > hello from client340"
