round,send_time,recv_time,rtt,status
2,1773967803.43718,1773967805.3664427,1.929262638092041,success
3,1773967810.6372137,1773967812.5379608,1.9007470607757568,success
4,1773967817.85951,1773967819.7174327,1.8579227924346924,success
5,1773967825.1231027,1773967826.9520667,1.8289639949798584,success
6,1773967832.4537563,1773967834.2352123,1.7814559936523438,success
7,1773967839.9368527,1773967841.5893342,1.6524815559387207,success
8,1773967847.235066,1773967848.8686907,1.633624792098999,success
9,1773967854.4387708,1773967856.2248244,1.7860536575317383,success
10,1773967861.5383017,1773967863.5648487,2.0265469551086426,success
"sender: client91, message: > hello from client91"
11,1773967868.8615115,1773967870.938144,2.076632499694824,success
"sender: client91, message: > hello from client91"
12,1773967876.198784,1773967878.2681925,2.069408416748047,success
"sender: client91, message: > hello from client91"
13,1773967883.624682,1773967885.6580164,2.033334493637085,success
"sender: client91, message: > hello from client91"
14,1773967890.97971,1773967892.981398,2.001688003540039,success
"sender: client91, message: > hello from client91"
15,1773967898.3087802,1773967900.3470814,2.0383012294769287,success
16,1773967905.6516206,1773967907.6834283,2.0318076610565186,success
"sender: client91, message: > hello from client91"
17,1773967913.0333228,1773967915.07075,2.0374271869659424,success
"sender: client91, message: > hello from client91"
18,1773967920.4180307,1773967922.4318419,2.0138111114501953,success
"sender: client91, message: > hello from client91"
19,1773967927.7497067,1773967929.7868917,2.037184953689575,success
20,1773967934.9507177,1773967937.1021268,2.151409149169922,success
"sender: client91, message: > hello from client91"
