round,send_time,recv_time,rtt,status
2,1773961486.396399,1773961488.37577,1.9793710708618164,success
3,1773961493.663875,1773961495.559216,1.895340919494629,success
4,1773961500.963439,1773961502.786057,1.822618007659912,success
5,1773961508.325289,1773961510.113272,1.7879829406738281,success
6,1773961515.908292,1773961517.487123,1.5788309574127197,success
7,1773961523.603879,1773961524.9482722,1.344393253326416,success
8,1773961531.000132,1773961532.4640949,1.4639627933502197,success
9,1773961538.428409,1773961540.125665,1.6972558498382568,success
10,1773961545.9778051,1773961547.851682,1.8738768100738525,success
11,1773961553.162567,1773961555.145354,1.9827871322631836,success
12,1773961560.846205,1773961562.631696,1.7854909896850586,success
13,1773961568.2341208,1773961570.1331341,1.8990132808685303,success
"sender: client11, message: > hello from client11"
14,1773961575.496913,1773961577.700594,2.203680992126465,success
"sender: client11, message: > hello from client11"
15,1773961583.313011,1773961585.209377,1.8963661193847656,success
"sender: client11, message: > hello from client11"
16,1773961590.766725,1773961592.740706,1.9739809036254883,success
"sender: client11, message: > hello from client11"
17,1773961598.846547,1773961600.2504041,1.4038572311401367,success
"sender: client11, message: > hello from client11"
18,1773961605.8916638,1773961607.769182,1.8775181770324707,success
"sender: client11, message: > hello from client11"
19,1773961613.3666072,1773961615.266499,1.8998918533325195,success
20,1773961621.058414,1773961622.808098,1.7496840953826904,success
"sender: client11, message: > hello from client11"
21,1773961628.391148,1773961630.307296,1.9161479473114014,success
