round,send_time,recv_time,rtt,status
6,1773967832.0703022,1773967834.2623856,2.1920833587646484,success
7,1773967839.945153,1773967841.5810552,1.6359021663665771,success
8,1773967847.1289515,1773967848.9016583,1.7727067470550537,success
9,1773967854.5234547,1773967856.2395859,1.7161312103271484,success
10,1773967861.6202407,1773967863.5788531,1.9586124420166016,success
"sender: client363, message: > hello from client363"
11,1773967868.9653475,1773967870.9888766,2.023529052734375,success
12,1773967876.2289522,1773967878.3284187,2.099466562271118,success
13,1773967883.632961,1773967885.6668043,2.0338432788848877,success
"sender: client363, message: > hello from client363"
14,1773967890.9845903,1773967893.0881913,2.1036009788513184,success
"sender: client363, message: > hello from client363"
15,1773967898.2998614,1773967900.4804077,2.180546283721924,success
"sender: client363, message: > hello from client363"
16,1773967905.6681366,1773967907.7118604,2.0437238216400146,success
"sender: client363, message: > hello from client363"
17,1773967913.0596209,1773967915.0664506,2.0068297386169434,success
"sender: client363, message: > hello from client363"
18,1773967920.414279,1773967922.4369316,2.0226526260375977,success
"sender: client363, message: > hello from client363"
19,1773967927.6658285,1773967929.7529173,2.0870888233184814,success
20,1773967934.9971557,1773967937.1109626,2.113806962966919,success
