round,send_time,recv_time,rtt,status
4,1773967817.9211183,1773967819.7214735,1.8003551959991455,success
5,1773967825.0805984,1773967826.9714413,1.8908429145812988,success
6,1773967832.481429,1773967834.2459679,1.7645387649536133,success
7,1773967839.9182074,1773967841.5626693,1.6444618701934814,success
8,1773967847.1434293,1773967848.8701293,1.7267000675201416,success
9,1773967854.1152902,1773967856.2466033,2.1313130855560303,success
10,1773967861.6247077,1773967863.5959084,1.971200704574585,success
11,1773967868.92683,1773967870.9171925,1.9903624057769775,success
"sender: client195, message: > hello from client195"
12,1773967876.2269473,1773967878.3283901,2.101442813873291,success
13,1773967883.648495,1773967885.6548862,2.0063912868499756,success
"sender: client195, message: > hello from client195"
14,1773967890.958062,1773967892.9912674,2.033205509185791,success
"sender: client195, message: > hello from client195"
15,1773967898.3155897,1773967900.3781805,2.0625908374786377,success
"sender: client195, message: > hello from client195"
16,1773967905.6776154,1773967907.685207,2.007591485977173,success
"sender: client195, message: > hello from client195"
17,1773967913.0547814,1773967915.0564375,2.0016560554504395,success
"sender: client195, message: > hello from client195"
18,1773967920.4210627,1773967922.4408243,2.019761562347412,success
19,1773967927.7406497,1773967929.7890415,2.048391819000244,success
20,1773967935.0935695,1773967937.1180754,2.024505853652954,success
"sender: client195, message: > hello from client195"
