round,send_time,recv_time,rtt,status
6,1773967832.4401133,1773967834.2548606,1.8147473335266113,success
7,1773967839.9777231,1773967841.5797987,1.6020755767822266,success
8,1773967847.1590428,1773967848.886737,1.7276942729949951,success
9,1773967854.39436,1773967856.234129,1.839768886566162,success
10,1773967861.6598303,1773967863.586805,1.9269747734069824,success
"sender: client330, message: > hello from client330"
11,1773967868.920279,1773967870.916402,1.9961230754852295,success
"sender: client330, message: > hello from client330"
12,1773967876.2235906,1773967878.3364232,2.112832546234131,success
13,1773967883.6180806,1773967885.6755142,2.057433605194092,success
"sender: client330, message: > hello from client330"
14,1773967890.978976,1773967892.9863055,2.0073294639587402,success
"sender: client330, message: > hello from client330"
15,1773967898.2988698,1773967900.3817902,2.0829203128814697,success
"sender: client330, message: > hello from client330"
16,1773967905.6754582,1773967907.6891067,2.013648509979248,success
"sender: client330, message: > hello from client330"
17,1773967913.0581737,1773967915.0632691,2.0050954818725586,success
"sender: client330, message: > hello from client330"
18,1773967920.374852,1773967922.4442406,2.0693886280059814,success
"sender: client330, message: > hello from client330"
19,1773967927.6805518,1773967929.7709672,2.0904154777526855,success
"sender: client330, message: > hello from client330"
20,1773967934.9958088,1773967937.1266599,2.1308510303497314,success
"sender: client330, message: > hello from client330"
