round,send_time,recv_time,rtt,status
4,1773967817.9183028,1773967819.7127907,1.7944879531860352,success
5,1773967825.0652936,1773967826.9544535,1.889159917831421,success
6,1773967832.39739,1773967834.254576,1.8571860790252686,success
7,1773967839.804409,1773967841.580413,1.7760040760040283,success
8,1773967847.052678,1773967848.870199,1.8175208568572998,success
9,1773967854.4429622,1773967856.2234442,1.7804820537567139,success
"sender: client202, message: > hello from client202"
10,1773967861.613239,1773967863.5849931,1.9717540740966797,success
11,1773967868.9546652,1773967870.9933345,2.0386693477630615,success
12,1773967876.1671364,1773967878.3364627,2.1693263053894043,success
13,1773967883.603998,1773967885.6761053,2.0721073150634766,success
"sender: client202, message: > hello from client202"
14,1773967890.945101,1773967893.014599,2.069498062133789,success
"sender: client202, message: > hello from client202"
15,1773967898.3011308,1773967900.383007,2.081876277923584,success
16,1773967905.6337326,1773967907.685073,2.051340341567993,success
"sender: client202, message: > hello from client202"
17,1773967913.0050585,1773967915.069418,2.064359426498413,success
18,1773967920.4217517,1773967922.42027,1.9985182285308838,success
"sender: client202, message: > hello from client202"
19,1773967927.7437563,1773967929.7905076,2.0467512607574463,success
20,1773967935.0844767,1773967937.105359,2.0208823680877686,success
"sender: client202, message: > hello from client202"
