round,send_time,recv_time,rtt,status
10,1773961545.928819,1773961547.754107,1.8252880573272705,success
11,1773961553.71786,1773961555.204659,1.4867990016937256,success
12,1773961560.9451451,1773961562.718157,1.7730119228363037,success
"sender: client498, message: > hello from client498"
13,1773961568.554647,1773961570.2346041,1.6799571514129639,success
14,1773961575.84595,1773961577.8027918,1.9568419456481934,success
15,1773961583.439137,1773961585.313473,1.8743360042572021,success
"sender: client498, message: > hello from client498"
16,1773961591.342015,1773961592.8069959,1.4649808406829834,success
"sender: client498, message: > hello from client498"
17,1773961599.109507,1773961600.3435571,1.2340500354766846,success
"sender: client498, message: > hello from client498"
18,1773961606.332588,1773961607.8586361,1.526048183441162,success
"sender: client498, message: > hello from client498"
19,1773961613.614592,1773961615.4461708,1.8315787315368652,success
"sender: client498, message: > hello from client498"
20,1773961621.020891,1773961622.89677,1.8758790493011475,success
"sender: client498, message: > hello from client498"
21,1773961628.795727,1773961630.395951,1.6002240180969238,success
"sender: client498, message: > hello from client498"
