round,send_time,recv_time,rtt,status
5,1773961508.216029,1773961510.1517,1.935671091079712,success
6,1773961515.7463691,1773961517.531061,1.7846918106079102,success
7,1773961523.497459,1773961524.983755,1.4862961769104004,success
8,1773961531.0849228,1773961532.505706,1.420783281326294,success
9,1773961538.689714,1773961540.1093278,1.4196138381958008,success
10,1773961545.837931,1773961547.763514,1.9255831241607666,success
11,1773961553.227411,1773961555.156163,1.9287519454956055,success
12,1773961561.000704,1773961562.66183,1.661125898361206,success
"sender: client186, message: > hello from client186"
13,1773961568.5926661,1773961570.168096,1.575429916381836,success
14,1773961575.5061498,1773961577.7213619,2.215212106704712,success
"sender: client186, message: > hello from client186"
15,1773961583.3881369,1773961585.249184,1.8610470294952393,success
"sender: client186, message: > hello from client186"
16,1773961591.239398,1773961592.745397,1.5059990882873535,success
"sender: client186, message: > hello from client186"
17,1773961598.749526,1773961600.3422751,1.5927491188049316,success
"sender: client186, message: > hello from client186"
18,1773961605.877674,1773961607.800776,1.9231019020080566,success
"sender: client186, message: > hello from client186"
19,1773961613.52431,1773961615.306025,1.781714916229248,success
"sender: client186, message: > hello from client186"
20,1773961621.024877,1773961622.849167,1.8242900371551514,success
"sender: client186, message: > hello from client186"
21,1773961628.364907,1773961630.335741,1.9708340167999268,success
"sender: client186, message: > hello from client186"
