round,send_time,recv_time,rtt,status
5,1773961508.3219452,1773961510.1557639,1.8338186740875244,success
6,1773961515.940093,1773961517.5304801,1.5903871059417725,success
7,1773961523.4733,1773961524.986437,1.5131371021270752,success
8,1773961531.2307,1773961532.510689,1.2799890041351318,success
9,1773961538.948102,1773961540.123848,1.175745964050293,success
10,1773961546.475041,1773961547.7486238,1.273582935333252,success
11,1773961553.720371,1773961555.168755,1.4483840465545654,success
12,1773961560.7081752,1773961562.663635,1.9554598331451416,success
"sender: client209, message: > hello from client209"
13,1773961568.741101,1773961570.179656,1.4385550022125244,success
"sender: client209, message: > hello from client209"
14,1773961575.754185,1773961577.7273228,1.9731378555297852,success
15,1773961583.5813692,1773961585.251881,1.6705117225646973,success
16,1773961590.809451,1773961592.75125,1.9417989253997803,success
"sender: client209, message: > hello from client209"
17,1773961599.2557771,1773961600.343447,1.087669849395752,success
"sender: client209, message: > hello from client209"
18,1773961605.6772459,1773961607.805789,2.1285431385040283,success
"sender: client209, message: > hello from client209"
19,1773961613.363195,1773961615.310504,1.9473090171813965,success
"sender: client209, message: > hello from client209"
20,1773961621.006876,1773961622.8515131,1.844637155532837,success
"sender: client209, message: > hello from client209"
21,1773961628.549966,1773961630.3426611,1.7926950454711914,success
"sender: client209, message: > hello from client209"
