round,send_time,recv_time,rtt,status
7,1773961523.312995,1773961525.017611,1.7046160697937012,success
8,1773961531.0732281,1773961532.606594,1.5333659648895264,success
9,1773961538.327925,1773961540.111145,1.7832200527191162,success
10,1773961545.8716748,1773961547.7604249,1.8887500762939453,success
11,1773961553.203486,1773961555.183022,1.9795360565185547,success
12,1773961560.753716,1773961562.691187,1.9374709129333496,success
13,1773961568.623564,1773961570.199657,1.5760929584503174,success
"sender: client357, message: > hello from client357"
14,1773961576.134793,1773961577.769021,1.634227991104126,success
"sender: client357, message: > hello from client357"
15,1773961583.431911,1773961585.28242,1.8505089282989502,success
"sender: client357, message: > hello from client357"
16,1773961590.821323,1773961592.783634,1.962311029434204,success
"sender: client357, message: > hello from client357"
17,1773961599.1692789,1773961600.3739488,1.2046699523925781,success
"sender: client357, message: > hello from client357"
18,1773961606.314802,1773961607.82938,1.514578104019165,success
"sender: client357, message: > hello from client357"
19,1773961613.488425,1773961615.338899,1.8504738807678223,success
"sender: client357, message: > hello from client357"
20,1773961621.22426,1773961622.876483,1.6522228717803955,success
"sender: client357, message: > hello from client357"
21,1773961628.552774,1773961630.369665,1.8168909549713135,success
"sender: client357, message: > hello from client357"
