round,send_time,recv_time,rtt,status
2,1773961486.3759518,1773961488.375478,1.9995262622833252,success
3,1773961493.6566641,1773961495.558846,1.90218186378479,success
4,1773961500.960518,1773961502.784179,1.8236610889434814,success
5,1773961508.368275,1773961510.111574,1.7432990074157715,success
6,1773961515.870238,1773961517.4856,1.6153619289398193,success
7,1773961523.539989,1773961524.9482281,1.4082391262054443,success
8,1773961531.2284858,1773961532.4639528,1.2354669570922852,success
9,1773961538.3433971,1773961540.1197639,1.7763667106628418,success
10,1773961545.6505558,1773961547.750989,2.100433111190796,success
11,1773961553.2111602,1773961555.170235,1.9590747356414795,success
12,1773961560.56127,1773961562.6303308,2.069060802459717,success
"sender: client7, message: > hello from client7"
13,1773961568.199882,1773961570.131806,1.9319238662719727,success
14,1773961575.593892,1773961577.7047281,2.1108360290527344,success
15,1773961583.127093,1773961585.205708,2.0786149501800537,success
"sender: client7, message: > hello from client7"
16,1773961590.623578,1773961592.734838,2.111259937286377,success
"sender: client7, message: > hello from client7"
17,1773961598.982902,1773961600.250304,1.267401933670044,success
"sender: client7, message: > hello from client7"
18,1773961605.727193,1773961607.767751,2.040557861328125,success
"sender: client7, message: > hello from client7"
19,1773961613.274522,1773961615.266409,1.991886854171753,success
20,1773961620.754133,1773961622.8103812,2.056248188018799,success
"sender: client7, message: > hello from client7"
21,1773961628.4738529,1773961630.301996,1.8281431198120117,success
"sender: client7, message: > hello from client7"
