round,send_time,recv_time,rtt,status
7,1773961523.32752,1773961525.009324,1.6818041801452637,success
8,1773961530.9318871,1773961532.605802,1.673914909362793,success
9,1773961538.7954009,1773961540.110425,1.3150241374969482,success
10,1773961546.483024,1773961547.851775,1.368751049041748,success
11,1773961554.019874,1773961555.176706,1.156831979751587,success
12,1773961560.624866,1773961562.68501,2.0601439476013184,success
"sender: client327, message: > hello from client327"
13,1773961568.7150788,1773961570.1971881,1.4821093082427979,success
"sender: client327, message: > hello from client327"
14,1773961575.999184,1773961577.752255,1.7530710697174072,success
"sender: client327, message: > hello from client327"
15,1773961583.4337978,1773961585.2765708,1.8427729606628418,success
"sender: client327, message: > hello from client327"
16,1773961590.720382,1773961592.779851,2.059468984603882,success
17,1773961599.1630578,1773961600.377484,1.2144262790679932,success
"sender: client327, message: > hello from client327"
18,1773961606.194048,1773961607.824769,1.630721092224121,success
"sender: client327, message: > hello from client327"
19,1773961613.521591,1773961615.334563,1.812972068786621,success
"sender: client327, message: > hello from client327"
20,1773961621.198422,1773961622.8679512,1.6695291996002197,success
"sender: client327, message: > hello from client327"
21,1773961628.475664,1773961630.364311,1.8886470794677734,success
"sender: client327, message: > hello from client327"
