round,send_time,recv_time,rtt,status
7,1773967839.9301026,1773967841.582695,1.652592420578003,success
8,1773967847.209128,1773967848.8845394,1.6754114627838135,success
9,1773967854.4977145,1773967856.2393236,1.7416090965270996,success
10,1773967861.5840614,1773967863.5689642,1.9849028587341309,success
"sender: client451, message: > hello from client451"
11,1773967868.9508288,1773967870.9887516,2.0379228591918945,success
12,1773967876.221802,1773967878.3281553,2.106353282928467,success
"sender: client451, message: > hello from client451"
13,1773967883.6429389,1773967885.6622906,2.0193517208099365,success
"sender: client451, message: > hello from client451"
14,1773967890.9842134,1773967893.2138155,2.229602098464966,success
"sender: client451, message: > hello from client451"
15,1773967898.310244,1773967900.5685532,2.2583091259002686,success
"sender: client451, message: > hello from client451"
16,1773967905.5078778,1773967907.7015655,2.193687677383423,success
17,1773967913.0599124,1773967915.0771844,2.0172719955444336,success
"sender: client451, message: > hello from client451"
18,1773967920.3423975,1773967922.4369142,2.0945167541503906,success
19,1773967927.6542354,1773967929.787765,2.1335296630859375,success
"sender: client451, message: > hello from client451"
20,1773967935.0925252,1773967937.1324296,2.0399043560028076,success
"sender: client451, message: > hello from client451"
