round,send_time,recv_time,rtt,status
3,1773967810.6597457,1773967812.5356228,1.8758771419525146,success
4,1773967817.8189576,1773967819.7200267,1.901069164276123,success
5,1773967825.0869937,1773967826.9742846,1.8872909545898438,success
6,1773967832.468772,1773967834.261576,1.7928040027618408,success
7,1773967839.7522986,1773967841.5870848,1.8347861766815186,success
8,1773967847.1769843,1773967848.8690255,1.6920411586761475,success
9,1773967854.1187694,1773967856.2376487,2.1188793182373047,success
10,1773967861.6141753,1773967863.5645719,1.9503965377807617,success
"sender: client137, message: > hello from client137"
11,1773967868.9141738,1773967870.941158,2.026984214782715,success
12,1773967876.2038536,1773967878.3353367,2.1314830780029297,success
13,1773967883.6254866,1773967885.6588674,2.0333807468414307,success
"sender: client137, message: > hello from client137"
14,1773967890.8655992,1773967893.0022354,2.136636257171631,success
"sender: client137, message: > hello from client137"
15,1773967898.2576346,1773967900.3845668,2.126932144165039,success
"sender: client137, message: > hello from client137"
16,1773967905.5628183,1773967907.6840348,2.1212165355682373,success
"sender: client137, message: > hello from client137"
17,1773967913.0516338,1773967915.067863,2.0162291526794434,success
"sender: client137, message: > hello from client137"
18,1773967920.3662806,1773967922.4123538,2.0460731983184814,success
"sender: client137, message: > hello from client137"
19,1773967927.7574968,1773967929.7496173,1.9921205043792725,success
"sender: client137, message: > hello from client137"
20,1773967935.0375798,1773967937.122365,2.084785223007202,success
"sender: client137, message: > hello from client137"
