round,send_time,recv_time,rtt,status
6,1773967832.502673,1773967834.2600842,1.757411241531372,success
7,1773967839.9742804,1773967841.5900133,1.6157329082489014,success
8,1773967847.2033741,1773967848.8889818,1.685607671737671,success
9,1773967854.4796066,1773967856.2417467,1.7621400356292725,success
10,1773967861.6410873,1773967863.5870094,1.9459221363067627,success
11,1773967868.932543,1773967870.9891233,2.0565803050994873,success
12,1773967876.2494998,1773967878.2805943,2.031094551086426,success
"sender: client368, message: > hello from client368"
13,1773967883.661413,1773967885.66635,2.004936933517456,success
"sender: client368, message: > hello from client368"
14,1773967890.9019911,1773967893.093845,2.1918537616729736,success
"sender: client368, message: > hello from client368"
15,1773967898.3172848,1773967900.4947312,2.1774463653564453,success
"sender: client368, message: > hello from client368"
16,1773967905.663906,1773967907.6897774,2.0258712768554688,success
"sender: client368, message: > hello from client368"
17,1773967913.0565076,1773967915.0635722,2.0070645809173584,success
"sender: client368, message: > hello from client368"
18,1773967920.383233,1773967922.4378788,2.0546457767486572,success
"sender: client368, message: > hello from client368"
19,1773967927.7631505,1773967929.7529655,1.9898149967193604,success
"sender: client368, message: > hello from client368"
20,1773967935.0373206,1773967937.2191603,2.18183970451355,success
"sender: client368, message: > hello from client368"
