round,send_time,recv_time,rtt,status
4,1773967817.822913,1773967819.7115772,1.8886642456054688,success
5,1773967825.1654458,1773967826.9675317,1.8020858764648438,success
6,1773967832.3343005,1773967834.2476544,1.9133539199829102,success
7,1773967839.8930025,1773967841.587099,1.694096565246582,success
8,1773967847.0457137,1773967848.9014466,1.8557329177856445,success
9,1773967854.525801,1773967856.2225473,1.6967463493347168,success
10,1773967861.633307,1773967863.5948646,1.9615576267242432,success
11,1773967868.9357042,1773967870.931719,1.9960148334503174,success
"sender: client180, message: > hello from client180"
12,1773967876.2444875,1773967878.3301108,2.085623264312744,success
"sender: client180, message: > hello from client180"
13,1773967883.6126144,1773967885.6616848,2.049070358276367,success
"sender: client180, message: > hello from client180"
14,1773967890.9728224,1773967892.9825954,2.009773015975952,success
"sender: client180, message: > hello from client180"
15,1773967898.306867,1773967900.3736024,2.0667355060577393,success
"sender: client180, message: > hello from client180"
16,1773967905.6644845,1773967907.6851711,2.020686626434326,success
"sender: client180, message: > hello from client180"
17,1773967913.024665,1773967915.0715966,2.046931505203247,success
"sender: client180, message: > hello from client180"
18,1773967920.4228652,1773967922.4116945,1.9888293743133545,success
"sender: client180, message: > hello from client180"
19,1773967927.6749053,1773967929.7879832,2.1130778789520264,success
20,1773967934.9762852,1773967937.104927,2.1286418437957764,success
"sender: client180, message: > hello from client180"
