round,send_time,recv_time,rtt,status
5,1773967825.1102638,1773967826.9566875,1.846423625946045,success
6,1773967832.5064454,1773967834.2369301,1.7304847240447998,success
7,1773967839.9738166,1773967841.5868676,1.613050937652588,success
8,1773967846.9160237,1773967848.8715105,1.95548677444458,success
9,1773967854.47744,1773967856.241352,1.7639119625091553,success
10,1773967861.5320323,1773967863.5656912,2.033658981323242,success
"sender: client287, message: > hello from client287"
11,1773967868.9605572,1773967870.9162683,1.9557111263275146,success
"sender: client287, message: > hello from client287"
12,1773967876.203351,1773967878.28259,2.0792388916015625,success
"sender: client287, message: > hello from client287"
13,1773967883.647566,1773967885.7642653,2.11669921875,success
"sender: client287, message: > hello from client287"
14,1773967890.9759629,1773967892.984918,2.008955240249634,success
"sender: client287, message: > hello from client287"
15,1773967898.2593443,1773967900.378136,2.1187915802001953,success
"sender: client287, message: > hello from client287"
16,1773967905.6320705,1773967907.6883266,2.056256055831909,success
"sender: client287, message: > hello from client287"
17,1773967913.0082357,1773967915.0668485,2.058612823486328,success
"sender: client287, message: > hello from client287"
18,1773967920.3297644,1773967922.4259713,2.0962069034576416,success
"sender: client287, message: > hello from client287"
19,1773967927.7699797,1773967929.7531457,1.983165979385376,success
20,1773967934.9675906,1773967937.1232908,2.155700206756592,success
"sender: client287, message: > hello from client287"
