round,send_time,recv_time,rtt,status
3,1773961493.581214,1773961495.570733,1.9895191192626953,success
4,1773961500.925056,1773961502.8003469,1.875290870666504,success
5,1773961508.3379562,1773961510.129704,1.791747808456421,success
6,1773961515.959489,1773961517.501577,1.5420877933502197,success
7,1773961523.549171,1773961524.9647942,1.4156231880187988,success
8,1773961531.0739,1773961532.4814541,1.4075541496276855,success
9,1773961538.516002,1773961540.109101,1.5930991172790527,success
10,1773961545.829878,1773961547.7589629,1.9290847778320312,success
11,1773961553.2863512,1773961555.1499689,1.8636176586151123,success
12,1773961560.534666,1773961562.6383848,2.1037187576293945,success
"sender: client87, message: > hello from client87"
13,1773961568.380359,1773961570.149123,1.7687640190124512,success
14,1773961575.739994,1773961577.7069829,1.9669888019561768,success
"sender: client87, message: > hello from client87"
15,1773961583.2812731,1773961585.222549,1.9412758350372314,success
"sender: client87, message: > hello from client87"
16,1773961591.384992,1773961592.740905,1.3559131622314453,success
"sender: client87, message: > hello from client87"
17,1773961599.14373,1773961600.262465,1.1187350749969482,success
"sender: client87, message: > hello from client87"
18,1773961605.8417,1773961607.792116,1.950415849685669,success
"sender: client87, message: > hello from client87"
19,1773961613.2924511,1773961615.285372,1.9929208755493164,success
20,1773961621.2628548,1773961622.826208,1.5633533000946045,success
"sender: client87, message: > hello from client87"
21,1773961628.663154,1773961630.329101,1.6659471988677979,success
"sender: client87, message: > hello from client87"
