round,send_time,recv_time,rtt,status
2,1773961486.356815,1773961488.385719,2.0289039611816406,success
3,1773961493.634785,1773961495.562399,1.9276139736175537,success
4,1773961500.9899788,1773961502.7893991,1.7994203567504883,success
5,1773961508.337999,1773961510.120561,1.7825617790222168,success
6,1773961515.7673988,1773961517.4965918,1.7291929721832275,success
7,1773961523.50412,1773961524.9536178,1.4494976997375488,success
8,1773961531.179842,1773961532.470659,1.2908170223236084,success
9,1773961538.3791301,1773961540.102684,1.7235538959503174,success
10,1773961545.939059,1773961547.80499,1.8659310340881348,success
11,1773961553.2822242,1773961555.151892,1.8696677684783936,success
12,1773961560.689697,1773961562.629663,1.9399659633636475,success
"sender: client49, message: > hello from client49"
13,1773961568.199845,1773961570.149338,1.9494929313659668,success
"sender: client49, message: > hello from client49"
14,1773961575.763938,1773961577.7201762,1.9562382698059082,success
15,1773961583.42416,1773961585.219768,1.7956080436706543,success
"sender: client49, message: > hello from client49"
16,1773961590.7432451,1773961592.7368839,1.9936387538909912,success
"sender: client49, message: > hello from client49"
17,1773961599.14371,1773961600.251466,1.1077561378479004,success
18,1773961605.6826591,1773961607.7808352,2.0981760025024414,success
"sender: client49, message: > hello from client49"
19,1773961613.385547,1773961615.285461,1.899914026260376,success
"sender: client49, message: > hello from client49"
20,1773961621.048007,1773961622.8221939,1.7741868495941162,success
"sender: client49, message: > hello from client49"
21,1773961628.510394,1773961630.312532,1.802137851715088,success
"sender: client49, message: > hello from client49"
