round,send_time,recv_time,rtt,status
3,1773961493.576045,1773961495.565428,1.9893829822540283,success
4,1773961500.968087,1773961502.798819,1.8307321071624756,success
5,1773961508.392475,1773961510.125828,1.7333531379699707,success
6,1773961515.961029,1773961517.4971142,1.5360851287841797,success
7,1773961523.400355,1773961524.960151,1.55979585647583,success
8,1773961531.198482,1773961532.47631,1.2778279781341553,success
9,1773961538.330403,1773961540.1320581,1.8016550540924072,success
10,1773961546.001804,1773961547.7676191,1.765815019607544,success
11,1773961553.2528472,1773961555.149704,1.8968567848205566,success
12,1773961560.628614,1773961562.639647,2.011033058166504,success
"sender: client68, message: > hello from client68"
13,1773961568.238498,1773961570.152626,1.914128065109253,success
"sender: client68, message: > hello from client68"
14,1773961575.4851992,1773961577.701508,2.216308832168579,success
"sender: client68, message: > hello from client68"
15,1773961583.242539,1773961585.221143,1.9786040782928467,success
16,1773961590.743259,1773961592.737375,1.9941160678863525,success
17,1773961598.9847062,1773961600.262424,1.2777178287506104,success
"sender: client68, message: > hello from client68"
18,1773961605.83448,1773961607.782646,1.9481658935546875,success
"sender: client68, message: > hello from client68"
19,1773961613.543179,1773961615.28142,1.7382409572601318,success
"sender: client68, message: > hello from client68"
20,1773961620.855766,1773961622.824213,1.968446969985962,success
"sender: client68, message: > hello from client68"
21,1773961628.490133,1773961630.328654,1.8385210037231445,success
"sender: client68, message: > hello from client68"
