round,send_time,recv_time,rtt,status
3,1773961493.603637,1773961495.578291,1.974653959274292,success
4,1773961500.8458781,1773961502.811293,1.9654147624969482,success
5,1773961508.392529,1773961510.140278,1.7477490901947021,success
6,1773961515.9340212,1773961517.5168781,1.5828568935394287,success
7,1773961523.4828632,1773961524.97242,1.4895567893981934,success
8,1773961531.147305,1773961532.486304,1.3389990329742432,success
9,1773961538.801374,1773961540.107151,1.3057770729064941,success
10,1773961546.3068988,1773961547.810352,1.503453254699707,success
11,1773961554.01793,1773961555.152742,1.1348118782043457,success
12,1773961560.782882,1773961562.644453,1.8615710735321045,success
"sender: client129, message: > hello from client129"
13,1773961568.70288,1773961570.162466,1.4595861434936523,success
"sender: client129, message: > hello from client129"
14,1773961576.021781,1773961577.7098691,1.6880881786346436,success
"sender: client129, message: > hello from client129"
15,1773961583.42327,1773961585.2334878,1.8102178573608398,success
"sender: client129, message: > hello from client129"
16,1773961590.7964501,1773961592.7430038,1.9465537071228027,success
"sender: client129, message: > hello from client129"
17,1773961599.1204438,1773961600.270591,1.1501471996307373,success
"sender: client129, message: > hello from client129"
18,1773961605.8526158,1773961607.7944598,1.9418439865112305,success
19,1773961613.5602381,1773961615.291735,1.731496810913086,success
"sender: client129, message: > hello from client129"
20,1773961620.8500202,1773961622.83968,1.9896597862243652,success
"sender: client129, message: > hello from client129"
21,1773961628.267509,1773961630.3304,2.0628910064697266,success
"sender: client129, message: > hello from client129"
