round,send_time,recv_time,rtt,status
6,1773967832.317655,1773967834.251694,1.9340388774871826,success
7,1773967839.930713,1773967841.5889041,1.658191204071045,success
8,1773967847.1452792,1773967848.893992,1.7487127780914307,success
9,1773967854.52045,1773967856.2609046,1.7404544353485107,success
"sender: client400, message: > hello from client400"
10,1773967861.6096568,1773967863.5906405,1.9809837341308594,success
11,1773967868.9359174,1773967870.9328988,1.9969813823699951,success
"sender: client400, message: > hello from client400"
12,1773967876.2319481,1773967878.2729,2.04095196723938,success
"sender: client400, message: > hello from client400"
13,1773967883.6171649,1773967885.661268,2.0441031455993652,success
"sender: client400, message: > hello from client400"
14,1773967890.984513,1773967892.987662,2.0031490325927734,success
"sender: client400, message: > hello from client400"
15,1773967898.2716746,1773967900.5678055,2.296130895614624,success
"sender: client400, message: > hello from client400"
16,1773967905.6782684,1773967907.7030773,2.024808883666992,success
17,1773967912.9508903,1773967915.0638525,2.112962245941162,success
"sender: client400, message: > hello from client400"
18,1773967920.3560936,1773967922.634792,2.278698444366455,success
"sender: client400, message: > hello from client400"
19,1773967927.684066,1773967929.788984,2.1049180030822754,success
20,1773967935.0790968,1773967937.12913,2.0500330924987793,success
"sender: client400, message: > hello from client400"
