round,send_time,recv_time,rtt,status
3,1773967810.6309414,1773967812.5417943,1.9108529090881348,success
4,1773967817.8497767,1773967819.716985,1.8672082424163818,success
5,1773967825.1084232,1773967826.9685426,1.860119342803955,success
6,1773967832.2591574,1773967834.2468035,1.9876461029052734,success
7,1773967839.9807994,1773967841.5893557,1.6085562705993652,success
8,1773967847.227999,1773967848.8699617,1.6419627666473389,success
9,1773967854.4782777,1773967856.2373412,1.759063482284546,success
"sender: client143, message: > hello from client143"
10,1773967861.6043344,1773967863.5685368,1.9642024040222168,success
"sender: client143, message: > hello from client143"
11,1773967868.939959,1773967870.9170825,1.977123498916626,success
"sender: client143, message: > hello from client143"
12,1773967876.224543,1773967878.3278506,2.1033074855804443,success
"sender: client143, message: > hello from client143"
13,1773967883.6670578,1773967885.653419,1.9863612651824951,success
"sender: client143, message: > hello from client143"
14,1773967890.9839637,1773967893.0228057,2.038841962814331,success
"sender: client143, message: > hello from client143"
15,1773967898.3210087,1773967900.3848846,2.063875913619995,success
"sender: client143, message: > hello from client143"
16,1773967905.6516438,1773967907.703059,2.051415205001831,success
17,1773967913.0142343,1773967915.0699673,2.0557329654693604,success
"sender: client143, message: > hello from client143"
18,1773967920.3381364,1773967922.4362042,2.0980677604675293,success
"sender: client143, message: > hello from client143"
19,1773967927.7717116,1773967929.7808676,2.0091559886932373,success
20,1773967935.0752597,1773967937.1125228,2.0372631549835205,success
"sender: client143, message: > hello from client143"
