round,send_time,recv_time,rtt,status
4,1773961500.855635,1773961502.8142378,1.9586029052734375,success
5,1773961508.323515,1773961510.14353,1.8200149536132812,success
6,1773961515.751532,1773961517.517327,1.7657949924468994,success
7,1773961523.5888698,1773961524.972631,1.3837611675262451,success
8,1773961531.26614,1773961532.488466,1.2223260402679443,success
9,1773961538.856313,1773961540.120234,1.2639210224151611,success
10,1773961546.295916,1773961547.773234,1.4773178100585938,success
11,1773961553.243256,1773961555.1506119,1.907355785369873,success
12,1773961560.776392,1773961562.6498508,1.8734588623046875,success
"sender: client139, message: > hello from client139"
13,1773961568.6269288,1773961570.163064,1.536135196685791,success
"sender: client139, message: > hello from client139"
14,1773961575.5879219,1773961577.708545,2.1206231117248535,success
"sender: client139, message: > hello from client139"
15,1773961583.5985348,1773961585.236384,1.6378490924835205,success
"sender: client139, message: > hello from client139"
16,1773961591.0734951,1773961592.7405272,1.66703200340271,success
"sender: client139, message: > hello from client139"
17,1773961599.038234,1773961600.2711732,1.2329392433166504,success
18,1773961605.882068,1773961607.794608,1.9125401973724365,success
19,1773961613.7083929,1773961615.296038,1.5876450538635254,success
"sender: client139, message: > hello from client139"
20,1773961621.186147,1773961622.836291,1.650144100189209,success
"sender: client139, message: > hello from client139"
21,1773961628.529154,1773961630.3313222,1.8021681308746338,success
"sender: client139, message: > hello from client139"
