round,send_time,recv_time,rtt,status
2,1773967803.4406672,1773967805.3685484,1.9278812408447266,success
3,1773967810.6597338,1773967812.540288,1.88055419921875,success
4,1773967817.7897518,1773967819.7080708,1.9183189868927002,success
5,1773967825.161273,1773967826.9864423,1.825169324874878,success
6,1773967832.403324,1773967834.2487032,1.84537935256958,success
7,1773967839.8695476,1773967841.582859,1.7133114337921143,success
8,1773967847.1311705,1773967848.8683846,1.7372140884399414,success
9,1773967854.106547,1773967856.2320802,2.125533103942871,success
10,1773967861.675543,1773967863.567372,1.891829013824463,success
11,1773967868.9456756,1773967870.9862437,2.0405681133270264,success
12,1773967876.2498171,1773967878.338021,2.0882039070129395,success
13,1773967883.6459334,1773967885.651953,2.0060195922851562,success
"sender: client104, message: > hello from client104"
14,1773967890.9607503,1773967893.0093503,2.0485999584198,success
"sender: client104, message: > hello from client104"
15,1773967898.3003745,1773967900.3403037,2.039929151535034,success
16,1773967905.585453,1773967907.6840475,2.0985944271087646,success
"sender: client104, message: > hello from client104"
17,1773967913.0574794,1773967915.0320015,1.9745221138000488,success
"sender: client104, message: > hello from client104"
18,1773967920.321132,1773967922.4124103,2.091278314590454,success
"sender: client104, message: > hello from client104"
19,1773967927.717281,1773967929.7491574,2.0318763256073,success
"sender: client104, message: > hello from client104"
20,1773967935.0888376,1773967937.1033838,2.0145461559295654,success
