round,send_time,recv_time,rtt,status
3,1773967810.5505626,1773967812.5358167,1.9852540493011475,success
4,1773967817.7934122,1773967819.7197323,1.9263200759887695,success
5,1773967825.1439033,1773967826.9533603,1.8094570636749268,success
6,1773967832.3309712,1773967834.2604752,1.9295039176940918,success
7,1773967839.9033604,1773967841.5807235,1.6773631572723389,success
8,1773967847.1887496,1773967848.8693323,1.6805827617645264,success
9,1773967854.3282154,1773967856.2207305,1.8925151824951172,success
10,1773967861.610454,1773967863.5891762,1.978722095489502,success
"sender: client158, message: > hello from client158"
11,1773967868.9500325,1773967870.9906025,2.040570020675659,success
12,1773967876.2092981,1773967878.283613,2.074314832687378,success
"sender: client158, message: > hello from client158"
13,1773967883.6627367,1773967885.6686246,2.005887985229492,success
"sender: client158, message: > hello from client158"
14,1773967890.9756567,1773967893.0176818,2.042025089263916,success
"sender: client158, message: > hello from client158"
15,1773967898.2660627,1773967900.3836656,2.117602825164795,success
"sender: client158, message: > hello from client158"
16,1773967905.6205292,1773967907.6842139,2.0636847019195557,success
17,1773967912.9667668,1773967915.0696883,2.102921485900879,success
"sender: client158, message: > hello from client158"
18,1773967920.3513207,1773967922.4060078,2.054687023162842,success
19,1773967927.7518647,1773967929.7872546,2.0353899002075195,success
20,1773967935.0471416,1773967937.1037989,2.056657314300537,success
"sender: client158, message: > hello from client158"
