round,send_time,recv_time,rtt,status
7,1773967839.7359712,1773967841.6671686,1.9311974048614502,success
8,1773967847.1848564,1773967848.897966,1.7131094932556152,success
9,1773967854.1038153,1773967856.224937,2.121121644973755,success
10,1773967861.633962,1773967863.5868542,1.9528923034667969,success
"sender: client407, message: > hello from client407"
11,1773967868.970398,1773967870.9179833,1.9475853443145752,success
"sender: client407, message: > hello from client407"
12,1773967876.2055333,1773967878.2709692,2.0654358863830566,success
"sender: client407, message: > hello from client407"
13,1773967883.5733442,1773967885.669323,2.0959787368774414,success
14,1773967890.9308057,1773967892.9877672,2.0569615364074707,success
"sender: client407, message: > hello from client407"
15,1773967898.2557857,1773967900.507803,2.2520172595977783,success
"sender: client407, message: > hello from client407"
16,1773967905.613581,1773967907.7025285,2.0889475345611572,success
17,1773967913.0493164,1773967915.063883,2.014566659927368,success
"sender: client407, message: > hello from client407"
18,1773967920.4206913,1773967922.444255,2.023563861846924,success
"sender: client407, message: > hello from client407"
19,1773967927.717486,1773967929.7559505,2.0384645462036133,success
"sender: client407, message: > hello from client407"
20,1773967935.0392568,1773967937.2199852,2.1807284355163574,success
