round,send_time,recv_time,rtt,status
1,1773967796.2652137,1773967798.264192,1.9989783763885498,success
2,1773967803.4435928,1773967805.3691914,1.9255986213684082,success
3,1773967810.6454544,1773967812.529873,1.8844184875488281,success
4,1773967817.7921696,1773967819.7063634,1.914193868637085,success
5,1773967824.9822323,1773967826.97093,1.9886977672576904,success
6,1773967832.4657226,1773967834.2328436,1.7671210765838623,success
7,1773967839.7757716,1773967841.5794346,1.8036630153656006,success
8,1773967847.2303936,1773967848.8660464,1.635652780532837,success
9,1773967854.4726677,1773967856.2338748,1.761207103729248,success
"sender: client40, message: > hello from client40"
10,1773967861.6103084,1773967863.5620697,1.951761245727539,success
"sender: client40, message: > hello from client40"
11,1773967868.8577635,1773967870.929498,2.0717344284057617,success
"sender: client40, message: > hello from client40"
12,1773967876.2518551,1773967878.2845685,2.0327134132385254,success
"sender: client40, message: > hello from client40"
13,1773967883.6436331,1773967885.6498344,2.0062012672424316,success
"sender: client40, message: > hello from client40"
14,1773967890.9370785,1773967892.98921,2.052131414413452,success
"sender: client40, message: > hello from client40"
15,1773967898.277434,1773967900.3528266,2.075392484664917,success
"sender: client40, message: > hello from client40"
16,1773967905.6374965,1773967907.6941905,2.0566940307617188,success
"sender: client40, message: > hello from client40"
17,1773967913.0586874,1773967915.030575,1.9718875885009766,success
"sender: client40, message: > hello from client40"
18,1773967920.3385456,1773967922.4544227,2.115877151489258,success
"sender: client40, message: > hello from client40"
19,1773967927.6902711,1773967929.7481835,2.0579123497009277,success
20,1773967934.9945452,1773967937.101036,2.1064908504486084,success
"sender: client40, message: > hello from client40"
