round,send_time,recv_time,rtt,status
7,1773961523.44325,1773961525.012619,1.5693690776824951,success
8,1773961531.011161,1773961532.611528,1.6003668308258057,success
9,1773961538.773024,1773961540.1357949,1.3627707958221436,success
10,1773961546.49682,1773961547.756094,1.2592740058898926,success
11,1773961553.928927,1773961555.175688,1.2467610836029053,success
12,1773961560.752883,1773961562.689266,1.9363830089569092,success
13,1773961568.504129,1773961570.197284,1.69315505027771,success
"sender: client331, message: > hello from client331"
14,1773961575.4690208,1773961577.80917,2.340149164199829,success
15,1773961583.485307,1773961585.2759051,1.7905981540679932,success
"sender: client331, message: > hello from client331"
16,1773961590.881872,1773961592.7783282,1.896456241607666,success
"sender: client331, message: > hello from client331"
17,1773961599.254682,1773961600.3711061,1.1164240837097168,success
"sender: client331, message: > hello from client331"
18,1773961606.177143,1773961607.824522,1.647378921508789,success
19,1773961613.513309,1773961615.334826,1.821516990661621,success
"sender: client331, message: > hello from client331"
20,1773961621.189881,1773961622.8689332,1.6790521144866943,success
"sender: client331, message: > hello from client331"
21,1773961628.6200728,1773961630.364592,1.7445192337036133,success
