round,send_time,recv_time,rtt,status
9,1773961538.047432,1773961540.134478,2.0870461463928223,success
10,1773961546.519441,1773961547.841622,1.322181224822998,success
11,1773961553.135993,1773961555.20534,2.0693469047546387,success
12,1773961560.692446,1773961562.718105,2.0256590843200684,success
"sender: client492, message: > hello from client492"
13,1773961568.572421,1773961570.2349849,1.6625638008117676,success
"sender: client492, message: > hello from client492"
14,1773961576.038927,1773961577.791234,1.7523069381713867,success
"sender: client492, message: > hello from client492"
15,1773961583.398627,1773961585.313783,1.9151558876037598,success
16,1773961591.156555,1773961592.806726,1.6501710414886475,success
"sender: client492, message: > hello from client492"
17,1773961599.052288,1773961600.370881,1.3185930252075195,success
"sender: client492, message: > hello from client492"
18,1773961606.427707,1773961607.858878,1.43117094039917,success
19,1773961613.6783638,1773961615.445407,1.767043113708496,success
"sender: client492, message: > hello from client492"
20,1773961620.8955572,1773961622.8974562,2.001899003982544,success
"sender: client492, message: > hello from client492"
21,1773961628.6732469,1773961630.396082,1.7228350639343262,success
"sender: client492, message: > hello from client492"
