round,send_time,recv_time,rtt,status
5,1773961508.349491,1773961510.163383,1.813892126083374,success
6,1773961515.796014,1773961517.540231,1.7442169189453125,success
7,1773961523.385037,1773961524.997775,1.6127381324768066,success
8,1773961531.128261,1773961532.516187,1.3879258632659912,success
9,1773961538.595885,1773961540.108547,1.5126619338989258,success
10,1773961546.507679,1773961547.755156,1.2474770545959473,success
11,1773961554.031562,1773961555.171447,1.1398849487304688,success
12,1773961560.66347,1773961562.6682959,2.0048258304595947,success
13,1773961568.521743,1773961570.18097,1.659226894378662,success
"sender: client246, message: > hello from client246"
14,1773961576.0334568,1773961577.742504,1.7090470790863037,success
"sender: client246, message: > hello from client246"
15,1773961583.37358,1773961585.2616372,1.8880572319030762,success
"sender: client246, message: > hello from client246"
16,1773961591.079419,1773961592.764386,1.684967041015625,success
"sender: client246, message: > hello from client246"
17,1773961598.9405499,1773961600.374822,1.434272050857544,success
"sender: client246, message: > hello from client246"
18,1773961606.393727,1773961607.8115048,1.4177777767181396,success
"sender: client246, message: > hello from client246"
19,1773961613.389062,1773961615.320082,1.9310200214385986,success
"sender: client246, message: > hello from client246"
20,1773961620.936338,1773961622.852146,1.9158079624176025,success
21,1773961628.554555,1773961630.351986,1.7974309921264648,success
"sender: client246, message: > hello from client246"
