round,send_time,recv_time,rtt,status
2,1773967803.4170065,1773967805.369393,1.9523866176605225,success
3,1773967810.6598895,1773967812.5300088,1.870119333267212,success
4,1773967817.9449768,1773967819.7079525,1.7629756927490234,success
5,1773967825.1716757,1773967826.9516943,1.7800185680389404,success
6,1773967832.4403598,1773967834.233386,1.7930262088775635,success
7,1773967839.8415468,1773967841.58937,1.7478232383728027,success
8,1773967847.2214797,1773967848.8668225,1.6453428268432617,success
9,1773967854.095289,1773967856.2609792,2.1656901836395264,success
10,1773967861.630044,1773967863.568661,1.9386169910430908,success
"sender: client71, message: > hello from client71"
11,1773967868.9147806,1773967870.992066,2.0772852897644043,success
12,1773967876.2504792,1773967878.3397303,2.0892510414123535,success
13,1773967883.6470246,1773967885.6515038,2.004479169845581,success
"sender: client71, message: > hello from client71"
14,1773967890.982915,1773967892.981459,1.9985439777374268,success
"sender: client71, message: > hello from client71"
15,1773967898.279324,1773967900.3451579,2.065833806991577,success
"sender: client71, message: > hello from client71"
16,1773967905.6159964,1773967907.6829643,2.0669679641723633,success
"sender: client71, message: > hello from client71"
17,1773967913.0030413,1773967915.062307,2.059265613555908,success
18,1773967920.3026268,1773967922.4101999,2.1075730323791504,success
"sender: client71, message: > hello from client71"
19,1773967927.7225902,1773967929.748941,2.026350736618042,success
"sender: client71, message: > hello from client71"
20,1773967934.9942067,1773967937.1111953,2.1169886589050293,success
"sender: client71, message: > hello from client71"
