round,send_time,recv_time,rtt,status
4,1773961500.92768,1773961502.8142521,1.8865721225738525,success
5,1773961508.2906199,1773961510.1437562,1.8531363010406494,success
6,1773961515.978715,1773961517.518132,1.539417028427124,success
7,1773961523.600766,1773961524.972521,1.3717551231384277,success
8,1773961531.232256,1773961532.4912288,1.2589728832244873,success
9,1773961538.923276,1773961540.1074271,1.1841511726379395,success
10,1773961546.515872,1773961547.751724,1.2358520030975342,success
11,1773961553.204396,1773961555.158425,1.9540290832519531,success
12,1773961560.612087,1773961562.648084,2.035996913909912,success
"sender: client138, message: > hello from client138"
13,1773961568.523434,1773961570.158091,1.6346571445465088,success
"sender: client138, message: > hello from client138"
14,1773961575.4782112,1773961577.71793,2.2397189140319824,success
"sender: client138, message: > hello from client138"
15,1773961583.506805,1773961585.236158,1.7293529510498047,success
"sender: client138, message: > hello from client138"
16,1773961590.693717,1773961592.7587972,2.065080165863037,success
"sender: client138, message: > hello from client138"
17,1773961599.0795038,1773961600.270617,1.1911132335662842,success
18,1773961605.698781,1773961607.794348,2.095566987991333,success
19,1773961613.261605,1773961615.2960489,2.0344438552856445,success
"sender: client138, message: > hello from client138"
20,1773961620.977243,1773961622.835577,1.8583340644836426,success
"sender: client138, message: > hello from client138"
21,1773961628.536183,1773961630.334929,1.79874587059021,success
"sender: client138, message: > hello from client138"
