round,send_time,recv_time,rtt,status
1,1773967796.2590144,1773967798.264633,2.0056185722351074,success
2,1773967803.4220955,1773967805.36879,1.9466943740844727,success
3,1773967810.6055944,1773967812.5303078,1.924713373184204,success
4,1773967817.9196851,1773967819.7070415,1.7873563766479492,success
5,1773967825.0567873,1773967826.984435,1.9276478290557861,success
6,1773967832.2673497,1773967834.232914,1.965564250946045,success
7,1773967839.9307177,1773967841.5792902,1.6485724449157715,success
8,1773967847.0740163,1773967848.8645627,1.7905464172363281,success
9,1773967854.0758362,1773967856.2155826,2.1397464275360107,success
10,1773967861.638166,1773967863.5613668,1.9232008457183838,success
"sender: client14, message: > hello from client14"
11,1773967868.9494267,1773967870.91193,1.962503433227539,success
"sender: client14, message: > hello from client14"
12,1773967876.2463067,1773967878.2613857,2.0150790214538574,success
13,1773967883.651944,1773967885.647893,1.9959490299224854,success
"sender: client14, message: > hello from client14"
14,1773967890.983448,1773967893.0098913,2.0264432430267334,success
"sender: client14, message: > hello from client14"
15,1773967898.3078983,1773967900.3473458,2.039447546005249,success
"sender: client14, message: > hello from client14"
16,1773967905.6756232,1773967907.681719,2.0060958862304688,success
"sender: client14, message: > hello from client14"
17,1773967913.0608423,1773967915.0283267,1.967484474182129,success
"sender: client14, message: > hello from client14"
18,1773967920.4166312,1773967922.4358811,2.01924991607666,success
"sender: client14, message: > hello from client14"
19,1773967927.6923318,1773967929.747318,2.0549862384796143,success
20,1773967935.033518,1773967937.1013203,2.0678021907806396,success
"sender: client14, message: > hello from client14"
