round,send_time,recv_time,rtt,status
5,1773961508.3311071,1773961510.1630368,1.8319296836853027,success
6,1773961515.8406122,1773961517.535948,1.695335865020752,success
7,1773961523.5510972,1773961524.995214,1.4441168308258057,success
8,1773961530.855114,1773961532.516573,1.661458969116211,success
9,1773961538.940588,1773961540.1333802,1.1927921772003174,success
10,1773961546.327326,1773961547.752466,1.4251399040222168,success
11,1773961553.7804139,1773961555.171275,1.3908610343933105,success
12,1773961560.9290218,1773961562.665926,1.7369041442871094,success
"sender: client237, message: > hello from client237"
13,1773961568.637612,1773961570.1823518,1.5447397232055664,success
"sender: client237, message: > hello from client237"
14,1773961575.578562,1773961577.759098,2.1805360317230225,success
15,1773961583.584922,1773961585.257845,1.6729228496551514,success
"sender: client237, message: > hello from client237"
16,1773961590.7065332,1773961592.764958,2.058424711227417,success
"sender: client237, message: > hello from client237"
17,1773961598.8614998,1773961600.3401852,1.4786853790283203,success
"sender: client237, message: > hello from client237"
18,1773961605.838892,1773961607.810026,1.9711339473724365,success
"sender: client237, message: > hello from client237"
19,1773961613.394173,1773961615.3197289,1.925555944442749,success
"sender: client237, message: > hello from client237"
20,1773961620.86061,1773961622.8510668,1.9904568195343018,success
"sender: client237, message: > hello from client237"
21,1773961628.490114,1773961630.352024,1.861910104751587,success
"sender: client237, message: > hello from client237"
