round,send_time,recv_time,rtt,status
6,1773967832.370996,1773967834.2542968,1.88330078125,success
7,1773967839.9410186,1773967841.585231,1.6442124843597412,success
8,1773967847.0579796,1773967848.8878677,1.829888105392456,success
9,1773967854.4791558,1773967856.2572985,1.7781426906585693,success
10,1773967861.6242013,1773967863.5827568,1.9585554599761963,success
11,1773967868.9674451,1773967870.9177969,1.9503517150878906,success
"sender: client393, message: > hello from client393"
12,1773967876.2365625,1773967878.2744424,2.0378799438476562,success
"sender: client393, message: > hello from client393"
13,1773967883.6321983,1773967885.666527,2.0343286991119385,success
"sender: client393, message: > hello from client393"
14,1773967890.8909373,1773967893.0174303,2.126492977142334,success
"sender: client393, message: > hello from client393"
15,1773967898.3252337,1773967900.5692782,2.244044542312622,success
"sender: client393, message: > hello from client393"
16,1773967905.5962305,1773967907.6907825,2.0945520401000977,success
"sender: client393, message: > hello from client393"
17,1773967913.0609229,1773967915.076921,2.015998125076294,success
"sender: client393, message: > hello from client393"
18,1773967920.3744788,1773967922.4323344,2.0578556060791016,success
"sender: client393, message: > hello from client393"
19,1773967927.7346401,1773967929.7889764,2.0543363094329834,success
20,1773967935.023977,1773967937.3346972,2.310720205307007,success
"sender: client393, message: > hello from client393"
