round,send_time,recv_time,rtt,status
5,1773961508.341281,1773961510.160105,1.818824052810669,success
6,1773961515.8171241,1773961517.53335,1.7162258625030518,success
7,1773961523.5580502,1773961524.989803,1.4317529201507568,success
8,1773961531.0629818,1773961532.515871,1.4528892040252686,success
9,1773961538.2948322,1773961540.14702,1.8521878719329834,success
10,1773961545.760057,1773961547.770792,2.010735034942627,success
11,1773961553.316962,1773961555.163897,1.8469350337982178,success
12,1773961560.795126,1773961562.66514,1.870013952255249,success
"sender: client227, message: > hello from client227"
13,1773961568.5234292,1773961570.180783,1.6573538780212402,success
14,1773961575.763076,1773961577.735775,1.9726989269256592,success
15,1773961583.214027,1773961585.258531,2.044504165649414,success
"sender: client227, message: > hello from client227"
16,1773961591.246858,1773961592.764832,1.5179741382598877,success
"sender: client227, message: > hello from client227"
17,1773961598.7203789,1773961600.353344,1.632965087890625,success
"sender: client227, message: > hello from client227"
18,1773961605.887339,1773961607.8097851,1.9224460124969482,success
"sender: client227, message: > hello from client227"
19,1773961613.4885519,1773961615.314993,1.8264410495758057,success
"sender: client227, message: > hello from client227"
20,1773961621.1398652,1773961622.851605,1.7117397785186768,success
21,1773961628.518753,1773961630.343355,1.8246018886566162,success
"sender: client227, message: > hello from client227"
