round,send_time,recv_time,rtt,status
2,1773961486.388005,1773961488.38546,1.9974548816680908,success
3,1773961493.673812,1773961495.5624719,1.888659954071045,success
4,1773961501.0022311,1773961502.78928,1.7870488166809082,success
5,1773961508.281321,1773961510.120548,1.8392269611358643,success
6,1773961515.999556,1773961517.495786,1.496229887008667,success
7,1773961523.6223638,1773961524.9535968,1.331233024597168,success
8,1773961531.23888,1773961532.469362,1.2304821014404297,success
9,1773961538.3506,1773961540.10236,1.7517600059509277,success
10,1773961545.7098088,1773961547.8069718,2.097162961959839,success
11,1773961553.214317,1773961555.159156,1.9448390007019043,success
12,1773961560.6430678,1773961562.63136,1.9882922172546387,success
13,1773961568.276227,1773961570.1378,1.8615729808807373,success
14,1773961575.6317801,1773961577.700885,2.0691049098968506,success
"sender: client41, message: > hello from client41"
15,1773961583.1530921,1773961585.2156029,2.0625107288360596,success
"sender: client41, message: > hello from client41"
16,1773961590.803843,1773961592.7432,1.939357042312622,success
"sender: client41, message: > hello from client41"
17,1773961599.064954,1773961600.25183,1.1868760585784912,success
"sender: client41, message: > hello from client41"
18,1773961605.876779,1773961607.7757142,1.898935079574585,success
"sender: client41, message: > hello from client41"
19,1773961613.292454,1773961615.2779598,1.9855058193206787,success
"sender: client41, message: > hello from client41"
20,1773961621.003078,1773961622.819443,1.8163650035858154,success
21,1773961628.4279869,1773961630.308327,1.8803400993347168,success
"sender: client41, message: > hello from client41"
