round,send_time,recv_time,rtt,status
8,1773961531.181997,1773961532.602867,1.4208698272705078,success
9,1773961538.960783,1773961540.149413,1.1886301040649414,success
10,1773961545.736886,1773961547.804224,2.067337989807129,success
11,1773961553.855259,1773961555.184895,1.3296360969543457,success
12,1773961560.859974,1773961562.700581,1.8406071662902832,success
13,1773961568.500405,1773961570.2067058,1.7063007354736328,success
"sender: client389, message: > hello from client389"
14,1773961575.8671072,1773961577.763985,1.8968777656555176,success
"sender: client389, message: > hello from client389"
15,1773961583.282586,1773961585.286914,2.0043280124664307,success
"sender: client389, message: > hello from client389"
16,1773961591.0702121,1773961592.786292,1.7160799503326416,success
"sender: client389, message: > hello from client389"
17,1773961599.268084,1773961600.3844101,1.116326093673706,success
"sender: client389, message: > hello from client389"
18,1773961606.107476,1773961607.834421,1.726944923400879,success
"sender: client389, message: > hello from client389"
19,1773961613.653772,1773961615.348877,1.6951048374176025,success
"sender: client389, message: > hello from client389"
20,1773961620.9254222,1773961622.8757482,1.9503259658813477,success
21,1773961628.801475,1773961630.376876,1.5754010677337646,success
"sender: client389, message: > hello from client389"
