round,send_time,recv_time,rtt,status
3,1773967810.6418169,1773967812.5384786,1.8966617584228516,success
4,1773967817.8666852,1773967819.7213066,1.854621410369873,success
5,1773967825.1147127,1773967826.9667366,1.8520238399505615,success
6,1773967832.5108082,1773967834.2516248,1.740816593170166,success
7,1773967839.7981858,1773967841.5828187,1.784632921218872,success
8,1773967847.2184615,1773967848.8854477,1.6669862270355225,success
9,1773967854.31912,1773967856.2218406,1.9027206897735596,success
10,1773967861.5992877,1773967863.5738308,1.9745430946350098,success
"sender: client170, message: > hello from client170"
11,1773967868.9110467,1773967870.948229,2.037182331085205,success
12,1773967876.210394,1773967878.2711027,2.06070876121521,success
"sender: client170, message: > hello from client170"
13,1773967883.6349423,1773967885.6541564,2.019214153289795,success
"sender: client170, message: > hello from client170"
14,1773967890.9816759,1773967892.9856389,2.003962993621826,success
"sender: client170, message: > hello from client170"
15,1773967898.2653625,1773967900.3830361,2.117673635482788,success
16,1773967905.5500066,1773967907.6847684,2.1347618103027344,success
"sender: client170, message: > hello from client170"
17,1773967913.041168,1773967915.0676403,2.026472330093384,success
18,1773967920.330989,1773967922.416974,2.0859851837158203,success
19,1773967927.7651184,1773967929.7783525,2.0132341384887695,success
"sender: client170, message: > hello from client170"
20,1773967935.0669453,1773967937.104853,2.037907600402832,success
"sender: client170, message: > hello from client170"
