round,send_time,recv_time,rtt,status
4,1773967817.9456034,1773967819.7221963,1.7765929698944092,success
5,1773967825.1606414,1773967826.9667647,1.8061232566833496,success
6,1773967832.46281,1773967834.2617793,1.7989692687988281,success
7,1773967839.8659241,1773967841.5805342,1.7146100997924805,success
8,1773967847.069753,1773967848.9013433,1.8315904140472412,success
9,1773967854.4290383,1773967856.2245393,1.7955009937286377,success
"sender: client220, message: > hello from client220"
10,1773967861.6213474,1773967863.5994782,1.97813081741333,success
11,1773967868.830284,1773967870.9319396,2.1016554832458496,success
"sender: client220, message: > hello from client220"
12,1773967876.207731,1773967878.336406,2.1286749839782715,success
13,1773967883.62751,1773967885.6719759,2.0444657802581787,success
14,1773967890.9405773,1773967892.9840045,2.0434272289276123,success
"sender: client220, message: > hello from client220"
15,1773967898.2864115,1773967900.3846009,2.098189353942871,success
"sender: client220, message: > hello from client220"
16,1773967905.6497993,1773967907.7059417,2.0561423301696777,success
17,1773967913.027315,1773967915.0681686,2.04085373878479,success
"sender: client220, message: > hello from client220"
18,1773967920.334643,1773967922.4250321,2.0903892517089844,success
19,1773967927.7239406,1773967929.7665465,2.0426058769226074,success
"sender: client220, message: > hello from client220"
20,1773967935.0377603,1773967937.105503,2.0677428245544434,success
"sender: client220, message: > hello from client220"
