round,send_time,recv_time,rtt,status
6,1773967832.504469,1773967834.250791,1.7463221549987793,success
7,1773967839.8803785,1773967841.5793486,1.698970079421997,success
8,1773967847.0907707,1773967848.8876798,1.7969090938568115,success
9,1773967854.0583696,1773967856.2235756,2.165205955505371,success
10,1773967861.6120176,1773967863.6006653,1.988647699356079,success
11,1773967868.939091,1773967870.988521,2.0494301319122314,success
12,1773967876.2046037,1773967878.303244,2.0986404418945312,success
"sender: client344, message: > hello from client344"
13,1773967883.6320505,1773967885.6668522,2.034801721572876,success
"sender: client344, message: > hello from client344"
14,1773967890.9711075,1773967892.986142,2.0150344371795654,success
"sender: client344, message: > hello from client344"
15,1773967898.275006,1773967900.4773388,2.2023327350616455,success
"sender: client344, message: > hello from client344"
16,1773967905.6699626,1773967907.7066767,2.0367140769958496,success
17,1773967913.051293,1773967915.0631893,2.0118963718414307,success
18,1773967920.334121,1773967922.444746,2.1106250286102295,success
"sender: client344, message: > hello from client344"
19,1773967927.766585,1773967929.78853,2.021944999694824,success
20,1773967935.0231028,1773967937.1106584,2.0875556468963623,success
