round,send_time,recv_time,rtt,status
9,1773961538.133976,1773961540.1490078,2.0150318145751953,success
10,1773961546.140887,1773961547.8368042,1.6959171295166016,success
11,1773961553.953121,1773961555.20473,1.2516090869903564,success
12,1773961560.572491,1773961562.718045,2.1455540657043457,success
13,1773961568.235126,1773961570.234784,1.9996578693389893,success
"sender: client491, message: > hello from client491"
14,1773961575.661477,1773961577.7807639,2.1192867755889893,success
"sender: client491, message: > hello from client491"
15,1773961583.466548,1773961585.313508,1.8469600677490234,success
"sender: client491, message: > hello from client491"
16,1773961591.055706,1773961592.805742,1.7500360012054443,success
"sender: client491, message: > hello from client491"
17,1773961599.025389,1773961600.37589,1.3505010604858398,success
"sender: client491, message: > hello from client491"
18,1773961606.411385,1773961607.854948,1.4435629844665527,success
"sender: client491, message: > hello from client491"
19,1773961614.072236,1773961615.444951,1.3727149963378906,success
"sender: client491, message: > hello from client491"
20,1773961620.894513,1773961622.897699,2.0031862258911133,success
"sender: client491, message: > hello from client491"
21,1773961628.299223,1773961630.395603,2.0963799953460693,success
"sender: client491, message: > hello from client491"
