round,send_time,recv_time,rtt,status
6,1773961515.922504,1773961517.548156,1.6256520748138428,success
7,1773961523.374479,1773961525.0048158,1.6303367614746094,success
8,1773961530.899644,1773961532.602499,1.702855110168457,success
9,1773961538.7452748,1773961540.139842,1.3945672512054443,success
10,1773961546.162899,1773961547.756628,1.593729019165039,success
11,1773961553.633366,1773961555.1746,1.541233777999878,success
12,1773961561.0133388,1773961562.681806,1.6684672832489014,success
"sender: client293, message: > hello from client293"
13,1773961568.553827,1773961570.186989,1.633162021636963,success
"sender: client293, message: > hello from client293"
14,1773961575.747683,1773961577.740892,1.993208885192871,success
"sender: client293, message: > hello from client293"
15,1773961583.413536,1773961585.267453,1.853916883468628,success
"sender: client293, message: > hello from client293"
16,1773961590.6668491,1773961592.769165,2.102315902709961,success
"sender: client293, message: > hello from client293"
17,1773961599.118403,1773961600.345769,1.2273659706115723,success
18,1773961605.8621829,1773961607.8182158,1.9560329914093018,success
"sender: client293, message: > hello from client293"
19,1773961613.348613,1773961615.329528,1.9809150695800781,success
"sender: client293, message: > hello from client293"
20,1773961621.008832,1773961622.8635771,1.8547451496124268,success
"sender: client293, message: > hello from client293"
21,1773961628.739427,1773961630.35883,1.6194028854370117,success
"sender: client293, message: > hello from client293"
