round,send_time,recv_time,rtt,status
6,1773961515.987364,1773961517.551167,1.56380295753479,success
7,1773961523.570223,1773961525.0098822,1.4396591186523438,success
8,1773961531.159617,1773961532.609663,1.4500460624694824,success
9,1773961538.2875059,1773961540.13578,1.8482742309570312,success
10,1773961546.325367,1773961547.754826,1.4294590950012207,success
11,1773961553.86274,1773961555.172626,1.3098859786987305,success
12,1773961560.9982982,1773961562.6822348,1.683936595916748,success
"sender: client313, message: > hello from client313"
13,1773961568.300103,1773961570.19192,1.8918170928955078,success
"sender: client313, message: > hello from client313"
14,1773961575.809079,1773961577.751028,1.9419491291046143,success
"sender: client313, message: > hello from client313"
15,1773961583.338311,1773961585.2722602,1.9339492321014404,success
16,1773961591.076898,1773961592.777927,1.701028823852539,success
"sender: client313, message: > hello from client313"
17,1773961599.0649579,1773961600.377593,1.3126351833343506,success
"sender: client313, message: > hello from client313"
18,1773961605.896393,1773961607.82091,1.9245169162750244,success
"sender: client313, message: > hello from client313"
19,1773961613.366645,1773961615.332726,1.966080904006958,success
"sender: client313, message: > hello from client313"
20,1773961621.015712,1773961622.863446,1.847733974456787,success
"sender: client313, message: > hello from client313"
21,1773961628.401985,1773961630.360894,1.958909034729004,success
"sender: client313, message: > hello from client313"
