round,send_time,recv_time,rtt,status
3,1773961493.647839,1773961495.5752032,1.9273641109466553,success
4,1773961500.943468,1773961502.8055308,1.862062692642212,success
5,1773961508.2804859,1773961510.1366138,1.8561279773712158,success
6,1773961515.837597,1773961517.5073621,1.6697652339935303,success
7,1773961523.527272,1773961524.968195,1.4409229755401611,success
8,1773961531.201675,1773961532.485447,1.2837719917297363,success
9,1773961538.892061,1773961540.1120598,1.219998836517334,success
10,1773961545.90358,1773961547.7532558,1.8496758937835693,success
11,1773961553.2036228,1773961555.152572,1.9489490985870361,success
12,1773961560.5992389,1773961562.6415691,2.042330265045166,success
"sender: client115, message: > hello from client115"
13,1773961568.3439412,1773961570.157398,1.8134567737579346,success
"sender: client115, message: > hello from client115"
14,1773961575.947844,1773961577.709544,1.761699914932251,success
"sender: client115, message: > hello from client115"
15,1773961583.561453,1773961585.230707,1.6692538261413574,success
"sender: client115, message: > hello from client115"
16,1773961591.0765371,1773961592.74277,1.6662328243255615,success
"sender: client115, message: > hello from client115"
17,1773961599.100817,1773961600.265617,1.1647999286651611,success
"sender: client115, message: > hello from client115"
18,1773961605.6283011,1773961607.793001,2.1646997928619385,success
"sender: client115, message: > hello from client115"
19,1773961613.554917,1773961615.287337,1.7324199676513672,success
"sender: client115, message: > hello from client115"
20,1773961621.187968,1773961622.831399,1.6434309482574463,success
"sender: client115, message: > hello from client115"
21,1773961628.5829399,1773961630.33008,1.7471401691436768,success
"sender: client115, message: > hello from client115"
