round,send_time,recv_time,rtt,status
9,1773961538.216728,1773961540.1169431,1.9002151489257812,success
10,1773961546.157407,1773961547.7697248,1.6123178005218506,success
11,1773961553.944096,1773961555.2000241,1.2559280395507812,success
12,1773961560.951128,1773961562.7144399,1.7633118629455566,success
"sender: client470, message: > hello from client470"
13,1773961568.557816,1773961570.2316759,1.6738598346710205,success
"sender: client470, message: > hello from client470"
14,1773961576.024273,1773961577.7806451,1.7563722133636475,success
"sender: client470, message: > hello from client470"
15,1773961583.5387552,1773961585.305334,1.7665789127349854,success
16,1773961590.789932,1773961592.805105,2.0151729583740234,success
"sender: client470, message: > hello from client470"
17,1773961599.286719,1773961600.379246,1.092526912689209,success
"sender: client470, message: > hello from client470"
18,1773961606.141047,1773961607.850107,1.7090599536895752,success
"sender: client470, message: > hello from client470"
19,1773961614.107488,1773961615.4452531,1.3377652168273926,success
"sender: client470, message: > hello from client470"
20,1773961620.941638,1773961622.896008,1.9543700218200684,success
21,1773961628.7697449,1773961630.38976,1.6200151443481445,success
"sender: client470, message: > hello from client470"
