round,send_time,recv_time,rtt,status
5,1773961508.381906,1773961510.163685,1.7817790508270264,success
6,1773961515.797476,1773961517.5371451,1.7396690845489502,success
7,1773961523.28379,1773961524.997795,1.7140049934387207,success
8,1773961531.1649659,1773961532.516248,1.3512821197509766,success
9,1773961538.7478342,1773961540.1175098,1.369675636291504,success
10,1773961546.191935,1773961547.805717,1.6137819290161133,success
11,1773961554.073525,1773961555.1687381,1.0952131748199463,success
12,1773961560.672755,1773961562.668467,1.9957120418548584,success
13,1773961568.5676281,1773961570.183423,1.6157948970794678,success
"sender: client247, message: > hello from client247"
14,1773961575.730315,1773961577.750352,2.0200369358062744,success
"sender: client247, message: > hello from client247"
15,1773961583.601423,1773961585.261289,1.6598658561706543,success
"sender: client247, message: > hello from client247"
16,1773961590.758442,1773961592.757356,1.9989140033721924,success
"sender: client247, message: > hello from client247"
17,1773961599.171139,1773961600.339545,1.1684060096740723,success
"sender: client247, message: > hello from client247"
18,1773961605.8724658,1773961607.811064,1.9385981559753418,success
"sender: client247, message: > hello from client247"
19,1773961613.4853451,1773961615.320172,1.834826946258545,success
"sender: client247, message: > hello from client247"
20,1773961621.176499,1773961622.852086,1.6755871772766113,success
21,1773961628.561672,1773961630.350954,1.7892820835113525,success
"sender: client247, message: > hello from client247"
