round,send_time,recv_time,rtt,status
6,1773961515.918116,1773961517.548309,1.6301929950714111,success
7,1773961523.373507,1773961525.004309,1.6308019161224365,success
8,1773961531.08728,1773961532.6019928,1.5147128105163574,success
9,1773961538.839328,1773961540.12922,1.2898919582366943,success
10,1773961546.4721532,1773961547.76142,1.28926682472229,success
11,1773961553.885679,1773961555.1746712,1.288992166519165,success
12,1773961561.014255,1773961562.68187,1.6676149368286133,success
"sender: client295, message: > hello from client295"
13,1773961568.188854,1773961570.188854,2.0,success
"sender: client295, message: > hello from client295"
14,1773961575.742495,1773961577.7411032,1.998608112335205,success
"sender: client295, message: > hello from client295"
15,1773961583.463907,1773961585.2678201,1.8039131164550781,success
16,1773961591.2519948,1773961592.773751,1.5217561721801758,success
"sender: client295, message: > hello from client295"
17,1773961599.1719859,1773961600.345046,1.1730601787567139,success
"sender: client295, message: > hello from client295"
18,1773961606.26128,1773961607.818372,1.5570919513702393,success
"sender: client295, message: > hello from client295"
19,1773961613.550617,1773961615.3279119,1.7772948741912842,success
"sender: client295, message: > hello from client295"
20,1773961621.138002,1773961622.8630028,1.7250008583068848,success
"sender: client295, message: > hello from client295"
21,1773961628.50285,1773961630.358609,1.8557589054107666,success
"sender: client295, message: > hello from client295"
