round,send_time,recv_time,rtt,status
5,1773967825.1584384,1773967826.9862075,1.8277690410614014,success
6,1773967832.4248896,1773967834.2491584,1.8242688179016113,success
7,1773967839.8535903,1773967841.579541,1.7259507179260254,success
8,1773967847.169141,1773967848.890764,1.7216229438781738,success
9,1773967854.4755638,1773967856.2354705,1.7599067687988281,success
10,1773967861.6179543,1773967863.59553,1.9775757789611816,success
11,1773967868.9816496,1773967870.940843,1.959193468093872,success
"sender: client280, message: > hello from client280"
12,1773967876.197091,1773967878.2862437,2.0891525745391846,success
13,1773967883.5924568,1773967885.76218,2.1697232723236084,success
"sender: client280, message: > hello from client280"
14,1773967890.9797132,1773967892.985382,2.005668878555298,success
"sender: client280, message: > hello from client280"
15,1773967898.2555454,1773967900.4967632,2.241217851638794,success
"sender: client280, message: > hello from client280"
16,1773967905.62245,1773967907.7037807,2.0813305377960205,success
17,1773967913.049094,1773967915.0862775,2.0371835231781006,success
"sender: client280, message: > hello from client280"
18,1773967920.3706026,1773967922.4286919,2.058089256286621,success
"sender: client280, message: > hello from client280"
19,1773967927.7322328,1773967929.788609,2.0563762187957764,success
20,1773967935.0437932,1773967937.1150687,2.071275472640991,success
"sender: client280, message: > hello from client280"
