round,send_time,recv_time,rtt,status
2,1773961486.372799,1773961488.3761349,2.003335952758789,success
3,1773961493.665333,1773961495.5581179,1.892784833908081,success
4,1773961500.985518,1773961502.784439,1.7989211082458496,success
5,1773961508.316719,1773961510.11303,1.7963109016418457,success
6,1773961515.9153879,1773961517.48684,1.5714521408081055,success
7,1773961523.328939,1773961524.948305,1.619365930557251,success
8,1773961531.079651,1773961532.464063,1.3844118118286133,success
9,1773961538.278202,1773961540.125291,1.8470890522003174,success
10,1773961545.55934,1773961547.771057,2.211716890335083,success
11,1773961553.14896,1773961555.149258,2.000297784805298,success
12,1773961560.509511,1773961562.628175,2.118664026260376,success
"sender: client9, message: > hello from client9"
13,1773961568.368137,1773961570.132701,1.764564037322998,success
"sender: client9, message: > hello from client9"
14,1773961575.5644102,1773961577.69407,2.12965989112854,success
"sender: client9, message: > hello from client9"
15,1773961583.087623,1773961585.209748,2.1221251487731934,success
"sender: client9, message: > hello from client9"
16,1773961590.7928262,1773961592.741771,1.9489448070526123,success
"sender: client9, message: > hello from client9"
17,1773961598.8954968,1773961600.251265,1.3557682037353516,success
"sender: client9, message: > hello from client9"
18,1773961605.821743,1773961607.768899,1.9471559524536133,success
"sender: client9, message: > hello from client9"
19,1773961613.238512,1773961615.2664351,2.027923107147217,success
"sender: client9, message: > hello from client9"
20,1773961620.869489,1773961622.8082528,1.9387638568878174,success
"sender: client9, message: > hello from client9"
21,1773961628.584875,1773961630.306556,1.7216808795928955,success
"sender: client9, message: > hello from client9"
