round,send_time,recv_time,rtt,status
8,1773967847.1880066,1773967848.8866127,1.698606014251709,success
9,1773967854.4840035,1773967856.2455475,1.7615439891815186,success
10,1773967861.4991033,1773967863.5972595,2.098156213760376,success
11,1773967868.8924804,1773967870.9267561,2.034275770187378,success
"sender: client491, message: > hello from client491"
12,1773967876.2385402,1773967878.3300934,2.091553211212158,success
"sender: client491, message: > hello from client491"
13,1773967883.6343045,1773967885.7656257,2.1313211917877197,success
"sender: client491, message: > hello from client491"
14,1773967890.9288058,1773967893.0185785,2.0897727012634277,success
"sender: client491, message: > hello from client491"
15,1773967898.304436,1773967900.5060158,2.2015798091888428,success
"sender: client491, message: > hello from client491"
16,1773967905.6669347,1773967907.6950753,2.0281405448913574,success
"sender: client491, message: > hello from client491"
17,1773967913.0159044,1773967915.1629972,2.147092819213867,success
"sender: client491, message: > hello from client491"
18,1773967920.4178653,1773967922.4363139,2.0184485912323,success
19,1773967927.7438593,1773967929.7938704,2.050011157989502,success
"sender: client491, message: > hello from client491"
20,1773967935.0059645,1773967937.2119422,2.20597767829895,success
