round,send_time,recv_time,rtt,status
7,1773961523.5476139,1773961525.012704,1.465090036392212,success
8,1773961531.086549,1773961532.605412,1.5188629627227783,success
9,1773961538.318892,1773961540.1107168,1.7918248176574707,success
10,1773961546.259928,1773961547.8083498,1.548421859741211,success
11,1773961553.9484968,1773961555.185518,1.2370212078094482,success
12,1773961560.929025,1773961562.6880178,1.7589929103851318,success
"sender: client339, message: > hello from client339"
13,1773961568.571585,1773961570.198886,1.6273009777069092,success
14,1773961575.694238,1773961577.788384,2.0941460132598877,success
"sender: client339, message: > hello from client339"
15,1773961583.478692,1773961585.276149,1.797456979751587,success
"sender: client339, message: > hello from client339"
16,1773961590.9384809,1773961592.777708,1.8392271995544434,success
"sender: client339, message: > hello from client339"
17,1773961599.1173692,1773961600.3377512,1.2203819751739502,success
"sender: client339, message: > hello from client339"
18,1773961606.363947,1773961607.8251772,1.4612302780151367,success
"sender: client339, message: > hello from client339"
19,1773961613.556878,1773961615.338351,1.78147292137146,success
"sender: client339, message: > hello from client339"
20,1773961621.128235,1773961622.86829,1.7400548458099365,success
"sender: client339, message: > hello from client339"
21,1773961628.4784791,1773961630.367965,1.8894858360290527,success
"sender: client339, message: > hello from client339"
