round,send_time,recv_time,rtt,status
7,1773967839.9742727,1773967841.6639,1.6896271705627441,success
8,1773967847.172625,1773967848.895186,1.7225608825683594,success
9,1773967854.4184325,1773967856.2590969,1.8406643867492676,success
10,1773967861.5947738,1773967863.58693,1.9921562671661377,success
11,1773967868.9314823,1773967870.9442432,2.012760877609253,success
12,1773967876.2179432,1773967878.3324237,2.114480495452881,success
13,1773967883.662721,1773967885.6724746,2.009753704071045,success
14,1773967890.977457,1773967892.9876804,2.010223388671875,success
"sender: client413, message: > hello from client413"
15,1773967898.2314417,1773967900.5689662,2.3375244140625,success
16,1773967905.6498322,1773967907.7000382,2.050205945968628,success
17,1773967913.0302374,1773967915.0667193,2.0364818572998047,success
"sender: client413, message: > hello from client413"
18,1773967920.346006,1773967922.4376283,2.0916223526000977,success
"sender: client413, message: > hello from client413"
19,1773967927.7111423,1773967929.7806768,2.0695345401763916,success
"sender: client413, message: > hello from client413"
20,1773967935.088753,1773967937.3430023,2.254249334335327,success
"sender: client413, message: > hello from client413"
