round,send_time,recv_time,rtt,status
5,1773961508.316851,1773961510.1599438,1.843092918395996,success
6,1773961515.876832,1773961517.533064,1.6562318801879883,success
7,1773961523.413704,1773961524.989763,1.576059103012085,success
8,1773961531.140835,1773961532.510817,1.3699820041656494,success
9,1773961538.874369,1773961540.155048,1.2806789875030518,success
10,1773961546.084457,1773961547.7677472,1.6832902431488037,success
11,1773961554.0813491,1773961555.160539,1.0791897773742676,success
12,1773961560.737387,1773961562.664792,1.9274051189422607,success
"sender: client220, message: > hello from client220"
13,1773961568.498683,1773961570.1810958,1.68241286277771,success
"sender: client220, message: > hello from client220"
14,1773961575.630039,1773961577.734585,2.104546070098877,success
"sender: client220, message: > hello from client220"
15,1773961583.168949,1773961585.257792,2.0888431072235107,success
"sender: client220, message: > hello from client220"
16,1773961591.0269382,1773961592.7557771,1.7288389205932617,success
"sender: client220, message: > hello from client220"
17,1773961598.763026,1773961600.341793,1.5787670612335205,success
"sender: client220, message: > hello from client220"
18,1773961605.8953931,1773961607.810115,1.914721965789795,success
"sender: client220, message: > hello from client220"
19,1773961613.358093,1773961615.314821,1.9567279815673828,success
"sender: client220, message: > hello from client220"
20,1773961621.040956,1773961622.8511128,1.8101568222045898,success
"sender: client220, message: > hello from client220"
21,1773961628.653016,1773961630.343316,1.6902999877929688,success
"sender: client220, message: > hello from client220"
