round,send_time,recv_time,rtt,status
9,1773961538.071212,1773961540.1222458,2.0510337352752686,success
10,1773961546.2340648,1773961547.808661,1.5745961666107178,success
11,1773961554.023474,1773961555.196864,1.1733899116516113,success
12,1773961560.97453,1773961562.712476,1.7379460334777832,success
13,1773961568.518193,1773961570.22242,1.7042269706726074,success
"sender: client461, message: > hello from client461"
14,1773961576.025978,1773961577.7782452,1.7522671222686768,success
15,1773961583.467637,1773961585.3059158,1.8382787704467773,success
16,1773961591.086261,1773961592.801725,1.7154638767242432,success
"sender: client461, message: > hello from client461"
17,1773961598.9587572,1773961600.3409631,1.3822059631347656,success
"sender: client461, message: > hello from client461"
18,1773961606.408766,1773961607.850128,1.441361904144287,success
"sender: client461, message: > hello from client461"
19,1773961613.3968792,1773961615.443577,2.0466978549957275,success
20,1773961620.8459039,1773961622.889867,2.0439631938934326,success
"sender: client461, message: > hello from client461"
21,1773961628.561066,1773961630.390002,1.8289361000061035,success
"sender: client461, message: > hello from client461"
