round,send_time,recv_time,rtt,status
2,1773961486.3779168,1773961488.376065,1.9981482028961182,success
3,1773961493.650094,1773961495.5591428,1.9090487957000732,success
4,1773961501.0119958,1773961502.784275,1.7722792625427246,success
5,1773961508.409871,1773961510.113187,1.7033159732818604,success
6,1773961515.783909,1773961517.486874,1.7029650211334229,success
7,1773961523.61008,1773961524.9485598,1.33847975730896,success
8,1773961531.246082,1773961532.464639,1.2185568809509277,success
9,1773961538.3192918,1773961540.101631,1.782339096069336,success
10,1773961545.614673,1773961547.7456691,2.1309962272644043,success
11,1773961553.2515368,1773961555.145244,1.893707036972046,success
12,1773961560.7685618,1773961562.627754,1.859192132949829,success
"sender: client8, message: > hello from client8"
13,1773961568.276154,1773961570.133449,1.857295036315918,success
14,1773961575.485196,1773961577.7093031,2.224107027053833,success
"sender: client8, message: > hello from client8"
15,1773961583.2824152,1773961585.209573,1.9271578788757324,success
"sender: client8, message: > hello from client8"
16,1773961590.729277,1773961592.734869,2.005592107772827,success
"sender: client8, message: > hello from client8"
17,1773961599.019625,1773961600.250394,1.230769157409668,success
"sender: client8, message: > hello from client8"
18,1773961605.7751,1773961607.768286,1.9931859970092773,success
"sender: client8, message: > hello from client8"
19,1773961613.363202,1773961615.265012,1.9018099308013916,success
"sender: client8, message: > hello from client8"
20,1773961620.779757,1773961622.808521,2.028764009475708,success
"sender: client8, message: > hello from client8"
21,1773961628.557479,1773961630.3067598,1.7492809295654297,success
"sender: client8, message: > hello from client8"
