round,send_time,recv_time,rtt,status
3,1773961493.630008,1773961495.570406,1.9403979778289795,success
4,1773961500.906785,1773961502.799416,1.8926310539245605,success
5,1773961508.3940449,1773961510.129876,1.7358310222625732,success
6,1773961515.950665,1773961517.50054,1.549875020980835,success
7,1773961523.6136801,1773961524.96477,1.3510899543762207,success
8,1773961531.168213,1773961532.4765599,1.3083469867706299,success
9,1773961538.342068,1773961540.103638,1.7615699768066406,success
10,1773961545.8606222,1773961547.758152,1.8975298404693604,success
11,1773961553.2706418,1773961555.149945,1.879303216934204,success
12,1773961560.80025,1773961562.641376,1.8411259651184082,success
"sender: client85, message: > hello from client85"
13,1773961568.685868,1773961570.1489868,1.4631187915802002,success
14,1773961575.848894,1773961577.701576,1.852682113647461,success
"sender: client85, message: > hello from client85"
15,1773961583.477658,1773961585.222496,1.744837999343872,success
"sender: client85, message: > hello from client85"
16,1773961591.0525959,1773961592.738997,1.686401128768921,success
"sender: client85, message: > hello from client85"
17,1773961598.99882,1773961600.262,1.2631800174713135,success
"sender: client85, message: > hello from client85"
18,1773961605.809437,1773961607.791612,1.9821748733520508,success
"sender: client85, message: > hello from client85"
19,1773961613.617625,1773961615.283455,1.6658298969268799,success
"sender: client85, message: > hello from client85"
20,1773961621.05817,1773961622.8261828,1.7680127620697021,success
"sender: client85, message: > hello from client85"
21,1773961628.44642,1773961630.329823,1.8834030628204346,success
