round,send_time,recv_time,rtt,status
6,1773961515.690423,1773961517.5481012,1.8576781749725342,success
7,1773961523.5519822,1773961525.004214,1.4522318840026855,success
8,1773961531.1801238,1773961532.601899,1.4217751026153564,success
9,1773961538.7452989,1773961540.130997,1.3856980800628662,success
10,1773961546.344064,1773961547.805044,1.46097993850708,success
11,1773961554.066966,1773961555.1695402,1.102574110031128,success
12,1773961560.669736,1773961562.681123,2.0113871097564697,success
"sender: client290, message: > hello from client290"
13,1773961568.692277,1773961570.187989,1.4957120418548584,success
"sender: client290, message: > hello from client290"
14,1773961575.7079139,1773961577.745728,2.037814140319824,success
15,1773961583.593856,1773961585.2671611,1.6733050346374512,success
16,1773961590.748894,1773961592.7752168,2.026322841644287,success
17,1773961598.9100852,1773961600.3448,1.4347147941589355,success
"sender: client290, message: > hello from client290"
18,1773961606.298957,1773961607.8173802,1.518423080444336,success
19,1773961614.064277,1773961615.3287628,1.2644858360290527,success
"sender: client290, message: > hello from client290"
20,1773961621.008822,1773961622.863598,1.85477614402771,success
21,1773961628.599691,1773961630.355544,1.7558531761169434,success
"sender: client290, message: > hello from client290"
