round,send_time,recv_time,rtt,status
6,1773967832.4248662,1773967834.2623565,1.8374903202056885,success
7,1773967839.9762435,1773967841.5827491,1.6065056324005127,success
8,1773967847.0471509,1773967848.885698,1.8385472297668457,success
9,1773967854.431823,1773967856.239788,1.8079650402069092,success
10,1773967861.5985165,1773967863.602705,2.0041885375976562,success
11,1773967868.941102,1773967870.9904902,2.0493881702423096,success
12,1773967876.2513268,1773967878.2728045,2.021477699279785,success
"sender: client375, message: > hello from client375"
13,1773967883.6604025,1773967885.6667018,2.0062992572784424,success
"sender: client375, message: > hello from client375"
14,1773967890.9762049,1773967893.0961843,2.1199793815612793,success
"sender: client375, message: > hello from client375"
15,1773967898.313793,1773967900.448582,2.134788990020752,success
"sender: client375, message: > hello from client375"
16,1773967905.6492052,1773967907.7098498,2.0606446266174316,success
17,1773967913.0393934,1773967915.063647,2.0242536067962646,success
"sender: client375, message: > hello from client375"
18,1773967920.391322,1773967922.4216135,2.0302915573120117,success
"sender: client375, message: > hello from client375"
19,1773967927.7275922,1773967929.7811282,2.0535359382629395,success
"sender: client375, message: > hello from client375"
20,1773967935.0719483,1773967937.2282643,2.156316041946411,success
"sender: client375, message: > hello from client375"
