round,send_time,recv_time,rtt,status
1,1773967796.2308118,1773967798.2648523,2.0340404510498047,success
2,1773967803.4416437,1773967805.3664188,1.9247751235961914,success
3,1773967810.6532028,1773967812.5302548,1.8770520687103271,success
4,1773967817.7780828,1773967819.7056522,1.9275693893432617,success
5,1773967825.1361732,1773967826.9493403,1.8131670951843262,success
6,1773967832.4621866,1773967834.2331467,1.7709600925445557,success
7,1773967839.9430077,1773967841.5839038,1.6408960819244385,success
8,1773967847.2059104,1773967848.8644,1.658489465713501,success
9,1773967854.4464445,1773967856.2394323,1.7929878234863281,success
10,1773967861.4847155,1773967863.5616195,2.076904058456421,success
11,1773967868.9142654,1773967870.9862368,2.0719714164733887,success
12,1773967876.2376761,1773967878.2566302,2.018954038619995,success
"sender: client13, message: > hello from client13"
13,1773967883.5906882,1773967885.6488438,2.0581555366516113,success
"sender: client13, message: > hello from client13"
14,1773967890.9425097,1773967893.000704,2.058194398880005,success
"sender: client13, message: > hello from client13"
15,1773967898.2856212,1773967900.3476202,2.0619990825653076,success
16,1773967905.662033,1773967907.6819484,2.0199153423309326,success
"sender: client13, message: > hello from client13"
17,1773967913.003037,1773967915.028364,2.02532696723938,success
"sender: client13, message: > hello from client13"
18,1773967920.369971,1773967922.4151084,2.045137405395508,success
"sender: client13, message: > hello from client13"
19,1773967927.739984,1773967929.7487698,2.0087857246398926,success
"sender: client13, message: > hello from client13"
20,1773967935.0856366,1773967937.1012702,2.0156335830688477,success
