round,send_time,recv_time,rtt,status
5,1773961508.349312,1773961510.1557949,1.8064827919006348,success
6,1773961515.787984,1773961517.530498,1.7425141334533691,success
7,1773961523.469245,1773961524.986697,1.5174520015716553,success
8,1773961530.899654,1773961532.510543,1.610889196395874,success
9,1773961538.913354,1773961540.134586,1.2212321758270264,success
10,1773961546.438143,1773961547.761594,1.323451042175293,success
11,1773961553.8956742,1773961555.155911,1.2602367401123047,success
12,1773961560.882092,1773961562.663714,1.7816219329833984,success
"sender: client208, message: > hello from client208"
13,1773961568.589151,1773961570.181955,1.592804193496704,success
14,1773961575.7192,1773961577.724711,2.0055110454559326,success
15,1773961583.427037,1773961585.251488,1.824450969696045,success
16,1773961591.382816,1773961592.751293,1.3684768676757812,success
"sender: client208, message: > hello from client208"
17,1773961599.120449,1773961600.339694,1.2192449569702148,success
"sender: client208, message: > hello from client208"
18,1773961605.6716611,1773961607.8056982,2.1340370178222656,success
"sender: client208, message: > hello from client208"
19,1773961613.531938,1773961615.310237,1.7782988548278809,success
"sender: client208, message: > hello from client208"
20,1773961621.1088781,1773961622.8507562,1.7418780326843262,success
"sender: client208, message: > hello from client208"
21,1773961628.470249,1773961630.34423,1.87398099899292,success
"sender: client208, message: > hello from client208"
