round,send_time,recv_time,rtt,status
4,1773961500.919016,1773961502.816813,1.8977971076965332,success
5,1773961508.3253398,1773961510.1438751,1.818535327911377,success
6,1773961515.895633,1773961517.517632,1.6219990253448486,success
7,1773961523.463358,1773961524.977373,1.5140149593353271,success
8,1773961531.0663,1773961532.493672,1.4273719787597656,success
9,1773961538.9211369,1773961540.132836,1.2116992473602295,success
10,1773961546.516596,1773961547.838839,1.3222429752349854,success
11,1773961553.159201,1773961555.155426,1.996225118637085,success
12,1773961560.7484522,1773961562.648834,1.9003818035125732,success
"sender: client144, message: > hello from client144"
13,1773961568.387177,1773961570.1636128,1.7764358520507812,success
"sender: client144, message: > hello from client144"
14,1773961575.916408,1773961577.722465,1.8060569763183594,success
"sender: client144, message: > hello from client144"
15,1773961583.478637,1773961585.2363362,1.7576992511749268,success
"sender: client144, message: > hello from client144"
16,1773961591.351189,1773961592.740674,1.3894851207733154,success
"sender: client144, message: > hello from client144"
17,1773961598.776566,1773961600.3697972,1.593231201171875,success
"sender: client144, message: > hello from client144"
18,1773961605.769907,1773961607.794396,2.024488925933838,success
"sender: client144, message: > hello from client144"
19,1773961614.034401,1773961615.2968562,1.2624552249908447,success
"sender: client144, message: > hello from client144"
20,1773961620.902965,1773961622.837811,1.9348459243774414,success
21,1773961628.478487,1773961630.332923,1.854435920715332,success
"sender: client144, message: > hello from client144"
