round,send_time,recv_time,rtt,status
7,1773961523.464842,1773961525.017451,1.5526089668273926,success
8,1773961531.271277,1773961532.605782,1.3345050811767578,success
9,1773961538.183966,1773961540.1110442,1.9270782470703125,success
10,1773961546.177133,1773961547.777976,1.6008429527282715,success
11,1773961553.87097,1773961555.1803179,1.3093478679656982,success
12,1773961560.9884942,1773961562.6887481,1.700253963470459,success
"sender: client353, message: > hello from client353"
13,1773961568.508786,1773961570.198878,1.6900920867919922,success
"sender: client353, message: > hello from client353"
14,1773961575.843661,1773961577.798623,1.9549620151519775,success
15,1773961583.335464,1773961585.281732,1.946268081665039,success
"sender: client353, message: > hello from client353"
16,1773961591.359709,1773961592.779789,1.4200799465179443,success
"sender: client353, message: > hello from client353"
17,1773961598.7663429,1773961600.376065,1.6097221374511719,success
"sender: client353, message: > hello from client353"
18,1773961606.282288,1773961607.829589,1.5473008155822754,success
"sender: client353, message: > hello from client353"
19,1773961613.582047,1773961615.338607,1.7565600872039795,success
20,1773961621.0126562,1773961622.874416,1.861759901046753,success
21,1773961628.579833,1773961630.368282,1.7884490489959717,success
"sender: client353, message: > hello from client353"
