round,send_time,recv_time,rtt,status
6,1773961515.6180391,1773961517.5487401,1.9307010173797607,success
7,1773961523.35786,1773961525.008845,1.6509850025177002,success
8,1773961531.1310022,1773961532.602787,1.4717848300933838,success
9,1773961538.239425,1773961540.124314,1.8848891258239746,success
10,1773961546.2397382,1773961547.80747,1.5677318572998047,success
11,1773961553.947402,1773961555.1764638,1.2290618419647217,success
12,1773961560.614906,1773961562.682229,2.0673229694366455,success
13,1773961568.2152169,1773961570.1932101,1.9779932498931885,success
"sender: client301, message: > hello from client301"
14,1773961575.6192498,1773961577.745978,2.1267282962799072,success
"sender: client301, message: > hello from client301"
15,1773961583.466718,1773961585.2679539,1.8012359142303467,success
"sender: client301, message: > hello from client301"
16,1773961590.75935,1773961592.7778828,2.0185327529907227,success
"sender: client301, message: > hello from client301"
17,1773961599.1222908,1773961600.373339,1.2510480880737305,success
"sender: client301, message: > hello from client301"
18,1773961606.153334,1773961607.82067,1.6673359870910645,success
"sender: client301, message: > hello from client301"
19,1773961613.6057532,1773961615.32878,1.7230267524719238,success
"sender: client301, message: > hello from client301"
20,1773961621.0665002,1773961622.863795,1.7972948551177979,success
"sender: client301, message: > hello from client301"
21,1773961628.633834,1773961630.3588202,1.7249863147735596,success
"sender: client301, message: > hello from client301"
