round,send_time,recv_time,rtt,status
7,1773961523.5864089,1773961525.023223,1.4368140697479248,success
8,1773961530.943004,1773961532.60569,1.6626861095428467,success
9,1773961538.71639,1773961540.1114721,1.3950822353363037,success
10,1773961546.380929,1773961547.806331,1.4254019260406494,success
11,1773961553.839942,1773961555.180644,1.3407020568847656,success
12,1773961560.959429,1773961562.6915572,1.7321281433105469,success
"sender: client371, message: > hello from client371"
13,1773961568.562762,1773961570.20479,1.6420280933380127,success
"sender: client371, message: > hello from client371"
14,1773961576.013449,1773961577.752766,1.7393169403076172,success
"sender: client371, message: > hello from client371"
15,1773961583.582209,1773961585.2816849,1.6994757652282715,success
"sender: client371, message: > hello from client371"
16,1773961590.636217,1773961592.785095,2.1488778591156006,success
17,1773961598.8347409,1773961600.337644,1.5029032230377197,success
18,1773961606.290529,1773961607.833861,1.5433320999145508,success
19,1773961613.6866739,1773961615.3469,1.6602261066436768,success
"sender: client371, message: > hello from client371"
20,1773961621.113302,1773961622.874733,1.7614309787750244,success
"sender: client371, message: > hello from client371"
21,1773961628.329519,1773961630.3721411,2.0426220893859863,success
"sender: client371, message: > hello from client371"
