round,send_time,recv_time,rtt,status
3,1773967810.6109657,1773967812.5395346,1.9285688400268555,success
4,1773967817.927461,1773967819.7171168,1.7896559238433838,success
5,1773967825.1668754,1773967826.9580922,1.7912168502807617,success
6,1773967832.4010103,1773967834.2626617,1.8616514205932617,success
7,1773967839.9721296,1773967841.5845318,1.6124022006988525,success
8,1773967847.1241436,1773967848.8688774,1.7447338104248047,success
9,1773967854.5052526,1773967856.220785,1.7155323028564453,success
"sender: client161, message: > hello from client161"
10,1773967861.6689887,1773967863.5876362,1.9186475276947021,success
"sender: client161, message: > hello from client161"
11,1773967868.9300394,1773967870.9392662,2.0092267990112305,success
"sender: client161, message: > hello from client161"
12,1773967876.2597075,1773967878.2821867,2.022479295730591,success
"sender: client161, message: > hello from client161"
13,1773967883.6029625,1773967885.661152,2.0581893920898438,success
14,1773967890.9698176,1773967893.0086315,2.038813829421997,success
"sender: client161, message: > hello from client161"
15,1773967898.291609,1773967900.381097,2.0894880294799805,success
"sender: client161, message: > hello from client161"
16,1773967905.6719744,1773967907.6846213,2.0126469135284424,success
"sender: client161, message: > hello from client161"
17,1773967913.0603182,1773967915.0677385,2.007420301437378,success
"sender: client161, message: > hello from client161"
18,1773967920.3818767,1773967922.4116058,2.029729127883911,success
"sender: client161, message: > hello from client161"
19,1773967927.7689364,1773967929.749789,1.9808526039123535,success
"sender: client161, message: > hello from client161"
20,1773967935.0822558,1773967937.1299386,2.047682762145996,success
