round,send_time,recv_time,rtt,status
9,1773961538.177251,1773961540.134392,1.9571409225463867,success
10,1773961546.1883059,1773961547.751789,1.5634832382202148,success
11,1773961554.0369542,1773961555.20464,1.1676857471466064,success
12,1773961560.6334112,1773961562.717995,2.0845837593078613,success
"sender: client489, message: > hello from client489"
13,1773961568.717879,1773961570.236044,1.518164873123169,success
"sender: client489, message: > hello from client489"
14,1773961575.999187,1773961577.785968,1.7867810726165771,success
"sender: client489, message: > hello from client489"
15,1773961583.4665549,1773961585.313148,1.8465931415557861,success
16,1773961590.818086,1773961592.8056839,1.987597942352295,success
"sender: client489, message: > hello from client489"
17,1773961599.1386409,1773961600.3775182,1.238877296447754,success
"sender: client489, message: > hello from client489"
18,1773961606.3836281,1773961607.855335,1.4717068672180176,success
"sender: client489, message: > hello from client489"
19,1773961614.047885,1773961615.443441,1.3955559730529785,success
"sender: client489, message: > hello from client489"
20,1773961620.9484649,1773961622.8962328,1.947767972946167,success
"sender: client489, message: > hello from client489"
21,1773961628.39378,1773961630.3960881,2.0023081302642822,success
"sender: client489, message: > hello from client489"
