round,send_time,recv_time,rtt,status
4,1773961500.984019,1773961502.82385,1.8398308753967285,success
5,1773961508.381024,1773961510.151215,1.7701911926269531,success
6,1773961515.751007,1773961517.529244,1.7782368659973145,success
7,1773961523.525776,1773961524.98341,1.4576339721679688,success
8,1773961531.29146,1773961532.505527,1.214066982269287,success
9,1773961538.971503,1773961540.108518,1.1370148658752441,success
10,1773961545.729847,1773961547.804909,2.0750620365142822,success
11,1773961553.970985,1773961555.156116,1.1851310729980469,success
12,1773961560.668847,1773961562.65677,1.9879229068756104,success
13,1773961568.7150831,1773961570.167857,1.4527738094329834,success
"sender: client176, message: > hello from client176"
14,1773961576.018674,1773961577.7175481,1.6988742351531982,success
"sender: client176, message: > hello from client176"
15,1773961583.55299,1773961585.242809,1.689819097518921,success
"sender: client176, message: > hello from client176"
16,1773961590.8855412,1773961592.754488,1.8689467906951904,success
"sender: client176, message: > hello from client176"
17,1773961599.295732,1773961600.3847659,1.089033842086792,success
"sender: client176, message: > hello from client176"
18,1773961605.806323,1773961607.80091,1.9945869445800781,success
"sender: client176, message: > hello from client176"
19,1773961613.503028,1773961615.303099,1.8000710010528564,success
20,1773961621.198393,1773961622.848948,1.650554895401001,success
"sender: client176, message: > hello from client176"
21,1773961628.3679261,1773961630.3385,1.970573902130127,success
"sender: client176, message: > hello from client176"
