round,send_time,recv_time,rtt,status
4,1773961500.8800719,1773961502.817594,1.9375221729278564,success
5,1773961508.308404,1773961510.1458979,1.837493896484375,success
6,1773961516.000254,1773961517.517854,1.5176000595092773,success
7,1773961523.537434,1773961524.978163,1.4407289028167725,success
8,1773961531.260931,1773961532.49408,1.2331490516662598,success
9,1773961538.8035789,1773961540.107643,1.3040640354156494,success
10,1773961545.877357,1773961547.762335,1.8849780559539795,success
11,1773961553.1430001,1773961555.153298,2.0102977752685547,success
12,1773961560.827167,1773961562.652589,1.8254220485687256,success
"sender: client154, message: > hello from client154"
13,1773961568.718142,1773961570.16608,1.4479379653930664,success
"sender: client154, message: > hello from client154"
14,1773961575.844932,1773961577.718535,1.8736028671264648,success
"sender: client154, message: > hello from client154"
15,1773961583.2665758,1773961585.238532,1.9719562530517578,success
"sender: client154, message: > hello from client154"
16,1773961590.7047591,1773961592.7420108,2.0372517108917236,success
"sender: client154, message: > hello from client154"
17,1773961599.251544,1773961600.2768939,1.0253498554229736,success
"sender: client154, message: > hello from client154"
18,1773961605.8890262,1773961607.795744,1.9067177772521973,success
19,1773961613.465407,1773961615.2967849,1.8313779830932617,success
"sender: client154, message: > hello from client154"
20,1773961621.1833658,1773961622.83659,1.653224229812622,success
21,1773961628.589191,1773961630.336343,1.7471520900726318,success
"sender: client154, message: > hello from client154"
