round,send_time,recv_time,rtt,status
3,1773967810.6579545,1773967812.5382786,1.880324125289917,success
4,1773967817.69955,1773967819.7201006,2.0205507278442383,success
5,1773967825.1126099,1773967826.967826,1.8552160263061523,success
6,1773967832.4696105,1773967834.2602715,1.790661096572876,success
7,1773967839.946176,1773967841.587251,1.6410748958587646,success
8,1773967847.126239,1773967848.8692136,1.7429745197296143,success
9,1773967854.525611,1773967856.221629,1.6960179805755615,success
10,1773967861.610921,1773967863.5925786,1.9816577434539795,success
11,1773967868.9107656,1773967870.926065,2.0152993202209473,success
12,1773967876.2079263,1773967878.2990384,2.0911121368408203,success
"sender: client164, message: > hello from client164"
13,1773967883.6191971,1773967885.6613774,2.042180299758911,success
"sender: client164, message: > hello from client164"
14,1773967890.837631,1773967892.982282,2.144650936126709,success
15,1773967898.2317631,1773967900.377298,2.1455349922180176,success
"sender: client164, message: > hello from client164"
16,1773967905.5108066,1773967907.6845517,2.1737451553344727,success
"sender: client164, message: > hello from client164"
17,1773967913.016119,1773967915.0555024,2.0393834114074707,success
"sender: client164, message: > hello from client164"
18,1773967920.379134,1773967922.406428,2.027294158935547,success
"sender: client164, message: > hello from client164"
19,1773967927.7716224,1773967929.7867415,2.0151190757751465,success
20,1773967935.0816364,1773967937.1049874,2.023350954055786,success
