round,send_time,recv_time,rtt,status
4,1773967817.8230755,1773967819.712635,1.8895595073699951,success
5,1773967825.1583416,1773967826.9547067,1.7963650226593018,success
6,1773967832.5013752,1773967834.2492895,1.7479143142700195,success
7,1773967839.7723863,1773967841.5794156,1.8070292472839355,success
8,1773967847.136594,1773967848.8865035,1.7499094009399414,success
9,1773967854.0746593,1773967856.2242105,2.1495511531829834,success
10,1773967861.6221397,1773967863.564908,1.9427683353424072,success
"sender: client214, message: > hello from client214"
11,1773967868.9504175,1773967870.9890647,2.038647174835205,success
12,1773967876.2312245,1773967878.2689874,2.0377628803253174,success
"sender: client214, message: > hello from client214"
13,1773967883.6429455,1773967885.655477,2.0125315189361572,success
14,1773967890.9347556,1773967893.0072165,2.072460889816284,success
"sender: client214, message: > hello from client214"
15,1773967898.3269536,1773967900.3834488,2.056495189666748,success
16,1773967905.563989,1773967907.685498,2.121509075164795,success
"sender: client214, message: > hello from client214"
17,1773967913.0163488,1773967915.0683544,2.0520055294036865,success
18,1773967920.4174545,1773967922.4437912,2.026336669921875,success
"sender: client214, message: > hello from client214"
19,1773967927.7334828,1773967929.7904043,2.0569214820861816,success
20,1773967934.910353,1773967937.1057446,2.1953916549682617,success
"sender: client214, message: > hello from client214"
