round,send_time,recv_time,rtt,status
7,1773961523.393075,1773961525.023715,1.6306400299072266,success
8,1773961531.012985,1773961532.605909,1.5929241180419922,success
9,1773961538.86622,1773961540.13638,1.2701599597930908,success
10,1773961546.447368,1773961547.758187,1.310819149017334,success
11,1773961553.800182,1773961555.1806898,1.3805077075958252,success
12,1773961561.0623019,1773961562.691539,1.629237174987793,success
"sender: client369, message: > hello from client369"
13,1773961568.22579,1773961570.205478,1.9796879291534424,success
"sender: client369, message: > hello from client369"
14,1773961575.521518,1773961577.7924979,2.270979881286621,success
"sender: client369, message: > hello from client369"
15,1773961583.381618,1773961585.281676,1.9000580310821533,success
"sender: client369, message: > hello from client369"
16,1773961591.357836,1773961592.7839081,1.426072120666504,success
"sender: client369, message: > hello from client369"
17,1773961598.9100878,1773961600.337636,1.4275481700897217,success
"sender: client369, message: > hello from client369"
18,1773961606.280388,1773961607.83333,1.5529417991638184,success
19,1773961613.717531,1773961615.3468149,1.6292839050292969,success
"sender: client369, message: > hello from client369"
20,1773961621.188921,1773961622.874666,1.6857450008392334,success
"sender: client369, message: > hello from client369"
21,1773961628.616958,1773961630.371851,1.7548930644989014,success
"sender: client369, message: > hello from client369"
