round,send_time,recv_time,rtt,status
4,1773967817.9499981,1773967819.714158,1.764159917831421,success
5,1773967825.0473914,1773967826.9693148,1.9219233989715576,success
6,1773967832.4881887,1773967834.260315,1.7721261978149414,success
7,1773967839.9372585,1773967841.5637546,1.6264960765838623,success
8,1773967847.033803,1773967848.8876193,1.853816270828247,success
9,1773967854.3775399,1773967856.266384,1.8888440132141113,success
10,1773967861.630808,1773967863.581443,1.9506349563598633,success
"sender: client241, message: > hello from client241"
11,1773967868.7780056,1773967870.9186707,2.140665054321289,success
"sender: client241, message: > hello from client241"
12,1773967876.2645776,1773967878.3386052,2.0740275382995605,success
13,1773967883.5523593,1773967885.664335,2.11197566986084,success
"sender: client241, message: > hello from client241"
14,1773967890.9606783,1773967893.0224147,2.0617363452911377,success
"sender: client241, message: > hello from client241"
15,1773967898.295698,1773967900.3737388,2.078040838241577,success
"sender: client241, message: > hello from client241"
16,1773967905.662445,1773967907.6860452,2.0236001014709473,success
17,1773967912.9846575,1773967915.069637,2.08497953414917,success
18,1773967920.362698,1773967922.4186459,2.055947780609131,success
19,1773967927.7543006,1773967929.7809548,2.0266542434692383,success
"sender: client241, message: > hello from client241"
20,1773967935.0223982,1773967937.1272151,2.1048169136047363,success
"sender: client241, message: > hello from client241"
