round,send_time,recv_time,rtt,status
9,1773961538.228074,1773961540.1170838,1.889009714126587,success
10,1773961546.276256,1773961547.8092742,1.5330181121826172,success
11,1773961554.031755,1773961555.204216,1.1724610328674316,success
12,1773961561.043259,1773961562.7153122,1.672053337097168,success
"sender: client481, message: > hello from client481"
13,1773961568.1946151,1773961570.237709,2.0430939197540283,success
"sender: client481, message: > hello from client481"
14,1773961575.5497348,1773961577.780301,2.2305662631988525,success
"sender: client481, message: > hello from client481"
15,1773961583.582206,1773961585.305677,1.72347092628479,success
"sender: client481, message: > hello from client481"
16,1773961590.886486,1773961592.8060899,1.9196038246154785,success
"sender: client481, message: > hello from client481"
17,1773961599.164721,1773961600.366386,1.201664924621582,success
"sender: client481, message: > hello from client481"
18,1773961606.349967,1773961607.854836,1.504868984222412,success
"sender: client481, message: > hello from client481"
19,1773961613.708176,1773961615.44496,1.7367842197418213,success
"sender: client481, message: > hello from client481"
20,1773961620.8156621,1773961622.896727,2.0810649394989014,success
"sender: client481, message: > hello from client481"
21,1773961628.796973,1773961630.395496,1.5985229015350342,success
"sender: client481, message: > hello from client481"
