round,send_time,recv_time,rtt,status
4,1773967817.8130822,1773967819.7204626,1.9073803424835205,success
5,1773967825.0619745,1773967826.9695008,1.9075262546539307,success
6,1773967832.4475157,1773967834.2354836,1.7879679203033447,success
7,1773967839.8052068,1773967841.590277,1.7850701808929443,success
8,1773967847.2221344,1773967848.8715458,1.6494114398956299,success
9,1773967854.3684494,1773967856.2238317,1.8553822040557861,success
10,1773967861.494591,1773967863.5903287,2.0957376956939697,success
11,1773967868.7516398,1773967870.989995,2.2383551597595215,success
12,1773967876.2289157,1773967878.2683167,2.039401054382324,success
"sender: client209, message: > hello from client209"
13,1773967883.6245434,1773967885.668513,2.0439696311950684,success
"sender: client209, message: > hello from client209"
14,1773967890.9419243,1773967893.0135217,2.0715973377227783,success
15,1773967898.1808174,1773967900.3806689,2.1998515129089355,success
16,1773967905.6732125,1773967907.704246,2.031033515930176,success
17,1773967913.0499494,1773967915.0688179,2.0188684463500977,success
"sender: client209, message: > hello from client209"
18,1773967920.3690073,1773967922.41208,2.0430727005004883,success
19,1773967927.7602615,1773967929.79231,2.032048463821411,success
20,1773967934.9597287,1773967937.1257238,2.1659951210021973,success
"sender: client209, message: > hello from client209"
