round,send_time,recv_time,rtt,status
6,1773961515.80448,1773961517.551449,1.7469689846038818,success
7,1773961523.242657,1773961525.009247,1.7665901184082031,success
8,1773961530.785676,1773961532.605579,1.8199028968811035,success
9,1773961538.695292,1773961540.1328,1.4375081062316895,success
10,1773961546.4000158,1773961547.8049788,1.4049630165100098,success
11,1773961553.919513,1773961555.17717,1.2576570510864258,success
12,1773961560.6968162,1773961562.682497,1.9856808185577393,success
"sender: client316, message: > hello from client316"
13,1773961568.72778,1773961570.1926558,1.4648756980895996,success
"sender: client316, message: > hello from client316"
14,1773961575.6510231,1773961577.7474802,2.096457004547119,success
15,1773961583.5167181,1773961585.2720928,1.7553746700286865,success
"sender: client316, message: > hello from client316"
16,1773961591.051258,1773961592.775889,1.7246308326721191,success
"sender: client316, message: > hello from client316"
17,1773961599.284533,1773961600.3438878,1.0593547821044922,success
"sender: client316, message: > hello from client316"
18,1773961605.817346,1773961607.822149,2.004802942276001,success
"sender: client316, message: > hello from client316"
19,1773961613.2966871,1773961615.332753,2.0360658168792725,success
"sender: client316, message: > hello from client316"
20,1773961620.9573061,1773961622.8633401,1.906033992767334,success
"sender: client316, message: > hello from client316"
21,1773961628.4342358,1773961630.360791,1.9265551567077637,success
"sender: client316, message: > hello from client316"
