round,send_time,recv_time,rtt,status
5,1773961508.1959949,1773961510.163031,1.967036247253418,success
6,1773961515.7861462,1773961517.536015,1.7498688697814941,success
7,1773961523.458279,1773961524.9953148,1.5370359420776367,success
8,1773961531.081738,1773961532.5163,1.4345619678497314,success
9,1773961538.9472241,1773961540.138749,1.1915247440338135,success
10,1773961546.329607,1773961547.7516549,1.4220478534698486,success
11,1773961553.241073,1773961555.168521,1.927448034286499,success
12,1773961560.739687,1773961562.665814,1.9261269569396973,success
"sender: client236, message: > hello from client236"
13,1773961568.672599,1773961570.1812549,1.5086557865142822,success
"sender: client236, message: > hello from client236"
14,1773961575.875083,1773961577.7322052,1.8571221828460693,success
"sender: client236, message: > hello from client236"
15,1773961583.465701,1773961585.258477,1.7927758693695068,success
"sender: client236, message: > hello from client236"
16,1773961591.250016,1773961592.759077,1.5090610980987549,success
"sender: client236, message: > hello from client236"
17,1773961599.055115,1773961600.377505,1.322390079498291,success
"sender: client236, message: > hello from client236"
18,1773961605.7982059,1773961607.810598,2.012392044067383,success
"sender: client236, message: > hello from client236"
19,1773961613.619617,1773961615.319743,1.7001259326934814,success
"sender: client236, message: > hello from client236"
20,1773961620.898519,1773961622.851257,1.9527380466461182,success
"sender: client236, message: > hello from client236"
21,1773961628.486621,1773961630.350841,1.864220142364502,success
"sender: client236, message: > hello from client236"
