round,send_time,recv_time,rtt,status
4,1773961500.840523,1773961502.8173811,1.976858139038086,success
5,1773961508.3546271,1773961510.149838,1.795210838317871,success
6,1773961515.8623319,1773961517.528827,1.6664950847625732,success
7,1773961523.230623,1773961524.983308,1.7526850700378418,success
8,1773961531.1673422,1773961532.49493,1.3275878429412842,success
9,1773961538.7050009,1773961540.1215758,1.4165749549865723,success
10,1773961546.366295,1773961547.7542999,1.3880047798156738,success
11,1773961553.651288,1773961555.163341,1.5120530128479004,success
12,1773961560.861134,1773961562.652359,1.7912249565124512,success
"sender: client168, message: > hello from client168"
13,1773961568.6189382,1773961570.164083,1.54514479637146,success
"sender: client168, message: > hello from client168"
14,1773961575.62723,1773961577.7277188,2.1004889011383057,success
"sender: client168, message: > hello from client168"
15,1773961583.369237,1773961585.243875,1.8746380805969238,success
16,1773961591.370247,1773961592.7575538,1.3873069286346436,success
17,1773961598.961204,1773961600.371279,1.4100749492645264,success
"sender: client168, message: > hello from client168"
18,1773961605.893413,1773961607.800916,1.9075028896331787,success
"sender: client168, message: > hello from client168"
19,1773961613.3769689,1773961615.303197,1.9262280464172363,success
"sender: client168, message: > hello from client168"
20,1773961620.959852,1773961622.837536,1.8776841163635254,success
21,1773961628.563385,1773961630.333287,1.769901990890503,success
