round,send_time,recv_time,rtt,status
4,1773961500.9048908,1773961502.8232079,1.9183170795440674,success
5,1773961508.156991,1773961510.151799,1.9948079586029053,success
6,1773961515.732911,1773961517.529501,1.7965898513793945,success
7,1773961523.603913,1773961524.983416,1.3795030117034912,success
8,1773961531.1205518,1773961532.505824,1.3852722644805908,success
9,1773961538.8046029,1773961540.138967,1.3343641757965088,success
10,1773961546.462244,1773961547.760755,1.298511028289795,success
11,1773961553.320857,1773961555.153712,1.832854986190796,success
12,1773961560.651226,1773961562.660248,2.0090219974517822,success
"sender: client181, message: > hello from client181"
13,1773961568.321023,1773961570.167491,1.8464679718017578,success
"sender: client181, message: > hello from client181"
14,1773961575.926582,1773961577.722553,1.7959709167480469,success
"sender: client181, message: > hello from client181"
15,1773961583.277289,1773961585.242542,1.9652531147003174,success
"sender: client181, message: > hello from client181"
16,1773961590.802942,1773961592.745122,1.9421799182891846,success
17,1773961598.8653061,1773961600.341234,1.4759278297424316,success
"sender: client181, message: > hello from client181"
18,1773961605.7963068,1773961607.800521,2.00421404838562,success
"sender: client181, message: > hello from client181"
19,1773961613.46878,1773961615.3030772,1.8342971801757812,success
"sender: client181, message: > hello from client181"
20,1773961621.047978,1773961622.849036,1.801058053970337,success
"sender: client181, message: > hello from client181"
21,1773961628.4964921,1773961630.338607,1.8421149253845215,success
"sender: client181, message: > hello from client181"
