round,send_time,recv_time,rtt,status
2,1773967803.4395332,1773967805.366265,1.926731824874878,success
3,1773967810.5753677,1773967812.52979,1.9544222354888916,success
4,1773967817.9487782,1773967819.7067885,1.7580103874206543,success
5,1773967825.174051,1773967826.9675803,1.7935292720794678,success
6,1773967832.4084685,1773967834.2351785,1.8267099857330322,success
7,1773967839.9748917,1773967841.5876784,1.6127867698669434,success
8,1773967847.2319033,1773967848.8666294,1.6347260475158691,success
9,1773967854.3409438,1773967856.243558,1.9026141166687012,success
10,1773967861.4789617,1773967863.5683393,2.0893776416778564,success
"sender: client58, message: > hello from client58"
11,1773967868.9535804,1773967870.9882855,2.03470516204834,success
12,1773967876.2089415,1773967878.2607708,2.0518293380737305,success
"sender: client58, message: > hello from client58"
13,1773967883.621261,1773967885.6576297,2.0363688468933105,success
"sender: client58, message: > hello from client58"
14,1773967890.968166,1773967892.9821372,2.0139710903167725,success
"sender: client58, message: > hello from client58"
15,1773967898.2952533,1773967900.3449001,2.0496468544006348,success
16,1773967905.675746,1773967907.6947296,2.0189836025238037,success
"sender: client58, message: > hello from client58"
17,1773967912.9589722,1773967915.030428,2.071455717086792,success
"sender: client58, message: > hello from client58"
18,1773967920.3865895,1773967922.441128,2.0545384883880615,success
19,1773967927.758601,1773967929.7649083,2.006307363510132,success
"sender: client58, message: > hello from client58"
20,1773967935.040661,1773967937.110509,2.069847822189331,success
"sender: client58, message: > hello from client58"
