round,send_time,recv_time,rtt,status
1,1773967796.2537644,1773967798.26501,2.0112457275390625,success
2,1773967803.3975947,1773967805.366486,1.9688913822174072,success
3,1773967810.612344,1773967812.5305264,1.918182373046875,success
4,1773967817.930589,1773967819.7061293,1.7755403518676758,success
5,1773967825.0869598,1773967826.949701,1.862741231918335,success
6,1773967832.06978,1773967834.245564,2.17578387260437,success
7,1773967839.6959293,1773967841.5903647,1.8944354057312012,success
8,1773967847.19804,1773967848.868675,1.6706349849700928,success
9,1773967854.0501394,1773967856.2341673,2.184027910232544,success
"sender: client35, message: > hello from client35"
10,1773967861.6686459,1773967863.5689023,1.9002563953399658,success
"sender: client35, message: > hello from client35"
11,1773967868.8760846,1773967870.988508,2.1124234199523926,success
12,1773967876.201102,1773967878.3323905,2.131288528442383,success
13,1773967883.6614091,1773967885.6504216,1.9890124797821045,success
14,1773967890.9816604,1773967892.990876,2.0092155933380127,success
"sender: client35, message: > hello from client35"
15,1773967898.23947,1773967900.345577,2.106106996536255,success
"sender: client35, message: > hello from client35"
16,1773967905.5811021,1773967907.6937797,2.112677574157715,success
17,1773967913.0194817,1773967915.029491,2.010009288787842,success
18,1773967920.3458583,1773967922.4426997,2.096841335296631,success
"sender: client35, message: > hello from client35"
19,1773967927.765735,1773967929.7536242,1.987889289855957,success
"sender: client35, message: > hello from client35"
20,1773967935.0289316,1773967937.1113145,2.082382917404175,success
"sender: client35, message: > hello from client35"
