round,send_time,recv_time,rtt,status
3,1773961493.6298409,1773961495.5784562,1.948615312576294,success
4,1773961500.8874109,1773961502.814162,1.9267511367797852,success
5,1773961508.41406,1773961510.143418,1.7293579578399658,success
6,1773961515.854777,1773961517.517119,1.662341833114624,success
7,1773961523.596282,1773961524.9733582,1.3770761489868164,success
8,1773961531.0817971,1773961532.488414,1.4066169261932373,success
9,1773961538.924048,1773961540.137663,1.2136149406433105,success
10,1773961546.27517,1773961547.763936,1.4887659549713135,success
11,1773961553.263813,1773961555.152809,1.888995885848999,success
12,1773961560.98193,1773961562.646521,1.6645910739898682,success
"sender: client132, message: > hello from client132"
13,1773961568.490345,1773961570.157712,1.6673669815063477,success
"sender: client132, message: > hello from client132"
14,1773961575.663884,1773961577.709954,2.046070098876953,success
"sender: client132, message: > hello from client132"
15,1773961583.422291,1773961585.23423,1.811939001083374,success
"sender: client132, message: > hello from client132"
16,1773961590.974614,1773961592.740455,1.765841007232666,success
17,1773961599.105417,1773961600.270478,1.1650609970092773,success
"sender: client132, message: > hello from client132"
18,1773961605.8344681,1773961607.794589,1.9601209163665771,success
"sender: client132, message: > hello from client132"
19,1773961613.6166642,1773961615.29223,1.6755657196044922,success
20,1773961621.4399328,1773961622.837708,1.3977751731872559,success
"sender: client132, message: > hello from client132"
21,1773961628.352972,1773961630.3304949,1.977522850036621,success
"sender: client132, message: > hello from client132"
