round,send_time,recv_time,rtt,status
4,1773967817.8323689,1773967819.720073,1.8877041339874268,success
5,1773967825.1395152,1773967826.9873962,1.8478810787200928,success
6,1773967832.3881369,1773967834.2354712,1.847334384918213,success
7,1773967839.8972504,1773967841.5628219,1.6655714511871338,success
8,1773967847.2320507,1773967848.8700814,1.638030767440796,success
9,1773967854.4530435,1773967856.2231097,1.770066261291504,success
10,1773967861.6293356,1773967863.5972726,1.9679369926452637,success
11,1773967868.8647776,1773967870.9886642,2.1238865852355957,success
12,1773967876.2079012,1773967878.2631726,2.0552713871002197,success
"sender: client193, message: > hello from client193"
13,1773967883.6465874,1773967885.6548543,2.0082669258117676,success
14,1773967890.9531636,1773967892.983065,2.0299012660980225,success
"sender: client193, message: > hello from client193"
15,1773967898.3027804,1773967900.3770773,2.0742969512939453,success
"sender: client193, message: > hello from client193"
16,1773967905.5840573,1773967907.710071,2.12601375579834,success
17,1773967913.0339353,1773967915.062559,2.028623580932617,success
"sender: client193, message: > hello from client193"
18,1773967920.4057965,1773967922.4051337,1.9993371963500977,success
"sender: client193, message: > hello from client193"
19,1773967927.7686307,1773967929.7900734,2.0214426517486572,success
20,1773967935.0785546,1773967937.1046658,2.026111125946045,success
"sender: client193, message: > hello from client193"
