round,send_time,recv_time,rtt,status
9,1773961538.082886,1773961540.1164742,2.033588171005249,success
10,1773961545.727851,1773961547.814864,2.087013006210327,success
11,1773961554.055593,1773961555.1951628,1.1395697593688965,success
12,1773961561.007013,1773961562.712723,1.7057099342346191,success
"sender: client452, message: > hello from client452"
13,1773961568.582571,1773961570.2201679,1.637596845626831,success
"sender: client452, message: > hello from client452"
14,1773961575.728607,1773961577.7958221,2.0672152042388916,success
"sender: client452, message: > hello from client452"
15,1773961583.2305,1773961585.302995,2.0724949836730957,success
"sender: client452, message: > hello from client452"
16,1773961590.790839,1773961592.802288,2.011449098587036,success
"sender: client452, message: > hello from client452"
17,1773961599.122294,1773961600.344907,1.2226130962371826,success
18,1773961606.265331,1773961607.8495429,1.584211826324463,success
"sender: client452, message: > hello from client452"
19,1773961613.720635,1773961615.442988,1.7223529815673828,success
"sender: client452, message: > hello from client452"
20,1773961621.0490901,1773961622.888476,1.839385747909546,success
"sender: client452, message: > hello from client452"
21,1773961628.397321,1773961630.389545,1.9922239780426025,success
"sender: client452, message: > hello from client452"
