round,send_time,recv_time,rtt,status
1,1773967796.2637095,1773967798.262887,1.9991774559020996,success
2,1773967803.4142025,1773967805.3691719,1.9549694061279297,success
3,1773967810.6479208,1773967812.5294864,1.8815655708312988,success
4,1773967817.8435793,1773967819.7060819,1.8625025749206543,success
5,1773967825.1639707,1773967826.9838912,1.819920539855957,success
6,1773967832.508799,1773967834.2330039,1.7242047786712646,success
7,1773967839.7700422,1773967841.5888624,1.8188202381134033,success
8,1773967847.0794384,1773967848.8734322,1.7939937114715576,success
9,1773967854.107993,1773967856.2338905,2.1258976459503174,success
10,1773967861.6347685,1773967863.5689316,1.9341630935668945,success
"sender: client31, message: > hello from client31"
11,1773967868.982208,1773967870.9119635,1.929755449295044,success
"sender: client31, message: > hello from client31"
12,1773967876.185434,1773967878.2684405,2.0830063819885254,success
"sender: client31, message: > hello from client31"
13,1773967883.613984,1773967885.6553154,2.0413312911987305,success
"sender: client31, message: > hello from client31"
14,1773967890.9260173,1773967893.0093186,2.083301305770874,success
"sender: client31, message: > hello from client31"
15,1773967898.2629719,1773967900.3458304,2.0828585624694824,success
16,1773967905.61172,1773967907.6822078,2.0704877376556396,success
"sender: client31, message: > hello from client31"
17,1773967912.9836524,1773967915.056046,2.0723936557769775,success
"sender: client31, message: > hello from client31"
18,1773967920.3980725,1773967922.4192953,2.0212228298187256,success
"sender: client31, message: > hello from client31"
19,1773967927.752093,1773967929.7487252,1.9966320991516113,success
"sender: client31, message: > hello from client31"
20,1773967935.0428996,1773967937.1325786,2.089679002761841,success
"sender: client31, message: > hello from client31"
