round,send_time,recv_time,rtt,status
4,1773961500.9166179,1773961502.8175218,1.9009039402008057,success
5,1773961508.3443708,1773961510.143677,1.7993061542510986,success
6,1773961515.778004,1773961517.5179598,1.7399559020996094,success
7,1773961523.54761,1773961524.97742,1.4298100471496582,success
8,1773961531.168452,1773961532.4937432,1.3252911567687988,success
9,1773961538.897964,1773961540.1075578,1.2095937728881836,success
10,1773961546.353694,1773961547.809174,1.4554800987243652,success
11,1773961553.9808488,1773961555.15088,1.1700313091278076,success
12,1773961560.879481,1773961562.649494,1.7700128555297852,success
13,1773961568.257662,1773961570.1636539,1.905991792678833,success
"sender: client146, message: > hello from client146"
14,1773961575.697006,1773961577.7162051,2.0191991329193115,success
"sender: client146, message: > hello from client146"
15,1773961583.402554,1773961585.2363698,1.8338158130645752,success
"sender: client146, message: > hello from client146"
16,1773961590.9792142,1773961592.7431538,1.763939619064331,success
"sender: client146, message: > hello from client146"
17,1773961598.911959,1773961600.274163,1.3622040748596191,success
"sender: client146, message: > hello from client146"
18,1773961605.79107,1773961607.7955148,2.0044448375701904,success
"sender: client146, message: > hello from client146"
19,1773961614.044849,1773961615.296145,1.251296043395996,success
"sender: client146, message: > hello from client146"
20,1773961620.912331,1773961622.835656,1.9233248233795166,success
"sender: client146, message: > hello from client146"
21,1773961628.379479,1773961630.33156,1.9520809650421143,success
"sender: client146, message: > hello from client146"
