round,send_time,recv_time,rtt,status
8,1773961531.137759,1773961532.608193,1.4704339504241943,success
9,1773961538.162403,1773961540.141433,1.979029893875122,success
10,1773961545.888803,1773961547.755168,1.8663649559020996,success
11,1773961553.1542552,1773961555.1963542,2.0420989990234375,success
12,1773961560.818911,1773961562.701976,1.8830649852752686,success
"sender: client419, message: > hello from client419"
13,1773961568.570715,1773961570.215345,1.644629955291748,success
"sender: client419, message: > hello from client419"
14,1773961575.53843,1773961577.779587,2.241157054901123,success
15,1773961583.466561,1773961585.292675,1.8261139392852783,success
"sender: client419, message: > hello from client419"
16,1773961591.327461,1773961592.795219,1.4677579402923584,success
"sender: client419, message: > hello from client419"
17,1773961598.8694248,1773961600.369698,1.5002732276916504,success
"sender: client419, message: > hello from client419"
18,1773961606.389166,1773961607.8414998,1.452333688735962,success
"sender: client419, message: > hello from client419"
19,1773961614.023768,1773961615.3596249,1.3358569145202637,success
"sender: client419, message: > hello from client419"
20,1773961620.950173,1773961622.883562,1.9333891868591309,success
"sender: client419, message: > hello from client419"
21,1773961628.584857,1773961630.386145,1.80128812789917,success
"sender: client419, message: > hello from client419"
