round,send_time,recv_time,rtt,status
6,1773967832.4991431,1773967834.2552476,1.7561044692993164,success
7,1773967839.877561,1773967841.5631957,1.6856346130371094,success
8,1773967847.194843,1773967848.9742744,1.7794313430786133,success
9,1773967854.1281567,1773967856.2611256,2.1329689025878906,success
10,1773967861.51975,1773967863.60307,2.083319902420044,success
11,1773967868.9639695,1773967870.9285555,1.9645860195159912,success
"sender: client365, message: > hello from client365"
12,1773967876.199076,1773967878.2842906,2.085214614868164,success
"sender: client365, message: > hello from client365"
13,1773967883.6443422,1773967885.6670582,2.0227160453796387,success
14,1773967890.968703,1773967892.994194,2.0254909992218018,success
"sender: client365, message: > hello from client365"
15,1773967898.3069913,1773967900.6150825,2.308091163635254,success
"sender: client365, message: > hello from client365"
16,1773967905.6786745,1773967907.6896083,2.0109338760375977,success
17,1773967913.034018,1773967915.0805585,2.0465404987335205,success
"sender: client365, message: > hello from client365"
18,1773967920.4052048,1773967922.438926,2.0337212085723877,success
19,1773967927.675598,1773967929.7655022,2.089904308319092,success
"sender: client365, message: > hello from client365"
20,1773967935.0233173,1773967937.1304374,2.1071200370788574,success
"sender: client365, message: > hello from client365"
