round,send_time,recv_time,rtt,status
1,1773967796.2552428,1773967798.2625537,2.0073108673095703,success
2,1773967803.4078968,1773967805.3663871,1.9584903717041016,success
3,1773967810.6543207,1773967812.529658,1.8753373622894287,success
4,1773967817.8701942,1773967819.7054787,1.8352844715118408,success
5,1773967825.1371799,1773967826.9487293,1.811549425125122,success
6,1773967832.4143124,1773967834.2341151,1.8198027610778809,success
7,1773967839.9140663,1773967841.5558636,1.6417973041534424,success
8,1773967847.172877,1773967848.8642704,1.6913933753967285,success
9,1773967854.0677526,1773967856.2336578,2.165905237197876,success
10,1773967861.6279025,1773967863.5609324,1.9330298900604248,success
"sender: client4, message: > hello from client4"
11,1773967868.9796138,1773967870.9106379,1.9310240745544434,success
12,1773967876.2072039,1773967878.255496,2.0482921600341797,success
"sender: client4, message: > hello from client4"
13,1773967883.6168427,1773967885.6545208,2.0376780033111572,success
"sender: client4, message: > hello from client4"
14,1773967890.8973603,1773967892.9778564,2.080496072769165,success
"sender: client4, message: > hello from client4"
15,1773967898.2798145,1773967900.3450024,2.065187931060791,success
16,1773967905.6288183,1773967907.6818285,2.0530102252960205,success
"sender: client4, message: > hello from client4"
17,1773967913.0528061,1773967915.0281448,1.9753386974334717,success
18,1773967920.355278,1773967922.4388888,2.083610773086548,success
19,1773967927.7356877,1773967929.753174,2.017486333847046,success
"sender: client4, message: > hello from client4"
20,1773967935.0516446,1773967937.1015718,2.049927234649658,success
"sender: client4, message: > hello from client4"
