round,send_time,recv_time,rtt,status
4,1773967817.9139996,1773967819.7277446,1.8137450218200684,success
5,1773967825.1522791,1773967826.982021,1.8297419548034668,success
6,1773967832.5131407,1773967834.2546341,1.7414934635162354,success
7,1773967839.6235366,1773967841.5797079,1.9561712741851807,success
8,1773967847.2193496,1773967848.8717067,1.6523571014404297,success
9,1773967854.5262117,1773967856.2234688,1.6972570419311523,success
10,1773967861.6066506,1773967863.5969336,1.9902830123901367,success
11,1773967868.880207,1773967870.9918768,2.1116697788238525,success
12,1773967876.2353172,1773967878.2851005,2.049783229827881,success
"sender: client205, message: > hello from client205"
13,1773967883.586335,1773967885.6550953,2.068760395050049,success
"sender: client205, message: > hello from client205"
14,1773967890.9820352,1773967892.983671,2.001635789871216,success
"sender: client205, message: > hello from client205"
15,1773967898.2093642,1773967900.3845916,2.175227403640747,success
"sender: client205, message: > hello from client205"
16,1773967905.50802,1773967907.6851099,2.1770899295806885,success
"sender: client205, message: > hello from client205"
17,1773967913.0440195,1773967915.0621128,2.0180933475494385,success
"sender: client205, message: > hello from client205"
18,1773967920.4205256,1773967922.4444578,2.0239322185516357,success
"sender: client205, message: > hello from client205"
19,1773967927.7718282,1773967929.7811399,2.0093116760253906,success
20,1773967935.0426753,1773967937.1049044,2.0622291564941406,success
"sender: client205, message: > hello from client205"
