round,send_time,recv_time,rtt,status
9,1773961538.348751,1773961540.1582751,1.8095240592956543,success
10,1773961546.165077,1773961547.757686,1.59260892868042,success
11,1773961553.854511,1773961555.204594,1.3500828742980957,success
12,1773961560.8574212,1773961562.715966,1.8585448265075684,success
"sender: client486, message: > hello from client486"
13,1773961568.710676,1773961570.2360241,1.52534818649292,success
"sender: client486, message: > hello from client486"
14,1773961575.748699,1773961577.798635,2.049936056137085,success
"sender: client486, message: > hello from client486"
15,1773961583.5237172,1773961585.3136482,1.789931058883667,success
"sender: client486, message: > hello from client486"
16,1773961591.3307772,1773961592.806114,1.4753367900848389,success
"sender: client486, message: > hello from client486"
17,1773961598.941476,1773961600.37599,1.434513807296753,success
"sender: client486, message: > hello from client486"
18,1773961606.332442,1773961607.8551471,1.522705078125,success
"sender: client486, message: > hello from client486"
19,1773961613.552084,1773961615.445149,1.8930649757385254,success
"sender: client486, message: > hello from client486"
20,1773961621.0489411,1773961622.896225,1.8472838401794434,success
"sender: client486, message: > hello from client486"
21,1773961628.2875361,1773961630.395958,2.108421802520752,success
"sender: client486, message: > hello from client486"
