round,send_time,recv_time,rtt,status
9,1773961538.317848,1773961540.116701,1.7988529205322266,success
10,1773961546.111548,1773961547.750873,1.6393251419067383,success
11,1773961553.3018901,1773961555.196815,1.8949248790740967,success
12,1773961561.013379,1773961562.712615,1.6992359161376953,success
"sender: client460, message: > hello from client460"
13,1773961568.690593,1773961570.222741,1.5321478843688965,success
"sender: client460, message: > hello from client460"
14,1773961575.753255,1773961577.791849,2.0385940074920654,success
15,1773961583.467632,1773961585.306025,1.838392972946167,success
16,1773961590.94634,1773961592.8012311,1.854891061782837,success
"sender: client460, message: > hello from client460"
17,1773961598.905051,1773961600.369029,1.4639780521392822,success
"sender: client460, message: > hello from client460"
18,1773961606.4104261,1773961607.85081,1.4403839111328125,success
"sender: client460, message: > hello from client460"
19,1773961613.340159,1773961615.4440541,2.1038951873779297,success
20,1773961621.0068731,1773961622.8958879,1.889014720916748,success
"sender: client460, message: > hello from client460"
21,1773961628.769741,1773961630.390306,1.6205649375915527,success
"sender: client460, message: > hello from client460"
