round,send_time,recv_time,rtt,status
7,1773967839.953792,1773967841.6718283,1.71803617477417,success
8,1773967847.2326643,1773967848.9017818,1.6691174507141113,success
9,1773967854.5251102,1773967856.4505737,1.9254634380340576,success
10,1773967861.6219265,1773967863.6000469,1.9781203269958496,success
11,1773967868.983813,1773967870.9896197,2.0058066844940186,success
12,1773967876.2561643,1773967878.3232346,2.067070245742798,success
"sender: client431, message: > hello from client431"
13,1773967883.6430185,1773967885.6718085,2.02878999710083,success
"sender: client431, message: > hello from client431"
14,1773967890.9843967,1773967892.9876993,2.003302574157715,success
"sender: client431, message: > hello from client431"
15,1773967898.2408762,1773967900.570339,2.329462766647339,success
"sender: client431, message: > hello from client431"
16,1773967905.6783755,1773967907.7156305,2.037255048751831,success
17,1773967912.9768844,1773967915.0670455,2.090161085128784,success
"sender: client431, message: > hello from client431"
18,1773967920.4052532,1773967922.445165,2.0399117469787598,success
"sender: client431, message: > hello from client431"
19,1773967927.7229805,1773967929.7894137,2.0664331912994385,success
20,1773967935.086184,1773967937.1174595,2.031275510787964,success
"sender: client431, message: > hello from client431"
