round,send_time,recv_time,rtt,status
6,1773961515.9772632,1773961517.543421,1.5661578178405762,success
7,1773961523.3259,1773961525.003469,1.6775689125061035,success
8,1773961531.079658,1773961532.601585,1.5219268798828125,success
9,1773961538.60742,1773961540.143734,1.5363140106201172,success
10,1773961546.486848,1773961547.751668,1.264819860458374,success
11,1773961553.936657,1773961555.174538,1.2378809452056885,success
12,1773961560.920398,1773961562.672968,1.7525699138641357,success
"sender: client271, message: > hello from client271"
13,1773961568.5975628,1773961570.1862469,1.58868408203125,success
"sender: client271, message: > hello from client271"
14,1773961575.464654,1773961577.7350411,2.2703871726989746,success
"sender: client271, message: > hello from client271"
15,1773961583.539607,1773961585.262363,1.7227559089660645,success
"sender: client271, message: > hello from client271"
16,1773961590.633266,1773961592.7653341,2.132068157196045,success
"sender: client271, message: > hello from client271"
17,1773961599.090299,1773961600.374254,1.2839550971984863,success
"sender: client271, message: > hello from client271"
18,1773961606.405301,1773961607.81614,1.4108388423919678,success
"sender: client271, message: > hello from client271"
19,1773961614.061894,1773961615.327592,1.265697956085205,success
"sender: client271, message: > hello from client271"
20,1773961621.0003672,1773961622.856111,1.8557438850402832,success
21,1773961628.756172,1773961630.3547719,1.598599910736084,success
"sender: client271, message: > hello from client271"
