round,send_time,recv_time,rtt,status
5,1773961508.30555,1773961510.1632252,1.8576750755310059,success
6,1773961515.840628,1773961517.5370848,1.6964569091796875,success
7,1773961523.321455,1773961524.9980211,1.6765661239624023,success
8,1773961531.17978,1773961532.5163038,1.3365237712860107,success
9,1773961538.670974,1773961540.1084101,1.4374361038208008,success
10,1773961546.446239,1773961547.748668,1.302428960800171,success
11,1773961553.6092749,1773961555.1738188,1.5645439624786377,success
12,1773961560.9315882,1773961562.6684391,1.7368509769439697,success
13,1773961568.2457511,1773961570.181365,1.9356138706207275,success
14,1773961575.717373,1773961577.747209,2.0298361778259277,success
15,1773961583.498215,1773961585.261236,1.7630209922790527,success
"sender: client245, message: > hello from client245"
16,1773961590.6217878,1773961592.760204,2.138416290283203,success
"sender: client245, message: > hello from client245"
17,1773961598.88681,1773961600.377244,1.490433931350708,success
"sender: client245, message: > hello from client245"
18,1773961605.7601979,1773961607.81151,2.051312208175659,success
"sender: client245, message: > hello from client245"
19,1773961613.585672,1773961615.3200371,1.7343652248382568,success
"sender: client245, message: > hello from client245"
20,1773961621.050325,1773961622.852024,1.801699161529541,success
"sender: client245, message: > hello from client245"
21,1773961628.5748942,1773961630.351253,1.7763588428497314,success
"sender: client245, message: > hello from client245"
