round,send_time,recv_time,rtt,status
5,1773961508.369301,1773961510.1514611,1.7821600437164307,success
6,1773961515.698709,1773961517.530504,1.8317949771881104,success
7,1773961523.610094,1773961524.98351,1.3734159469604492,success
8,1773961531.279144,1773961532.5058181,1.2266740798950195,success
9,1773961538.9630232,1773961540.1284611,1.165437936782837,success
10,1773961545.7126641,1773961547.760375,2.04771089553833,success
11,1773961553.172291,1773961555.1561759,1.9838848114013672,success
12,1773961561.052608,1773961562.6606982,1.6080901622772217,success
13,1773961568.213513,1773961570.16814,1.9546270370483398,success
14,1773961575.546276,1773961577.718909,2.172632932662964,success
"sender: client187, message: > hello from client187"
15,1773961583.214936,1773961585.25015,2.0352139472961426,success
"sender: client187, message: > hello from client187"
16,1773961591.0862021,1773961592.75766,1.6714577674865723,success
"sender: client187, message: > hello from client187"
17,1773961599.061252,1773961600.3850298,1.323777675628662,success
"sender: client187, message: > hello from client187"
18,1773961605.656589,1773961607.800998,2.144408941268921,success
"sender: client187, message: > hello from client187"
19,1773961613.513294,1773961615.306436,1.7931420803070068,success
"sender: client187, message: > hello from client187"
20,1773961621.138134,1773961622.849,1.7108659744262695,success
"sender: client187, message: > hello from client187"
21,1773961628.383945,1773961630.337446,1.9535009860992432,success
"sender: client187, message: > hello from client187"
