round,send_time,recv_time,rtt,status
7,1773967839.751257,1773967841.6739564,1.9226994514465332,success
8,1773967847.2253056,1773967848.8867922,1.6614866256713867,success
9,1773967854.1012444,1773967856.3318853,2.2306408882141113,success
10,1773967861.622897,1773967863.56921,1.9463131427764893,success
"sender: client463, message: > hello from client463"
11,1773967868.8806841,1773967870.93199,2.0513057708740234,success
"sender: client463, message: > hello from client463"
12,1773967876.2463408,1773967878.32855,2.082209348678589,success
"sender: client463, message: > hello from client463"
13,1773967883.6578143,1773967885.6700234,2.012209177017212,success
"sender: client463, message: > hello from client463"
14,1773967890.9213307,1773967893.0091393,2.087808609008789,success
"sender: client463, message: > hello from client463"
15,1773967898.3040032,1773967900.494737,2.1907336711883545,success
"sender: client463, message: > hello from client463"
16,1773967905.6396623,1773967907.7034,2.063737630844116,success
17,1773967913.0401177,1773967915.0714507,2.0313329696655273,success
"sender: client463, message: > hello from client463"
18,1773967920.423205,1773967922.447086,2.023881196975708,success
"sender: client463, message: > hello from client463"
19,1773967927.6529734,1773967929.781111,2.1281375885009766,success
"sender: client463, message: > hello from client463"
20,1773967934.9736192,1773967937.1118948,2.138275623321533,success
"sender: client463, message: > hello from client463"
