round,send_time,recv_time,rtt,status
6,1773967832.2445784,1773967834.254741,2.010162591934204,success
7,1773967839.8792343,1773967841.5800998,1.7008655071258545,success
8,1773967847.1542988,1773967848.9741695,1.8198707103729248,success
9,1773967854.4745739,1773967856.2572074,1.7826335430145264,success
10,1773967861.614761,1773967863.6053333,1.990572214126587,success
11,1773967868.9399855,1773967870.9165523,1.9765667915344238,success
"sender: client358, message: > hello from client358"
12,1773967876.2601159,1773967878.2645185,2.0044026374816895,success
"sender: client358, message: > hello from client358"
13,1773967883.6430779,1773967885.671449,2.0283710956573486,success
"sender: client358, message: > hello from client358"
14,1773967890.9199123,1773967892.9865403,2.0666279792785645,success
"sender: client358, message: > hello from client358"
15,1773967898.3097582,1773967900.5029042,2.193145990371704,success
"sender: client358, message: > hello from client358"
16,1773967905.6230078,1773967907.7081761,2.0851683616638184,success
17,1773967913.0500984,1773967915.0713928,2.021294355392456,success
"sender: client358, message: > hello from client358"
18,1773967920.4189446,1773967922.4165459,1.9976012706756592,success
19,1773967927.7381346,1773967929.7879996,2.0498650074005127,success
20,1773967935.0917892,1773967937.12798,2.0361907482147217,success
"sender: client358, message: > hello from client358"
