round,send_time,recv_time,rtt,status
6,1773961515.743077,1773961517.542963,1.7998859882354736,success
7,1773961523.3722591,1773961525.0037062,1.6314470767974854,success
8,1773961531.128173,1773961532.605241,1.4770679473876953,success
9,1773961538.827908,1773961540.1233668,1.2954587936401367,success
10,1773961546.356671,1773961547.755268,1.398597002029419,success
11,1773961553.309411,1773961555.176215,1.8668038845062256,success
12,1773961560.7607129,1773961562.67324,1.912527084350586,success
"sender: client264, message: > hello from client264"
13,1773961568.602449,1773961570.1881459,1.5856969356536865,success
"sender: client264, message: > hello from client264"
14,1773961575.620369,1773961577.75039,2.130021095275879,success
"sender: client264, message: > hello from client264"
15,1773961583.2674549,1773961585.2621949,1.9947400093078613,success
"sender: client264, message: > hello from client264"
16,1773961590.8159192,1773961592.766575,1.9506559371948242,success
"sender: client264, message: > hello from client264"
17,1773961598.861494,1773961600.385055,1.5235610008239746,success
18,1773961606.282315,1773961607.81616,1.5338449478149414,success
"sender: client264, message: > hello from client264"
19,1773961613.661033,1773961615.3209112,1.6598782539367676,success
20,1773961621.1878111,1773961622.856268,1.668456792831421,success
"sender: client264, message: > hello from client264"
21,1773961628.541548,1773961630.351799,1.810250997543335,success
"sender: client264, message: > hello from client264"
