round,send_time,recv_time,rtt,status
6,1773961515.725763,1773961517.5479941,1.8222310543060303,success
7,1773961523.360039,1773961525.004718,1.644679069519043,success
8,1773961530.900855,1773961532.602408,1.7015528678894043,success
9,1773961538.925914,1773961540.1396108,1.2136967182159424,success
10,1773961546.33348,1773961547.756387,1.4229071140289307,success
11,1773961553.208708,1773961555.172257,1.9635488986968994,success
12,1773961560.651218,1773961562.681083,2.029865026473999,success
"sender: client291, message: > hello from client291"
13,1773961568.714261,1773961570.186529,1.4722678661346436,success
"sender: client291, message: > hello from client291"
14,1773961575.68399,1773961577.7915032,2.107513189315796,success
15,1773961583.475631,1773961585.267114,1.791482925415039,success
16,1773961590.7964458,1773961592.77019,1.9737441539764404,success
17,1773961598.976175,1773961600.345031,1.3688559532165527,success
"sender: client291, message: > hello from client291"
18,1773961606.187405,1773961607.816642,1.6292369365692139,success
19,1773961613.6149812,1773961615.3286898,1.7137086391448975,success
"sender: client291, message: > hello from client291"
20,1773961621.081449,1773961622.864176,1.7827270030975342,success
21,1773961628.48285,1773961630.355496,1.8726458549499512,success
"sender: client291, message: > hello from client291"
