round,send_time,recv_time,rtt,status
8,1773961531.250417,1773961532.6131442,1.362727165222168,success
9,1773961538.76032,1773961540.141834,1.381514072418213,success
10,1773961545.6929102,1773961547.751948,2.059037923812866,success
11,1773961553.641825,1773961555.194279,1.5524539947509766,success
12,1773961561.052574,1773961562.7061608,1.6535868644714355,success
"sender: client431, message: > hello from client431"
13,1773961568.1713028,1773961570.218135,2.046832323074341,success
"sender: client431, message: > hello from client431"
14,1773961575.720758,1773961577.7931619,2.072403907775879,success
15,1773961583.501193,1773961585.296986,1.795793056488037,success
16,1773961590.9253771,1773961592.796194,1.870816946029663,success
"sender: client431, message: > hello from client431"
17,1773961598.830217,1773961600.367559,1.5373420715332031,success
"sender: client431, message: > hello from client431"
18,1773961606.3650508,1773961607.844726,1.47967529296875,success
"sender: client431, message: > hello from client431"
19,1773961614.030587,1773961615.360193,1.329606056213379,success
"sender: client431, message: > hello from client431"
20,1773961620.9659069,1773961622.8845649,1.9186580181121826,success
"sender: client431, message: > hello from client431"
21,1773961628.33152,1773961630.385907,2.054386854171753,success
"sender: client431, message: > hello from client431"
