round,send_time,recv_time,rtt,status
7,1773961523.3756711,1773961525.017379,1.6417078971862793,success
8,1773961531.1889951,1773961532.609195,1.4201998710632324,success
9,1773961538.780982,1773961540.110999,1.33001708984375,success
10,1773961546.4211159,1773961547.759156,1.3380401134490967,success
11,1773961553.184055,1773961555.1790879,1.995032787322998,success
12,1773961560.686002,1773961562.6894982,2.0034961700439453,success
"sender: client348, message: > hello from client348"
13,1773961568.592669,1773961570.199023,1.606353998184204,success
"sender: client348, message: > hello from client348"
14,1773961576.015116,1773961577.7590778,1.7439618110656738,success
"sender: client348, message: > hello from client348"
15,1773961583.5468612,1773961585.277424,1.7305629253387451,success
"sender: client348, message: > hello from client348"
16,1773961590.6343338,1773961592.777843,2.1435091495513916,success
"sender: client348, message: > hello from client348"
17,1773961599.115701,1773961600.3373172,1.221616268157959,success
"sender: client348, message: > hello from client348"
18,1773961606.398141,1773961607.829511,1.4313700199127197,success
"sender: client348, message: > hello from client348"
19,1773961613.598603,1773961615.3386,1.7399969100952148,success
"sender: client348, message: > hello from client348"
20,1773961621.137999,1773961622.8727129,1.7347137928009033,success
21,1773961628.443258,1773961630.368139,1.9248809814453125,success
"sender: client348, message: > hello from client348"
