round,send_time,recv_time,rtt,status
3,1773961493.599475,1773961495.5778508,1.9783759117126465,success
4,1773961500.866004,1773961502.8142211,1.9482171535491943,success
5,1773961508.341986,1773961510.14351,1.8015241622924805,success
6,1773961515.810198,1773961517.517128,1.7069299221038818,success
7,1773961523.6078,1773961524.9726238,1.364823818206787,success
8,1773961531.2142441,1773961532.48854,1.2742958068847656,success
9,1773961538.861136,1773961540.132473,1.2713370323181152,success
10,1773961546.503114,1773961547.812674,1.3095600605010986,success
11,1773961553.928919,1773961555.155212,1.2262928485870361,success
12,1773961560.799123,1773961562.648822,1.8496990203857422,success
13,1773961568.6234071,1773961570.1573381,1.533931016921997,success
"sender: client135, message: > hello from client135"
14,1773961576.038935,1773961577.7229571,1.6840221881866455,success
15,1773961583.3317719,1773961585.236099,1.904327154159546,success
16,1773961591.236117,1773961592.75869,1.5225732326507568,success
"sender: client135, message: > hello from client135"
17,1773961598.8877518,1773961600.369685,1.4819331169128418,success
"sender: client135, message: > hello from client135"
18,1773961605.771661,1773961607.796142,2.0244810581207275,success
19,1773961613.687638,1773961615.291382,1.6037440299987793,success
"sender: client135, message: > hello from client135"
20,1773961621.072342,1773961622.840971,1.7686290740966797,success
"sender: client135, message: > hello from client135"
21,1773961628.31936,1773961630.330519,2.0111589431762695,success
"sender: client135, message: > hello from client135"
