round,send_time,recv_time,rtt,status
5,1773967825.0989418,1773967826.9692395,1.8702976703643799,success
6,1773967832.4759457,1773967834.2543273,1.778381586074829,success
7,1773967839.862084,1773967841.5869656,1.724881649017334,success
8,1773967847.0665493,1773967848.8726015,1.8060522079467773,success
9,1773967854.4195507,1773967856.2414906,1.8219399452209473,success
"sender: client313, message: > hello from client313"
10,1773967861.4390552,1773967863.5663981,2.127342939376831,success
"sender: client313, message: > hello from client313"
11,1773967868.9377086,1773967870.982241,2.044532299041748,success
12,1773967876.2495468,1773967878.2809854,2.0314385890960693,success
"sender: client313, message: > hello from client313"
13,1773967883.6413538,1773967885.6680825,2.026728630065918,success
"sender: client313, message: > hello from client313"
14,1773967890.951369,1773967893.0197833,2.0684142112731934,success
"sender: client313, message: > hello from client313"
15,1773967898.3175507,1773967900.3814087,2.0638580322265625,success
16,1773967905.6799407,1773967907.688034,2.0080933570861816,success
"sender: client313, message: > hello from client313"
17,1773967912.975027,1773967915.0630367,2.0880095958709717,success
"sender: client313, message: > hello from client313"
18,1773967920.4237263,1773967922.425175,2.001448631286621,success
"sender: client313, message: > hello from client313"
19,1773967927.7557883,1773967929.7868173,2.031028985977173,success
20,1773967935.0265174,1773967937.1171856,2.090668201446533,success
