round,send_time,recv_time,rtt,status
9,1773961538.3207748,1773961540.1342819,1.813507080078125,success
10,1773961546.438146,1773961547.755738,1.317591905593872,success
11,1773961553.7640479,1773961555.1950688,1.431020975112915,success
12,1773961560.5713348,1773961562.713273,2.1419382095336914,success
13,1773961568.283573,1773961570.220053,1.9364800453186035,success
"sender: client450, message: > hello from client450"
14,1773961575.574005,1773961577.78118,2.2071750164031982,success
"sender: client450, message: > hello from client450"
15,1773961583.29501,1773961585.3021839,2.007173776626587,success
"sender: client450, message: > hello from client450"
16,1773961591.052594,1773961592.801106,1.7485120296478271,success
17,1773961599.248254,1773961600.33641,1.08815598487854,success
18,1773961606.153315,1773961607.850179,1.6968638896942139,success
"sender: client450, message: > hello from client450"
19,1773961613.591155,1773961615.442581,1.8514258861541748,success
"sender: client450, message: > hello from client450"
20,1773961621.172891,1773961622.888385,1.715494155883789,success
21,1773961628.394668,1773961630.390069,1.9954009056091309,success
"sender: client450, message: > hello from client450"
