round,send_time,recv_time,rtt,status
6,1773961515.7380538,1773961517.547662,1.8096082210540771,success
7,1773961523.42066,1773961525.0049222,1.5842621326446533,success
8,1773961531.276364,1773961532.601793,1.3254289627075195,success
9,1773961538.699998,1773961540.1528919,1.4528939723968506,success
10,1773961546.460205,1773961547.767018,1.3068130016326904,success
11,1773961553.887639,1773961555.178113,1.2904739379882812,success
12,1773961560.997219,1773961562.6804512,1.683232069015503,success
"sender: client287, message: > hello from client287"
13,1773961568.6267679,1773961570.1869519,1.5601840019226074,success
"sender: client287, message: > hello from client287"
14,1773961575.738137,1773961577.7504299,2.0122928619384766,success
"sender: client287, message: > hello from client287"
15,1773961583.328949,1773961585.268585,1.939635992050171,success
"sender: client287, message: > hello from client287"
16,1773961591.0231838,1773961592.7689679,1.745784044265747,success
"sender: client287, message: > hello from client287"
17,1773961598.8625422,1773961600.3371599,1.4746177196502686,success
"sender: client287, message: > hello from client287"
18,1773961605.702636,1773961607.81704,2.1144039630889893,success
"sender: client287, message: > hello from client287"
19,1773961613.520489,1773961615.3284118,1.8079228401184082,success
"sender: client287, message: > hello from client287"
20,1773961621.113031,1773961622.862989,1.7499580383300781,success
21,1773961628.6209228,1773961630.355936,1.7350132465362549,success
"sender: client287, message: > hello from client287"
