round,send_time,recv_time,rtt,status
2,1773967803.4293208,1773967805.3671086,1.9377877712249756,success
3,1773967810.6215842,1773967812.5415163,1.9199321269989014,success
4,1773967817.9344518,1773967819.7154875,1.7810356616973877,success
5,1773967825.0786307,1773967826.952383,1.8737523555755615,success
6,1773967832.4514475,1773967834.249449,1.7980015277862549,success
7,1773967839.7506378,1773967841.5900812,1.8394434452056885,success
8,1773967847.232405,1773967848.8673658,1.6349608898162842,success
9,1773967854.101822,1773967856.2297926,2.1279706954956055,success
10,1773967861.5298054,1773967863.564959,2.03515362739563,success
"sender: client100, message: > hello from client100"
11,1773967868.7239678,1773967870.9472315,2.223263740539551,success
12,1773967876.1776319,1773967878.2688496,2.0912177562713623,success
"sender: client100, message: > hello from client100"
13,1773967883.6521626,1773967885.651836,1.9996733665466309,success
14,1773967890.9416747,1773967892.981112,2.0394372940063477,success
"sender: client100, message: > hello from client100"
15,1773967898.2779782,1773967900.3749166,2.096938371658325,success
"sender: client100, message: > hello from client100"
16,1773967905.6651163,1773967907.700379,2.0352625846862793,success
17,1773967912.9947867,1773967915.0318513,2.037064552307129,success
"sender: client100, message: > hello from client100"
18,1773967920.348888,1773967922.4211938,2.072305917739868,success
"sender: client100, message: > hello from client100"
19,1773967927.6476398,1773967929.7494402,2.1018004417419434,success
"sender: client100, message: > hello from client100"
20,1773967935.054409,1773967937.1018708,2.047461748123169,success
"sender: client100, message: > hello from client100"
