round,send_time,recv_time,rtt,status
5,1773967825.1703472,1773967826.9698255,1.79947829246521,success
6,1773967832.3982103,1773967834.2368553,1.8386449813842773,success
7,1773967839.8824847,1773967841.5874248,1.7049400806427002,success
8,1773967847.2264156,1773967848.871594,1.6451783180236816,success
9,1773967854.4348562,1773967856.2282133,1.7933571338653564,success
10,1773967861.6507986,1773967863.5989435,1.9481449127197266,success
11,1773967868.9098096,1773967870.9901767,2.080367088317871,success
12,1773967876.2479985,1773967878.2835321,2.0355336666107178,success
"sender: client269, message: > hello from client269"
13,1773967883.58345,1773967885.7689064,2.1854562759399414,success
"sender: client269, message: > hello from client269"
14,1773967890.8608973,1773967892.984784,2.1238865852355957,success
15,1773967898.2946188,1773967900.3737533,2.079134464263916,success
"sender: client269, message: > hello from client269"
16,1773967905.6138813,1773967907.6865659,2.0726845264434814,success
"sender: client269, message: > hello from client269"
17,1773967913.058191,1773967915.0663111,2.008120059967041,success
"sender: client269, message: > hello from client269"
18,1773967920.4020283,1773967922.4119902,2.0099618434906006,success
"sender: client269, message: > hello from client269"
19,1773967927.700599,1773967929.7528727,2.052273750305176,success
20,1773967935.060076,1773967937.1067426,2.0466666221618652,success
"sender: client269, message: > hello from client269"
