round,send_time,recv_time,rtt,status
4,1773967817.8122158,1773967819.718241,1.9060251712799072,success
5,1773967825.1690202,1773967826.9715655,1.8025453090667725,success
6,1773967832.419898,1773967834.251564,1.8316659927368164,success
7,1773967839.752465,1773967841.5804455,1.8279805183410645,success
8,1773967847.1966228,1773967848.869999,1.6733760833740234,success
9,1773967854.485467,1773967856.222573,1.7371060848236084,success
10,1773967861.6199367,1773967863.5896192,1.9696824550628662,success
11,1773967868.944246,1773967870.9454308,2.0011847019195557,success
12,1773967876.1804676,1773967878.2841747,2.1037070751190186,success
13,1773967883.6710155,1773967885.6618397,1.9908242225646973,success
14,1773967890.944667,1773967893.0176935,2.073026418685913,success
"sender: client183, message: > hello from client183"
15,1773967898.3089511,1773967900.3845036,2.075552463531494,success
"sender: client183, message: > hello from client183"
16,1773967905.5771475,1773967907.6847405,2.107593059539795,success
"sender: client183, message: > hello from client183"
17,1773967913.0280974,1773967915.077828,2.0497305393218994,success
18,1773967920.4052012,1773967922.4121702,2.0069689750671387,success
"sender: client183, message: > hello from client183"
19,1773967927.7622027,1773967929.7886784,2.026475667953491,success
20,1773967935.0410924,1773967937.104949,2.063856601715088,success
"sender: client183, message: > hello from client183"
