round,send_time,recv_time,rtt,status
6,1773967832.5050151,1773967834.2504256,1.745410442352295,success
7,1773967839.7717502,1773967841.6614285,1.8896782398223877,success
8,1773967846.804118,1773967848.8983567,2.094238758087158,success
9,1773967854.0921395,1773967856.2348306,2.142691135406494,success
10,1773967861.5419705,1773967863.5684314,2.026460886001587,success
11,1773967868.8968604,1773967870.940814,2.0439536571502686,success
"sender: client395, message: > hello from client395"
12,1773967876.2085638,1773967878.3318005,2.123236656188965,success
13,1773967883.6040606,1773967885.882367,2.278306245803833,success
"sender: client395, message: > hello from client395"
14,1773967890.9416957,1773967892.9871936,2.0454978942871094,success
"sender: client395, message: > hello from client395"
15,1773967898.2217019,1773967900.5682635,2.3465616703033447,success
"sender: client395, message: > hello from client395"
16,1773967905.5232124,1773967907.7087486,2.1855361461639404,success
17,1773967912.9586215,1773967915.0770514,2.1184298992156982,success
18,1773967920.419592,1773967922.652797,2.2332050800323486,success
"sender: client395, message: > hello from client395"
19,1773967927.7637408,1773967929.7869337,2.023192882537842,success
20,1773967935.082084,1773967937.355747,2.27366304397583,success
"sender: client395, message: > hello from client395"
