round,send_time,recv_time,rtt,status
4,1773961500.8776388,1773961502.814351,1.9367122650146484,success
5,1773961508.303102,1773961510.143494,1.8403918743133545,success
6,1773961515.8407629,1773961517.5172591,1.6764962673187256,success
7,1773961523.275845,1773961524.9725142,1.696669101715088,success
8,1773961531.2511091,1773961532.4884748,1.23736572265625,success
9,1773961538.8156009,1773961540.1073349,1.291733980178833,success
10,1773961546.2398279,1773961547.807578,1.5677502155303955,success
11,1773961553.978039,1773961555.150549,1.1725099086761475,success
12,1773961560.6002932,1773961562.646544,2.046250820159912,success
"sender: client137, message: > hello from client137"
13,1773961568.620484,1773961570.1603,1.539815902709961,success
14,1773961575.598128,1773961577.723045,2.1249170303344727,success
"sender: client137, message: > hello from client137"
15,1773961583.4942138,1773961585.236226,1.7420122623443604,success
"sender: client137, message: > hello from client137"
16,1773961590.800886,1773961592.743799,1.9429130554199219,success
17,1773961598.930113,1773961600.3363001,1.4061870574951172,success
"sender: client137, message: > hello from client137"
18,1773961605.791073,1773961607.795496,2.004422903060913,success
"sender: client137, message: > hello from client137"
19,1773961614.090632,1773961615.2936692,1.2030372619628906,success
"sender: client137, message: > hello from client137"
20,1773961621.025771,1773961622.83768,1.8119091987609863,success
"sender: client137, message: > hello from client137"
21,1773961628.550237,1773961630.3338602,1.783623218536377,success
"sender: client137, message: > hello from client137"
