round,send_time,recv_time,rtt,status
6,1773967832.4866076,1773967834.2515013,1.7648937702178955,success
7,1773967839.8764093,1773967841.5803306,1.7039213180541992,success
8,1773967847.184977,1773967848.885346,1.700368881225586,success
9,1773967854.5231602,1773967856.2609515,1.7377912998199463,success
10,1773967861.6124594,1773967863.59643,1.9839706420898438,success
11,1773967868.927354,1773967870.9224346,1.9950804710388184,success
"sender: client346, message: > hello from client346"
12,1773967876.2508755,1773967878.3390362,2.088160753250122,success
13,1773967883.6414025,1773967885.6600957,2.018693208694458,success
"sender: client346, message: > hello from client346"
14,1773967890.9668164,1773967892.9867895,2.019973039627075,success
"sender: client346, message: > hello from client346"
15,1773967898.314824,1773967900.5730195,2.258195400238037,success
"sender: client346, message: > hello from client346"
16,1773967905.670615,1773967907.7145715,2.0439565181732178,success
17,1773967913.006307,1773967915.0823784,2.0760715007781982,success
"sender: client346, message: > hello from client346"
18,1773967920.4030263,1773967922.421249,2.0182225704193115,success
"sender: client346, message: > hello from client346"
19,1773967927.6868517,1773967929.7530437,2.0661919116973877,success
"sender: client346, message: > hello from client346"
20,1773967935.0944326,1773967937.1234834,2.029050827026367,success
