round,send_time,recv_time,rtt,status
4,1773961500.903481,1773961502.8175502,1.9140691757202148,success
5,1773961508.289613,1773961510.144276,1.8546628952026367,success
6,1773961515.533927,1773961517.517971,1.984044075012207,success
7,1773961523.620922,1773961524.977942,1.3570199012756348,success
8,1773961530.930869,1773961532.494477,1.563607931137085,success
9,1773961538.827623,1773961540.1273851,1.29976224899292,success
10,1773961545.841784,1773961547.764742,1.9229578971862793,success
11,1773961553.730983,1773961555.153284,1.4223010540008545,success
12,1773961560.623862,1773961562.652181,2.0283188819885254,success
"sender: client155, message: > hello from client155"
13,1773961568.702877,1773961570.1633558,1.4604787826538086,success
"sender: client155, message: > hello from client155"
14,1773961576.000329,1773961577.716589,1.7162599563598633,success
"sender: client155, message: > hello from client155"
15,1773961583.487861,1773961585.238525,1.7506639957427979,success
"sender: client155, message: > hello from client155"
16,1773961590.9712498,1773961592.743287,1.7720372676849365,success
"sender: client155, message: > hello from client155"
17,1773961599.274598,1773961600.2768168,1.0022189617156982,success
"sender: client155, message: > hello from client155"
18,1773961605.889853,1773961607.795736,1.9058830738067627,success
19,1773961613.374411,1773961615.296504,1.9220929145812988,success
"sender: client155, message: > hello from client155"
20,1773961621.328489,1773961622.840003,1.5115139484405518,success
21,1773961628.6758358,1773961630.3394392,1.6636033058166504,success
"sender: client155, message: > hello from client155"
