round,send_time,recv_time,rtt,status
1,1773967796.2405279,1773967798.2646852,2.0241572856903076,success
2,1773967803.4404726,1773967805.367669,1.9271965026855469,success
3,1773967810.6358922,1773967812.5301976,1.8943054676055908,success
4,1773967817.9230835,1773967819.7061899,1.7831063270568848,success
5,1773967825.102368,1773967826.9493747,1.8470065593719482,success
6,1773967832.4073606,1773967834.2334921,1.8261315822601318,success
7,1773967839.7034743,1773967841.5876925,1.8842182159423828,success
8,1773967847.0082152,1773967848.8644216,1.8562064170837402,success
9,1773967854.39675,1773967856.2188275,1.8220775127410889,success
10,1773967861.6072729,1773967863.5616426,1.9543697834014893,success
"sender: client10, message: > hello from client10"
11,1773967868.9272912,1773967870.9925792,2.0652880668640137,success
12,1773967876.2645705,1773967878.2833912,2.0188207626342773,success
"sender: client10, message: > hello from client10"
13,1773967883.5878105,1773967885.6475756,2.059765100479126,success
"sender: client10, message: > hello from client10"
14,1773967890.8770227,1773967893.0081506,2.1311278343200684,success
"sender: client10, message: > hello from client10"
15,1773967898.3064163,1773967900.3468492,2.040432929992676,success
"sender: client10, message: > hello from client10"
16,1773967905.6108825,1773967907.6819284,2.0710458755493164,success
"sender: client10, message: > hello from client10"
17,1773967913.0585413,1773967915.0285132,1.9699718952178955,success
18,1773967920.3950686,1773967922.4499934,2.054924726486206,success
19,1773967927.7483609,1773967929.7480028,1.9996418952941895,success
"sender: client10, message: > hello from client10"
20,1773967935.079094,1773967937.1013725,2.0222785472869873,success
"sender: client10, message: > hello from client10"
