round,send_time,recv_time,rtt,status
7,1773961523.2958379,1773961525.0132039,1.7173659801483154,success
8,1773961530.9954612,1773961532.6086621,1.6132009029388428,success
9,1773961538.7674031,1773961540.11059,1.343186855316162,success
10,1773961546.5114188,1773961547.831625,1.3202061653137207,success
11,1773961553.9684951,1773961555.171507,1.2030117511749268,success
12,1773961560.817745,1773961562.6883059,1.870560884475708,success
13,1773961568.728669,1773961570.197927,1.4692580699920654,success
14,1773961575.469027,1773961577.747797,2.2787699699401855,success
"sender: client332, message: > hello from client332"
15,1773961583.215041,1773961585.275959,2.060918092727661,success
16,1773961590.932554,1773961592.778812,1.8462579250335693,success
17,1773961599.280465,1773961600.3370292,1.0565643310546875,success
18,1773961605.657656,1773961607.824327,2.16667103767395,success
"sender: client332, message: > hello from client332"
19,1773961613.2390668,1773961615.3344,2.0953330993652344,success
"sender: client332, message: > hello from client332"
20,1773961620.90384,1773961622.8680918,1.9642517566680908,success
"sender: client332, message: > hello from client332"
21,1773961628.7394292,1773961630.3647418,1.6253125667572021,success
