round,send_time,recv_time,rtt,status
10,1773961546.475023,1773961547.8064158,1.331392765045166,success
11,1773961553.989532,1773961555.2045739,1.2150418758392334,success
12,1773961560.722373,1773961562.718344,1.9959709644317627,success
"sender: client495, message: > hello from client495"
13,1773961568.328374,1773961570.235368,1.906994104385376,success
"sender: client495, message: > hello from client495"
14,1773961575.9315479,1773961577.802751,1.8712031841278076,success
"sender: client495, message: > hello from client495"
15,1773961583.280216,1773961585.313867,2.033651113510132,success
"sender: client495, message: > hello from client495"
16,1773961590.944632,1773961592.807091,1.8624589443206787,success
17,1773961599.163882,1773961600.3704069,1.2065248489379883,success
"sender: client495, message: > hello from client495"
18,1773961605.718931,1773961607.8588018,2.1398708820343018,success
19,1773961613.284498,1773961615.445417,2.160918951034546,success
"sender: client495, message: > hello from client495"
20,1773961620.866011,1773961622.897272,2.0312612056732178,success
"sender: client495, message: > hello from client495"
21,1773961628.65561,1773961630.395784,1.7401738166809082,success
