round,send_time,recv_time,rtt,status
3,1773961493.625358,1773961495.5638888,1.938530683517456,success
4,1773961500.927358,1773961502.7929778,1.8656198978424072,success
5,1773961508.2805178,1773961510.1230779,1.842560052871704,success
6,1773961515.881709,1773961517.495987,1.6142778396606445,success
7,1773961523.277406,1773961524.959179,1.6817729473114014,success
8,1773961531.039577,1773961532.474738,1.4351608753204346,success
9,1773961538.1974232,1773961540.107248,1.9098248481750488,success
10,1773961546.065747,1773961547.805645,1.7398979663848877,success
11,1773961553.169068,1773961555.159302,1.9902338981628418,success
12,1773961560.7450671,1773961562.629816,1.884748935699463,success
"sender: client56, message: > hello from client56"
13,1773961568.317515,1773961570.155713,1.838198184967041,success
"sender: client56, message: > hello from client56"
14,1773961575.560117,1773961577.730388,2.1702709197998047,success
15,1773961583.432827,1773961585.2191591,1.786332130432129,success
"sender: client56, message: > hello from client56"
16,1773961590.800891,1773961592.740109,1.9392180442810059,success
"sender: client56, message: > hello from client56"
17,1773961599.157038,1773961600.252397,1.0953590869903564,success
"sender: client56, message: > hello from client56"
18,1773961605.8399518,1773961607.7828438,1.942892074584961,success
"sender: client56, message: > hello from client56"
19,1773961613.328,1773961615.279066,1.951066017150879,success
"sender: client56, message: > hello from client56"
20,1773961620.95372,1773961622.819731,1.8660109043121338,success
"sender: client56, message: > hello from client56"
21,1773961628.488323,1773961630.3154812,1.8271582126617432,success
"sender: client56, message: > hello from client56"
