round,send_time,recv_time,rtt,status
6,1773967832.5118809,1773967834.2522075,1.7403266429901123,success
7,1773967839.726484,1773967841.587621,1.8611369132995605,success
8,1773967847.2204702,1773967848.8886466,1.6681764125823975,success
9,1773967854.0911713,1773967856.239634,2.1484627723693848,success
"sender: client332, message: > hello from client332"
10,1773967861.6014097,1773967863.5670414,1.9656317234039307,success
11,1773967868.7957091,1773967870.9164507,2.120741605758667,success
"sender: client332, message: > hello from client332"
12,1773967876.2362099,1773967878.301234,2.0650241374969482,success
"sender: client332, message: > hello from client332"
13,1773967883.6577804,1773967885.6663878,2.0086073875427246,success
"sender: client332, message: > hello from client332"
14,1773967890.9768891,1773967893.0076,2.0307109355926514,success
"sender: client332, message: > hello from client332"
15,1773967898.2545862,1773967900.4961398,2.241553544998169,success
"sender: client332, message: > hello from client332"
16,1773967905.6045554,1773967907.6892838,2.084728479385376,success
"sender: client332, message: > hello from client332"
17,1773967912.9967918,1773967915.0853882,2.0885963439941406,success
18,1773967920.4010777,1773967922.441767,2.04068922996521,success
"sender: client332, message: > hello from client332"
19,1773967927.723772,1773967929.7657752,2.0420031547546387,success
"sender: client332, message: > hello from client332"
20,1773967935.0390413,1773967937.11748,2.0784387588500977,success
"sender: client332, message: > hello from client332"
