round,send_time,recv_time,rtt,status
7,1773967839.962384,1773967841.5809698,1.6185858249664307,success
8,1773967847.0846014,1773967848.9019287,1.8173272609710693,success
9,1773967854.4090266,1773967856.239458,1.8304314613342285,success
10,1773967861.6281352,1773967863.5737114,1.9455761909484863,success
"sender: client411, message: > hello from client411"
11,1773967868.9614239,1773967870.92658,1.965156078338623,success
12,1773967876.2251155,1773967878.3351893,2.1100738048553467,success
13,1773967883.64929,1773967885.9020908,2.252800703048706,success
"sender: client411, message: > hello from client411"
14,1773967890.9630334,1773967893.0206656,2.0576322078704834,success
"sender: client411, message: > hello from client411"
15,1773967898.3010833,1773967900.5670035,2.2659201622009277,success
"sender: client411, message: > hello from client411"
16,1773967905.677359,1773967907.7041202,2.026761054992676,success
17,1773967913.01464,1773967915.0639348,2.0492947101593018,success
"sender: client411, message: > hello from client411"
18,1773967920.398102,1773967922.6347191,2.236617088317871,success
"sender: client411, message: > hello from client411"
19,1773967927.597197,1773967929.7681954,2.1709983348846436,success
"sender: client411, message: > hello from client411"
20,1773967935.0886524,1773967937.1172879,2.0286355018615723,success
"sender: client411, message: > hello from client411"
