round,send_time,recv_time,rtt,status
3,1773967810.6356008,1773967812.5426815,1.9070806503295898,success
4,1773967817.9477742,1773967819.711408,1.7636337280273438,success
5,1773967825.0831814,1773967826.9526622,1.869480848312378,success
6,1773967832.3337953,1773967834.2554495,1.921654224395752,success
7,1773967839.9387596,1773967841.5894413,1.650681734085083,success
8,1773967847.149692,1773967848.8690126,1.71932053565979,success
9,1773967854.4973218,1773967856.2373147,1.7399928569793701,success
10,1773967861.533264,1773967863.5700862,2.0368223190307617,success
"sender: client114, message: > hello from client114"
11,1773967868.8766448,1773967870.9405067,2.063861846923828,success
"sender: client114, message: > hello from client114"
12,1773967876.2039409,1773967878.3322256,2.1282846927642822,success
13,1773967883.6217177,1773967885.6529257,2.031208038330078,success
"sender: client114, message: > hello from client114"
14,1773967890.9482849,1773967893.007327,2.05904221534729,success
15,1773967898.2634397,1773967900.3562522,2.0928125381469727,success
"sender: client114, message: > hello from client114"
16,1773967905.6702285,1773967907.6836286,2.013400077819824,success
17,1773967913.017315,1773967915.0673397,2.0500247478485107,success
"sender: client114, message: > hello from client114"
18,1773967920.356177,1773967922.4398055,2.0836284160614014,success
"sender: client114, message: > hello from client114"
19,1773967927.7056653,1773967929.7640612,2.0583958625793457,success
"sender: client114, message: > hello from client114"
20,1773967935.0771055,1773967937.104556,2.0274505615234375,success
"sender: client114, message: > hello from client114"
