round,send_time,recv_time,rtt,status
2,1773967803.4334989,1773967805.3694024,1.935903549194336,success
3,1773967810.6595285,1773967812.5442808,1.8847522735595703,success
4,1773967817.8514826,1773967819.7093413,1.857858657836914,success
5,1773967825.136444,1773967826.9714882,1.8350441455841064,success
6,1773967832.443001,1773967834.248927,1.8059260845184326,success
7,1773967839.7056053,1773967841.587166,1.8815608024597168,success
8,1773967847.222878,1773967848.8687453,1.6458673477172852,success
9,1773967854.5166538,1773967856.2636797,1.747025966644287,success
10,1773967861.6032133,1773967863.589694,1.986480712890625,success
11,1773967868.85469,1773967870.9258277,2.0711376667022705,success
12,1773967876.2011092,1773967878.2745538,2.0734446048736572,success
"sender: client111, message: > hello from client111"
13,1773967883.6610787,1773967885.6520238,1.9909451007843018,success
"sender: client111, message: > hello from client111"
14,1773967890.7049818,1773967893.0224743,2.3174924850463867,success
"sender: client111, message: > hello from client111"
15,1773967898.2006795,1773967900.3846624,2.1839828491210938,success
"sender: client111, message: > hello from client111"
16,1773967905.6127164,1773967907.6838946,2.0711781978607178,success
"sender: client111, message: > hello from client111"
17,1773967912.94636,1773967915.0887375,2.1423773765563965,success
"sender: client111, message: > hello from client111"
18,1773967920.1221824,1773967922.440424,2.318241596221924,success
19,1773967927.6346889,1773967929.7880604,2.153371572494507,success
20,1773967935.0772357,1773967937.1038942,2.026658535003662,success
"sender: client111, message: > hello from client111"
