round,send_time,recv_time,rtt,status
7,1773967839.7153895,1773967841.58547,1.8700804710388184,success
8,1773967847.0409317,1773967848.8856685,1.8447368144989014,success
9,1773967854.5103903,1773967856.3279276,1.8175373077392578,success
"sender: client449, message: > hello from client449"
10,1773967861.598154,1773967863.5865395,1.9883854389190674,success
11,1773967868.876898,1773967870.9912972,2.1143991947174072,success
12,1773967876.1902068,1773967878.3142688,2.1240620613098145,success
"sender: client449, message: > hello from client449"
13,1773967883.5923867,1773967885.662311,2.0699243545532227,success
"sender: client449, message: > hello from client449"
14,1773967890.8681643,1773967893.0994637,2.23129940032959,success
"sender: client449, message: > hello from client449"
15,1773967898.3158286,1773967900.4965389,2.1807103157043457,success
16,1773967905.5994184,1773967907.7046554,2.1052370071411133,success
17,1773967913.0433865,1773967915.079287,2.035900592803955,success
"sender: client449, message: > hello from client449"
18,1773967920.4016504,1773967922.440693,2.0390424728393555,success
"sender: client449, message: > hello from client449"
19,1773967927.7050233,1773967929.775267,2.0702435970306396,success
"sender: client449, message: > hello from client449"
20,1773967934.9915016,1773967937.1123397,2.120838165283203,success
