round,send_time,recv_time,rtt,status
4,1773967817.863518,1773967819.7187595,1.8552415370941162,success
5,1773967825.1268191,1773967826.9700346,1.8432154655456543,success
6,1773967832.4780033,1773967834.2547712,1.7767679691314697,success
7,1773967839.9279368,1773967841.5560567,1.628119945526123,success
8,1773967847.107941,1773967848.871031,1.7630901336669922,success
9,1773967854.0902455,1773967856.2237713,2.133525848388672,success
10,1773967861.668127,1773967863.5891495,1.9210224151611328,success
11,1773967868.929948,1773967870.989967,2.060019016265869,success
12,1773967876.2166371,1773967878.2607188,2.044081687927246,success
"sender: client207, message: > hello from client207"
13,1773967883.634034,1773967885.6761594,2.0421254634857178,success
14,1773967890.8871455,1773967893.019833,2.132687568664551,success
15,1773967898.2794566,1773967900.35456,2.075103282928467,success
16,1773967905.6805892,1773967907.6851573,2.004568099975586,success
17,1773967913.0438876,1773967915.062393,2.018505334854126,success
"sender: client207, message: > hello from client207"
18,1773967920.3935196,1773967922.4300625,2.0365428924560547,success
"sender: client207, message: > hello from client207"
19,1773967927.7718108,1773967929.780715,2.008904218673706,success
"sender: client207, message: > hello from client207"
20,1773967935.0467298,1773967937.1319802,2.0852503776550293,success
"sender: client207, message: > hello from client207"
