round,send_time,recv_time,rtt,status
6,1773967832.511709,1773967834.2510285,1.7393195629119873,success
7,1773967839.8148153,1773967841.5903335,1.7755181789398193,success
8,1773967847.191106,1773967848.8980567,1.7069506645202637,success
9,1773967854.4113212,1773967856.2456758,1.8343546390533447,success
10,1773967861.637019,1773967863.589843,1.9528241157531738,success
11,1773967868.9323487,1773967870.9329371,2.0005884170532227,success
"sender: client351, message: > hello from client351"
12,1773967876.2271698,1773967878.3278055,2.1006357669830322,success
"sender: client351, message: > hello from client351"
13,1773967883.5817647,1773967885.6604762,2.07871150970459,success
"sender: client351, message: > hello from client351"
14,1773967890.8862836,1773967893.0184157,2.132132053375244,success
"sender: client351, message: > hello from client351"
15,1773967898.2819335,1773967900.4965284,2.214594841003418,success
"sender: client351, message: > hello from client351"
16,1773967905.5634873,1773967907.7040231,2.140535831451416,success
17,1773967912.9543855,1773967915.0635026,2.109117031097412,success
"sender: client351, message: > hello from client351"
18,1773967920.3553786,1773967922.436604,2.0812253952026367,success
"sender: client351, message: > hello from client351"
19,1773967927.6633022,1773967929.752906,2.089603900909424,success
"sender: client351, message: > hello from client351"
20,1773967935.0941982,1773967937.1181612,2.02396297454834,success
"sender: client351, message: > hello from client351"
