round,send_time,recv_time,rtt,status
3,1773967810.6258118,1773967812.5376008,1.9117889404296875,success
4,1773967817.8591025,1773967819.723414,1.8643114566802979,success
5,1773967825.1671686,1773967826.9525042,1.7853355407714844,success
6,1773967832.4313574,1773967834.2606146,1.8292572498321533,success
7,1773967839.7993677,1773967841.57626,1.7768924236297607,success
8,1773967847.2003782,1773967848.869,1.6686217784881592,success
9,1773967854.4282463,1773967856.2571955,1.828949213027954,success
10,1773967861.6035619,1773967863.5676923,1.9641304016113281,success
"sender: client112, message: > hello from client112"
11,1773967868.9507594,1773967870.9154956,1.9647362232208252,success
"sender: client112, message: > hello from client112"
12,1773967876.229394,1773967878.3277872,2.098393201828003,success
"sender: client112, message: > hello from client112"
13,1773967883.664015,1773967885.6584768,1.9944617748260498,success
"sender: client112, message: > hello from client112"
14,1773967890.97404,1773967893.0182884,2.044248342514038,success
"sender: client112, message: > hello from client112"
15,1773967898.3154852,1773967900.3457518,2.030266523361206,success
"sender: client112, message: > hello from client112"
16,1773967905.6024873,1773967907.6841118,2.0816245079040527,success
"sender: client112, message: > hello from client112"
17,1773967913.0482683,1773967915.0319867,1.9837183952331543,success
"sender: client112, message: > hello from client112"
18,1773967920.3906147,1773967922.437587,2.0469722747802734,success
"sender: client112, message: > hello from client112"
19,1773967927.7272687,1773967929.7498162,2.022547483444214,success
"sender: client112, message: > hello from client112"
20,1773967935.037278,1773967937.102039,2.064761161804199,success
"sender: client112, message: > hello from client112"
