round,send_time,recv_time,rtt,status
4,1773967817.9449575,1773967819.7238457,1.77888822555542,success
5,1773967825.1079173,1773967826.9539065,1.8459892272949219,success
6,1773967832.4991624,1773967834.248966,1.7498035430908203,success
7,1773967839.9140332,1773967841.5629153,1.6488821506500244,success
8,1773967847.1461651,1773967848.8719053,1.7257401943206787,success
9,1773967854.5139897,1773967856.222919,1.7089293003082275,success
"sender: client187, message: > hello from client187"
10,1773967861.5299866,1773967863.5969205,2.0669338703155518,success
11,1773967868.9476006,1773967870.9332116,1.9856109619140625,success
12,1773967876.2460759,1773967878.3358924,2.0898165702819824,success
13,1773967883.644809,1773967885.6547928,2.009983777999878,success
14,1773967890.8821785,1773967893.0181727,2.1359941959381104,success
"sender: client187, message: > hello from client187"
15,1773967898.2983325,1773967900.3554583,2.0571258068084717,success
"sender: client187, message: > hello from client187"
16,1773967905.6363058,1773967907.6848722,2.0485663414001465,success
"sender: client187, message: > hello from client187"
17,1773967913.0141814,1773967915.070713,2.0565316677093506,success
"sender: client187, message: > hello from client187"
18,1773967920.4235067,1773967922.4123125,1.9888057708740234,success
"sender: client187, message: > hello from client187"
19,1773967927.7711794,1773967929.7880116,2.016832113265991,success
20,1773967934.9603455,1773967937.1050625,2.14471697807312,success
"sender: client187, message: > hello from client187"
