round,send_time,recv_time,rtt,status
9,1773961538.301759,1773961540.116905,1.8151459693908691,success
10,1773961545.7915678,1773961547.772563,1.9809951782226562,success
11,1773961553.644823,1773961555.199937,1.5551140308380127,success
12,1773961560.886722,1773961562.7127192,1.8259971141815186,success
"sender: client466, message: > hello from client466"
13,1773961568.3196611,1773961570.222701,1.9030399322509766,success
"sender: client466, message: > hello from client466"
14,1773961576.027859,1773961577.792514,1.7646551132202148,success
"sender: client466, message: > hello from client466"
15,1773961583.5891578,1773961585.305705,1.7165472507476807,success
"sender: client466, message: > hello from client466"
16,1773961590.7714539,1773961592.805223,2.033769130706787,success
"sender: client466, message: > hello from client466"
17,1773961598.8693361,1773961600.368714,1.499377965927124,success
"sender: client466, message: > hello from client466"
18,1773961606.430449,1773961607.850059,1.4196100234985352,success
19,1773961614.034556,1773961615.4433222,1.408766269683838,success
"sender: client466, message: > hello from client466"
20,1773961620.7541409,1773961622.896682,2.1425411701202393,success
"sender: client466, message: > hello from client466"
21,1773961628.6124558,1773961630.3897212,1.7772653102874756,success
