round,send_time,recv_time,rtt,status
4,1773967817.8391142,1773967819.7129014,1.8737871646881104,success
5,1773967825.0274422,1773967826.9732888,1.9458465576171875,success
6,1773967832.4143047,1773967834.2517226,1.8374178409576416,success
7,1773967839.9002812,1773967841.5797844,1.6795032024383545,success
8,1773967847.0015721,1773967848.889648,1.888075828552246,success
9,1773967854.1008089,1773967856.2573595,2.156550645828247,success
10,1773967861.6150732,1773967863.5995,1.984426736831665,success
11,1773967868.9845326,1773967870.918829,1.9342963695526123,success
"sender: client239, message: > hello from client239"
12,1773967876.1608307,1773967878.2798626,2.1190319061279297,success
"sender: client239, message: > hello from client239"
13,1773967883.6152768,1773967885.6686637,2.053386926651001,success
"sender: client239, message: > hello from client239"
14,1773967890.9545157,1773967892.9838908,2.0293750762939453,success
"sender: client239, message: > hello from client239"
15,1773967898.3234596,1773967900.3544474,2.0309877395629883,success
"sender: client239, message: > hello from client239"
16,1773967905.6637428,1773967907.7086177,2.044874906539917,success
17,1773967913.013643,1773967915.0698848,2.056241750717163,success
18,1773967920.3912935,1773967922.4388072,2.047513723373413,success
19,1773967927.7534955,1773967929.7622633,2.00876784324646,success
"sender: client239, message: > hello from client239"
20,1773967934.9455342,1773967937.1057959,2.160261631011963,success
"sender: client239, message: > hello from client239"
