round,send_time,recv_time,rtt,status
4,1773961500.901658,1773961502.817278,1.9156198501586914,success
5,1773961508.401047,1773961510.144893,1.7438459396362305,success
6,1773961515.827344,1773961517.521298,1.6939539909362793,success
7,1773961523.3249002,1773961524.977825,1.6529247760772705,success
8,1773961531.290702,1773961532.4943528,1.203650712966919,success
9,1773961538.941827,1773961540.134059,1.1922318935394287,success
10,1773961546.517283,1773961547.842463,1.3251800537109375,success
11,1773961554.071989,1773961555.155991,1.0840020179748535,success
12,1773961560.7269251,1773961562.652724,1.9257988929748535,success
"sender: client165, message: > hello from client165"
13,1773961568.38582,1773961570.163966,1.7781460285186768,success
"sender: client165, message: > hello from client165"
14,1773961576.011596,1773961577.72403,1.7124340534210205,success
"sender: client165, message: > hello from client165"
15,1773961583.576141,1773961585.243011,1.666869878768921,success
16,1773961590.786942,1773961592.7570188,1.9700767993927002,success
"sender: client165, message: > hello from client165"
17,1773961598.803693,1773961600.378836,1.5751428604125977,success
"sender: client165, message: > hello from client165"
18,1773961605.887316,1773961607.8003619,1.913045883178711,success
"sender: client165, message: > hello from client165"
19,1773961613.5133052,1773961615.300361,1.7870557308197021,success
"sender: client165, message: > hello from client165"
20,1773961621.051308,1773961622.839402,1.7880940437316895,success
"sender: client165, message: > hello from client165"
21,1773961628.613287,1773961630.336443,1.7231559753417969,success
"sender: client165, message: > hello from client165"
