round,send_time,recv_time,rtt,status
5,1773961508.394049,1773961510.160138,1.7660889625549316,success
6,1773961515.862184,1773961517.535481,1.6732969284057617,success
7,1773961523.270325,1773961524.99005,1.7197251319885254,success
8,1773961531.236725,1773961532.516253,1.2795279026031494,success
9,1773961538.285034,1773961540.12187,1.8368360996246338,success
10,1773961545.5776799,1773961547.831848,2.2541680335998535,success
11,1773961553.3274062,1773961555.1704268,1.8430206775665283,success
12,1773961560.974367,1773961562.665458,1.6910910606384277,success
"sender: client229, message: > hello from client229"
13,1773961568.5627441,1773961570.180801,1.6180567741394043,success
14,1773961576.005424,1773961577.743488,1.7380640506744385,success
"sender: client229, message: > hello from client229"
15,1773961583.4962392,1773961585.2578292,1.7615900039672852,success
"sender: client229, message: > hello from client229"
16,1773961590.874423,1773961592.7648158,1.890392780303955,success
"sender: client229, message: > hello from client229"
17,1773961599.171963,1773961600.353461,1.1814980506896973,success
18,1773961605.6785789,1773961607.810048,2.131469249725342,success
19,1773961613.506149,1773961615.3147688,1.808619737625122,success
"sender: client229, message: > hello from client229"
20,1773961621.182506,1773961622.851129,1.6686229705810547,success
"sender: client229, message: > hello from client229"
21,1773961628.3453991,1773961630.351052,2.005652904510498,success
"sender: client229, message: > hello from client229"
