round,send_time,recv_time,rtt,status
7,1773961523.504873,1773961525.012961,1.5080878734588623,success
8,1773961531.06845,1773961532.603067,1.5346169471740723,success
9,1773961538.8257651,1773961540.1108549,1.2850897312164307,success
10,1773961546.246472,1773961547.803612,1.5571401119232178,success
11,1773961554.0727198,1773961555.183848,1.1111280918121338,success
12,1773961560.626739,1773961562.688829,2.0620899200439453,success
13,1773961568.386983,1773961570.1987588,1.8117759227752686,success
"sender: client342, message: > hello from client342"
14,1773961575.841077,1773961577.753514,1.9124369621276855,success
"sender: client342, message: > hello from client342"
15,1773961583.576118,1773961585.2763252,1.700207233428955,success
"sender: client342, message: > hello from client342"
16,1773961590.725198,1773961592.777807,2.0526089668273926,success
"sender: client342, message: > hello from client342"
17,1773961599.062185,1773961600.3670442,1.3048591613769531,success
"sender: client342, message: > hello from client342"
18,1773961606.411393,1773961607.8293152,1.4179222583770752,success
"sender: client342, message: > hello from client342"
19,1773961613.496734,1773961615.338125,1.8413910865783691,success
"sender: client342, message: > hello from client342"
20,1773961621.178175,1773961622.8724108,1.6942358016967773,success
"sender: client342, message: > hello from client342"
21,1773961628.536175,1773961630.368313,1.8321380615234375,success
"sender: client342, message: > hello from client342"
