round,send_time,recv_time,rtt,status
5,1773961508.376572,1773961510.1597319,1.7831599712371826,success
6,1773961515.900183,1773961517.533057,1.6328740119934082,success
7,1773961523.616718,1773961524.989818,1.3731000423431396,success
8,1773961530.9442198,1773961532.510572,1.566352128982544,success
9,1773961538.928088,1773961540.1394272,1.2113392353057861,success
10,1773961546.241749,1773961547.8094091,1.5676600933074951,success
11,1773961553.9687839,1773961555.166934,1.1981501579284668,success
12,1773961561.018102,1773961562.664182,1.6460800170898438,success
"sender: client216, message: > hello from client216"
13,1773961568.50703,1773961570.183285,1.6762549877166748,success
"sender: client216, message: > hello from client216"
14,1773961576.1395159,1773961577.7259,1.5863840579986572,success
"sender: client216, message: > hello from client216"
15,1773961583.372523,1773961585.257292,1.8847689628601074,success
"sender: client216, message: > hello from client216"
16,1773961590.934446,1773961592.7557042,1.8212580680847168,success
17,1773961599.143733,1773961600.341739,1.1980059146881104,success
"sender: client216, message: > hello from client216"
18,1773961605.699716,1773961607.809493,2.1097769737243652,success
"sender: client216, message: > hello from client216"
19,1773961613.5071418,1773961615.3112488,1.8041069507598877,success
"sender: client216, message: > hello from client216"
20,1773961621.201014,1773961622.850881,1.649867057800293,success
"sender: client216, message: > hello from client216"
21,1773961628.437013,1773961630.343256,1.906243085861206,success
