round,send_time,recv_time,rtt,status
8,1773967847.1047354,1773967848.900761,1.7960255146026611,success
9,1773967854.0551722,1773967856.2429483,2.1877760887145996,success
"sender: client499, message: > hello from client499"
10,1773967861.6750712,1773967863.593172,1.9181008338928223,success
11,1773967868.960949,1773967870.9905548,2.0296058654785156,success
12,1773967876.2395759,1773967878.2820535,2.042477607727051,success
"sender: client499, message: > hello from client499"
13,1773967883.5113456,1773967885.7656314,2.2542858123779297,success
"sender: client499, message: > hello from client499"
14,1773967890.9076536,1773967893.0072904,2.0996367931365967,success
"sender: client499, message: > hello from client499"
15,1773967898.2726521,1773967900.381185,2.1085329055786133,success
"sender: client499, message: > hello from client499"
16,1773967905.6576183,1773967907.7086506,2.051032304763794,success
17,1773967913.054776,1773967915.1666265,2.1118505001068115,success
18,1773967920.405287,1773967922.4377205,2.03243350982666,success
"sender: client499, message: > hello from client499"
19,1773967927.7413216,1773967929.7612057,2.0198841094970703,success
"sender: client499, message: > hello from client499"
20,1773967934.909886,1773967937.2147653,2.3048794269561768,success
"sender: client499, message: > hello from client499"
