round,send_time,recv_time,rtt,status
4,1773967817.9476964,1773967819.7213397,1.7736432552337646,success
5,1773967825.1723974,1773967826.9839733,1.8115758895874023,success
6,1773967832.4501517,1773967834.2547512,1.8045995235443115,success
7,1773967839.8955202,1773967841.585553,1.690032720565796,success
8,1773967847.0502331,1773967848.8955865,1.845353364944458,success
9,1773967854.3855689,1773967856.2243538,1.83878493309021,success
"sender: client218, message: > hello from client218"
10,1773967861.5982528,1773967863.5803416,1.9820888042449951,success
"sender: client218, message: > hello from client218"
11,1773967868.9711616,1773967870.9582343,1.9870727062225342,success
"sender: client218, message: > hello from client218"
12,1773967876.159368,1773967878.2848644,2.1254963874816895,success
13,1773967883.5110824,1773967885.6555834,2.144500970840454,success
"sender: client218, message: > hello from client218"
14,1773967890.9698365,1773967893.0083394,2.0385029315948486,success
"sender: client218, message: > hello from client218"
15,1773967898.2987218,1773967900.3793452,2.0806233882904053,success
"sender: client218, message: > hello from client218"
16,1773967905.5745358,1773967907.6855376,2.11100172996521,success
"sender: client218, message: > hello from client218"
17,1773967912.9575102,1773967915.086556,2.1290457248687744,success
"sender: client218, message: > hello from client218"
18,1773967920.4089277,1773967922.4441106,2.0351829528808594,success
19,1773967927.7231333,1773967929.7810988,2.0579655170440674,success
20,1773967935.0265749,1773967937.1207826,2.094207763671875,success
"sender: client218, message: > hello from client218"
