round,send_time,recv_time,rtt,status
2,1773967803.427114,1773967805.3678455,1.9407315254211426,success
3,1773967810.651024,1773967812.534559,1.8835349082946777,success
4,1773967817.9418795,1773967819.7079394,1.7660598754882812,success
5,1773967825.1171086,1773967826.9690413,1.8519327640533447,success
6,1773967832.3738077,1773967834.2341511,1.8603434562683105,success
7,1773967839.853691,1773967841.5846152,1.730924129486084,success
8,1773967847.0352736,1773967848.8838065,1.8485329151153564,success
9,1773967854.1079047,1773967856.2165744,2.1086697578430176,success
10,1773967861.6115308,1773967863.5624607,1.950929880142212,success
"sender: client77, message: > hello from client77"
11,1773967868.9428213,1773967870.9257956,1.9829742908477783,success
"sender: client77, message: > hello from client77"
12,1773967876.1750042,1773967878.2826958,2.107691526412964,success
"sender: client77, message: > hello from client77"
13,1773967883.5696,1773967885.6577744,2.088174343109131,success
"sender: client77, message: > hello from client77"
14,1773967890.9788327,1773967892.980517,2.0016841888427734,success
"sender: client77, message: > hello from client77"
15,1773967898.2641723,1773967900.3832116,2.119039297103882,success
"sender: client77, message: > hello from client77"
16,1773967905.5906935,1773967907.7036278,2.1129343509674072,success
"sender: client77, message: > hello from client77"
17,1773967913.0268004,1773967915.0306368,2.0038363933563232,success
"sender: client77, message: > hello from client77"
18,1773967920.3651822,1773967922.4208949,2.0557126998901367,success
"sender: client77, message: > hello from client77"
19,1773967927.6514084,1773967929.7871165,2.1357080936431885,success
20,1773967935.0283573,1773967937.1019423,2.073585033416748,success
