round,send_time,recv_time,rtt,status
3,1773967810.5946698,1773967812.5414824,1.946812629699707,success
4,1773967817.8004296,1773967819.7085721,1.9081425666809082,success
5,1773967825.1732035,1773967826.9862685,1.8130650520324707,success
6,1773967832.4462054,1773967834.2532902,1.8070847988128662,success
7,1773967839.9810503,1773967841.579611,1.5985608100891113,success
8,1773967847.073934,1773967848.8960555,1.8221213817596436,success
9,1773967854.4911366,1773967856.258873,1.7677364349365234,success
10,1773967861.634617,1773967863.5679204,1.9333033561706543,success
"sender: client122, message: > hello from client122"
11,1773967868.9654155,1773967870.9911845,2.025768995285034,success
12,1773967876.2331848,1773967878.271131,2.0379462242126465,success
13,1773967883.6504831,1773967885.6525636,2.0020804405212402,success
"sender: client122, message: > hello from client122"
14,1773967890.9392505,1773967892.9815881,2.042337656021118,success
"sender: client122, message: > hello from client122"
15,1773967898.2865236,1773967900.3462603,2.059736728668213,success
"sender: client122, message: > hello from client122"
16,1773967905.6355119,1773967907.7034621,2.0679502487182617,success
"sender: client122, message: > hello from client122"
17,1773967913.047497,1773967915.0547614,2.0072643756866455,success
"sender: client122, message: > hello from client122"
18,1773967920.4215536,1773967922.440786,2.0192322731018066,success
19,1773967927.725182,1773967929.7880917,2.0629096031188965,success
20,1773967934.9751208,1773967937.103846,2.128725290298462,success
"sender: client122, message: > hello from client122"
