round,send_time,recv_time,rtt,status
7,1773967839.9813588,1773967841.6639569,1.6825981140136719,success
8,1773967847.1135807,1773967848.8885787,1.7749979496002197,success
9,1773967854.0646198,1773967856.224915,2.160295248031616,success
10,1773967861.606671,1773967863.5889668,1.9822957515716553,success
"sender: client409, message: > hello from client409"
11,1773967868.9548995,1773967870.9386816,1.9837820529937744,success
12,1773967876.1983857,1773967878.331015,2.13262939453125,success
13,1773967883.5884368,1773967885.6671238,2.0786869525909424,success
"sender: client409, message: > hello from client409"
14,1773967890.9597657,1773967892.9873216,2.0275559425354004,success
"sender: client409, message: > hello from client409"
15,1773967898.2568016,1773967900.4853668,2.228565216064453,success
"sender: client409, message: > hello from client409"
16,1773967905.5778086,1773967907.701497,2.1236884593963623,success
17,1773967913.0157118,1773967915.0639837,2.048271894454956,success
"sender: client409, message: > hello from client409"
18,1773967920.3326943,1773967922.6346896,2.301995277404785,success
"sender: client409, message: > hello from client409"
19,1773967927.7028618,1773967929.781323,2.078461170196533,success
"sender: client409, message: > hello from client409"
20,1773967935.0877852,1773967937.3366587,2.248873472213745,success
"sender: client409, message: > hello from client409"
