round,send_time,recv_time,rtt,status
6,1773961515.976417,1773961517.548626,1.5722088813781738,success
7,1773961523.469186,1773961525.008806,1.5396199226379395,success
8,1773961531.162768,1773961532.6088881,1.446120262145996,success
9,1773961538.608445,1773961540.130636,1.522191047668457,success
10,1773961546.394625,1773961547.807201,1.4125759601593018,success
11,1773961554.0115058,1773961555.173087,1.161581039428711,success
12,1773961560.701099,1773961562.681449,1.9803500175476074,success
"sender: client299, message: > hello from client299"
13,1773961568.2468019,1773961570.19231,1.9455082416534424,success
14,1773961575.580279,1773961577.781543,2.201263904571533,success
"sender: client299, message: > hello from client299"
15,1773961583.299652,1773961585.267508,1.9678559303283691,success
16,1773961590.8416572,1773961592.772696,1.9310388565063477,success
"sender: client299, message: > hello from client299"
17,1773961598.8560882,1773961600.3747041,1.518615961074829,success
"sender: client299, message: > hello from client299"
18,1773961606.192887,1773961607.818609,1.6257219314575195,success
"sender: client299, message: > hello from client299"
19,1773961613.586486,1773961615.329443,1.7429568767547607,success
20,1773961621.187837,1773961622.863134,1.6752970218658447,success
21,1773961628.652166,1773961630.3587682,1.7066023349761963,success
"sender: client299, message: > hello from client299"
