round,send_time,recv_time,rtt,status
4,1773967817.6431634,1773967819.7146604,2.0714969635009766,success
5,1773967825.135056,1773967826.9787247,1.8436686992645264,success
6,1773967832.456868,1773967834.2548995,1.7980315685272217,success
7,1773967839.7667725,1773967841.5804608,1.8136882781982422,success
8,1773967847.195458,1773967848.8701644,1.6747064590454102,success
9,1773967854.490306,1773967856.22333,1.7330241203308105,success
"sender: client199, message: > hello from client199"
10,1773967861.5249782,1773967863.579165,2.0541868209838867,success
11,1773967868.9264736,1773967870.9386282,2.0121545791625977,success
"sender: client199, message: > hello from client199"
12,1773967876.2275183,1773967878.263808,2.036289691925049,success
"sender: client199, message: > hello from client199"
13,1773967883.6666813,1773967885.6549764,1.988295078277588,success
"sender: client199, message: > hello from client199"
14,1773967890.9387088,1773967892.9831038,2.0443949699401855,success
"sender: client199, message: > hello from client199"
15,1773967898.2472036,1773967900.3796468,2.1324431896209717,success
16,1773967905.5867536,1773967907.709743,2.1229894161224365,success
17,1773967913.0482748,1773967915.0625458,2.0142710208892822,success
"sender: client199, message: > hello from client199"
18,1773967920.4239984,1773967922.416165,1.9921667575836182,success
"sender: client199, message: > hello from client199"
19,1773967927.6623573,1773967929.756624,2.094266653060913,success
"sender: client199, message: > hello from client199"
20,1773967934.998015,1773967937.1205447,2.1225297451019287,success
