round,send_time,recv_time,rtt,status
7,1773967839.943012,1773967841.8003523,1.8573403358459473,success
8,1773967847.2314332,1773967848.8890188,1.657585620880127,success
9,1773967854.5240986,1773967856.2326558,1.70855712890625,success
10,1773967861.631533,1773967863.588317,1.9567840099334717,success
"sender: client438, message: > hello from client438"
11,1773967868.965368,1773967870.9249687,1.9596006870269775,success
"sender: client438, message: > hello from client438"
12,1773967876.188589,1773967878.282645,2.0940558910369873,success
"sender: client438, message: > hello from client438"
13,1773967883.650349,1773967885.662019,2.0116701126098633,success
"sender: client438, message: > hello from client438"
14,1773967890.9684894,1773967893.2139666,2.2454771995544434,success
15,1773967898.3227181,1773967900.5707622,2.248044013977051,success
"sender: client438, message: > hello from client438"
16,1773967905.679425,1773967907.7091026,2.029677629470825,success
17,1773967913.0279284,1773967915.088772,2.0608437061309814,success
"sender: client438, message: > hello from client438"
18,1773967920.4169574,1773967922.6359015,2.2189440727233887,success
"sender: client438, message: > hello from client438"
19,1773967927.6937435,1773967929.7867956,2.0930521488189697,success
20,1773967934.9786358,1773967937.1118386,2.1332027912139893,success
"sender: client438, message: > hello from client438"
