round,send_time,recv_time,rtt,status
5,1773967825.064466,1773967826.9573498,1.8928837776184082,success
6,1773967832.424758,1773967834.2386534,1.8138954639434814,success
7,1773967839.7913375,1773967841.5675123,1.776174783706665,success
8,1773967847.1625576,1773967848.8876593,1.7251017093658447,success
9,1773967854.073083,1773967856.2226381,2.149555206298828,success
10,1773967861.6106074,1773967863.5670722,1.9564647674560547,success
"sender: client304, message: > hello from client304"
11,1773967868.845014,1773967870.9261882,2.08117413520813,success
12,1773967876.2320495,1773967878.2636719,2.0316224098205566,success
"sender: client304, message: > hello from client304"
13,1773967883.6595826,1773967885.6573536,1.9977710247039795,success
14,1773967890.980976,1773967892.985673,2.004696846008301,success
"sender: client304, message: > hello from client304"
15,1773967898.3203366,1773967900.3817074,2.061370849609375,success
"sender: client304, message: > hello from client304"
16,1773967905.5626686,1773967907.7001436,2.13747501373291,success
17,1773967913.056473,1773967915.0629842,2.0065112113952637,success
"sender: client304, message: > hello from client304"
18,1773967920.3872845,1773967922.4421542,2.0548696517944336,success
19,1773967927.7657073,1773967929.756573,1.990865707397461,success
20,1773967935.0557704,1773967937.1168597,2.061089277267456,success
"sender: client304, message: > hello from client304"
