round,send_time,recv_time,rtt,status
6,1773961515.706879,1773961517.551548,1.8446691036224365,success
7,1773961523.465009,1773961525.009413,1.5444040298461914,success
8,1773961530.821472,1773961532.6024861,1.7810142040252686,success
9,1773961538.7113228,1773961540.131019,1.41969633102417,success
10,1773961546.482198,1773961547.806036,1.3238379955291748,success
11,1773961554.05802,1773961555.178336,1.1203157901763916,success
12,1773961560.552202,1773961562.682535,2.1303329467773438,success
"sender: client321, message: > hello from client321"
13,1773961568.7286668,1773961570.1923368,1.463670015335083,success
14,1773961576.0013921,1773961577.743212,1.7418198585510254,success
"sender: client321, message: > hello from client321"
15,1773961583.479554,1773961585.273438,1.793884038925171,success
16,1773961590.738569,1773961592.777078,2.038508892059326,success
17,1773961599.162045,1773961600.371079,1.2090339660644531,success
18,1773961606.429632,1773961607.821981,1.3923490047454834,success
"sender: client321, message: > hello from client321"
19,1773961613.389902,1773961615.332958,1.9430558681488037,success
"sender: client321, message: > hello from client321"
20,1773961620.7748759,1773961622.867758,2.0928821563720703,success
"sender: client321, message: > hello from client321"
21,1773961628.375448,1773961630.3640902,1.9886422157287598,success
"sender: client321, message: > hello from client321"
