round,send_time,recv_time,rtt,status
3,1773961493.574944,1773961495.575365,2.0004210472106934,success
4,1773961500.986258,1773961502.80827,1.822011947631836,success
5,1773961508.339765,1773961510.136766,1.7970008850097656,success
6,1773961515.816789,1773961517.507741,1.6909520626068115,success
7,1773961523.551168,1773961524.9722612,1.421093225479126,success
8,1773961531.2263439,1773961532.485769,1.259425163269043,success
9,1773961538.9646568,1773961540.1068811,1.1422243118286133,success
10,1773961546.2771578,1773961547.7593029,1.482145071029663,success
11,1773961553.257112,1773961555.150316,1.8932039737701416,success
12,1773961560.694168,1773961562.643213,1.949044942855835,success
13,1773961568.33344,1773961570.156634,1.8231940269470215,success
"sender: client118, message: > hello from client118"
14,1773961575.850819,1773961577.709732,1.8589129447937012,success
"sender: client118, message: > hello from client118"
15,1773961583.40661,1773961585.232314,1.8257040977478027,success
"sender: client118, message: > hello from client118"
16,1773961591.0269299,1773961592.742901,1.7159712314605713,success
17,1773961598.980863,1773961600.383709,1.402845859527588,success
"sender: client118, message: > hello from client118"
18,1773961605.662003,1773961607.794697,2.1326940059661865,success
19,1773961613.619671,1773961615.290478,1.670806884765625,success
"sender: client118, message: > hello from client118"
20,1773961621.317083,1773961622.837548,1.5204651355743408,success
"sender: client118, message: > hello from client118"
21,1773961628.325189,1773961630.3302112,2.0050220489501953,success
"sender: client118, message: > hello from client118"
