round,send_time,recv_time,rtt,status
5,1773961508.410181,1773961510.1598861,1.7497050762176514,success
6,1773961515.972089,1773961517.5331461,1.5610570907592773,success
7,1773961523.575567,1773961524.989748,1.4141809940338135,success
8,1773961531.117142,1773961532.510637,1.3934950828552246,success
9,1773961538.67032,1773961540.147038,1.4767179489135742,success
10,1773961545.916727,1773961547.8038201,1.8870930671691895,success
11,1773961553.2455401,1773961555.153781,1.908240795135498,success
12,1773961560.7885,1773961562.665233,1.8767328262329102,success
"sender: client225, message: > hello from client225"
13,1773961568.719829,1773961570.180771,1.460942029953003,success
"sender: client225, message: > hello from client225"
14,1773961575.638077,1773961577.731745,2.093667984008789,success
"sender: client225, message: > hello from client225"
15,1773961583.269183,1773961585.257726,1.9885430335998535,success
"sender: client225, message: > hello from client225"
16,1773961590.714834,1773961592.75827,2.043436050415039,success
"sender: client225, message: > hello from client225"
17,1773961599.057204,1773961600.375344,1.3181400299072266,success
"sender: client225, message: > hello from client225"
18,1773961605.677187,1773961607.81021,2.1330230236053467,success
"sender: client225, message: > hello from client225"
19,1773961613.521586,1773961615.314959,1.7933731079101562,success
"sender: client225, message: > hello from client225"
20,1773961621.153744,1773961622.850764,1.6970200538635254,success
"sender: client225, message: > hello from client225"
21,1773961628.579829,1773961630.343331,1.7635021209716797,success
"sender: client225, message: > hello from client225"
