round,send_time,recv_time,rtt,status
1,1773967796.2587862,1773967798.2631683,2.0043821334838867,success
2,1773967803.3996527,1773967805.3691812,1.9695284366607666,success
3,1773967810.6095169,1773967812.5387669,1.9292500019073486,success
4,1773967817.9286108,1773967819.7063828,1.7777719497680664,success
5,1773967825.143559,1773967826.9819896,1.838430643081665,success
6,1773967832.4872527,1773967834.2334304,1.7461776733398438,success
7,1773967839.9469147,1773967841.5893126,1.6423978805541992,success
8,1773967847.0295613,1773967848.8659046,1.8363432884216309,success
9,1773967854.365439,1773967856.23494,1.8695011138916016,success
10,1773967861.6227157,1773967863.5728202,1.9501044750213623,success
"sender: client44, message: > hello from client44"
11,1773967868.7593307,1773967870.9123912,2.1530604362487793,success
"sender: client44, message: > hello from client44"
12,1773967876.2568471,1773967878.2718422,2.0149950981140137,success
"sender: client44, message: > hello from client44"
13,1773967883.63776,1773967885.6504545,2.0126945972442627,success
"sender: client44, message: > hello from client44"
14,1773967890.971654,1773967892.9795291,2.0078752040863037,success
"sender: client44, message: > hello from client44"
15,1773967898.2794766,1773967900.3971083,2.117631673812866,success
"sender: client44, message: > hello from client44"
16,1773967905.6276255,1773967907.6825938,2.0549683570861816,success
"sender: client44, message: > hello from client44"
17,1773967912.974911,1773967915.0305486,2.0556375980377197,success
"sender: client44, message: > hello from client44"
18,1773967920.2969182,1773967922.4388416,2.141923427581787,success
19,1773967927.7509608,1773967929.748396,1.9974350929260254,success
"sender: client44, message: > hello from client44"
20,1773967935.0794687,1773967937.1100385,2.0305697917938232,success
"sender: client44, message: > hello from client44"
