round,send_time,recv_time,rtt,status
2,1773967803.4331813,1773967805.368621,1.9354398250579834,success
3,1773967810.6466174,1773967812.542644,1.896026611328125,success
4,1773967817.9214907,1773967819.7092602,1.7877695560455322,success
5,1773967825.1395996,1773967826.969296,1.8296964168548584,success
6,1773967832.4695632,1773967834.244557,1.774993658065796,success
7,1773967839.9500275,1773967841.584402,1.6343746185302734,success
8,1773967847.1321764,1773967848.8700464,1.7378699779510498,success
9,1773967854.1489022,1773967856.237411,2.0885088443756104,success
"sender: client107, message: > hello from client107"
10,1773967861.61268,1773967863.5674043,1.9547243118286133,success
"sender: client107, message: > hello from client107"
11,1773967868.9634762,1773967870.926819,1.9633429050445557,success
"sender: client107, message: > hello from client107"
12,1773967876.0466442,1773967878.3252482,2.278604030609131,success
"sender: client107, message: > hello from client107"
13,1773967883.6367807,1773967885.6583395,2.0215587615966797,success
14,1773967890.9661152,1773967892.981413,2.0152976512908936,success
"sender: client107, message: > hello from client107"
15,1773967898.2894557,1773967900.3476455,2.058189868927002,success
16,1773967905.671135,1773967907.7088802,2.037745237350464,success
17,1773967913.0514631,1773967915.0674155,2.0159523487091064,success
18,1773967920.3798006,1773967922.4390397,2.059239149093628,success
19,1773967927.740277,1773967929.790106,2.0498290061950684,success
20,1773967935.0202398,1773967937.10348,2.083240270614624,success
"sender: client107, message: > hello from client107"
