round,send_time,recv_time,rtt,status
2,1773967803.4365473,1773967805.3691766,1.9326293468475342,success
3,1773967810.5793135,1773967812.5349185,1.9556050300598145,success
4,1773967817.820003,1773967819.708091,1.8880879878997803,success
5,1773967825.0956187,1773967826.9520094,1.8563907146453857,success
6,1773967832.4970715,1773967834.2351952,1.7381236553192139,success
7,1773967839.7410998,1773967841.5855713,1.8444714546203613,success
8,1773967847.1631892,1773967848.8683434,1.7051541805267334,success
9,1773967854.3724904,1773967856.2381847,1.865694284439087,success
10,1773967861.6227443,1773967863.5646467,1.9419023990631104,success
"sender: client80, message: > hello from client80"
11,1773967868.925126,1773967870.9914436,2.066317558288574,success
12,1773967876.2260103,1773967878.2699986,2.0439882278442383,success
"sender: client80, message: > hello from client80"
13,1773967883.6338542,1773967885.651378,2.017523765563965,success
"sender: client80, message: > hello from client80"
14,1773967890.8885832,1773967892.9889724,2.100389242172241,success
"sender: client80, message: > hello from client80"
15,1773967898.2837884,1773967900.347915,2.064126491546631,success
16,1773967905.6208804,1773967907.683366,2.062485694885254,success
"sender: client80, message: > hello from client80"
17,1773967913.04614,1773967915.0310166,1.9848766326904297,success
"sender: client80, message: > hello from client80"
18,1773967920.417875,1773967922.4248955,2.0070204734802246,success
"sender: client80, message: > hello from client80"
19,1773967927.7406883,1773967929.7831635,2.0424752235412598,success
20,1773967935.0293512,1773967937.1018534,2.0725021362304688,success
