round,send_time,recv_time,rtt,status
8,1773961531.096131,1773961532.6031759,1.507044792175293,success
9,1773961538.904494,1773961540.157024,1.2525298595428467,success
10,1773961546.3970401,1773961547.7553012,1.3582611083984375,success
11,1773961553.6121442,1773961555.195929,1.583784818649292,success
12,1773961560.583603,1773961562.701971,2.118368148803711,success
13,1773961568.351202,1773961570.215426,1.8642239570617676,success
"sender: client413, message: > hello from client413"
14,1773961575.945322,1773961577.783851,1.8385288715362549,success
"sender: client413, message: > hello from client413"
15,1773961583.433793,1773961585.291785,1.8579919338226318,success
"sender: client413, message: > hello from client413"
16,1773961591.085102,1773961592.790417,1.7053148746490479,success
"sender: client413, message: > hello from client413"
17,1773961599.167275,1773961600.376527,1.209252119064331,success
18,1773961605.773397,1773961607.841376,2.067979097366333,success
"sender: client413, message: > hello from client413"
19,1773961613.589128,1773961615.359018,1.7698900699615479,success
"sender: client413, message: > hello from client413"
20,1773961621.086952,1773961622.883828,1.7968759536743164,success
"sender: client413, message: > hello from client413"
21,1773961628.463649,1773961630.387948,1.9242990016937256,success
"sender: client413, message: > hello from client413"
