round,send_time,recv_time,rtt,status
1,1773967796.2626586,1773967798.2628355,2.0001769065856934,success
2,1773967803.415375,1773967805.368132,1.9527571201324463,success
3,1773967810.617124,1773967812.5305088,1.9133846759796143,success
4,1773967817.9377935,1773967819.7061,1.7683064937591553,success
5,1773967825.074351,1773967826.9870787,1.9127275943756104,success
6,1773967832.4876554,1773967834.2338238,1.7461683750152588,success
7,1773967839.807851,1773967841.5830336,1.7751824855804443,success
8,1773967847.090544,1773967848.8658063,1.7752623558044434,success
9,1773967854.073439,1773967856.2393086,2.16586971282959,success
10,1773967861.610457,1773967863.564543,1.9540860652923584,success
"sender: client28, message: > hello from client28"
11,1773967868.9413822,1773967870.9119103,1.9705281257629395,success
"sender: client28, message: > hello from client28"
12,1773967876.1786447,1773967878.3370404,2.158395767211914,success
13,1773967883.639758,1773967885.6497178,2.0099596977233887,success
"sender: client28, message: > hello from client28"
14,1773967890.9502268,1773967893.0207891,2.0705623626708984,success
"sender: client28, message: > hello from client28"
15,1773967898.242228,1773967900.3457885,2.103560447692871,success
"sender: client28, message: > hello from client28"
16,1773967905.6636734,1773967907.6934998,2.0298264026641846,success
"sender: client28, message: > hello from client28"
17,1773967912.983686,1773967915.056108,2.0724220275878906,success
"sender: client28, message: > hello from client28"
18,1773967920.3797438,1773967922.4154005,2.035656690597534,success
"sender: client28, message: > hello from client28"
19,1773967927.7570536,1773967929.7501779,1.99312424659729,success
"sender: client28, message: > hello from client28"
20,1773967934.9523227,1773967937.1111088,2.1587860584259033,success
"sender: client28, message: > hello from client28"
