round,send_time,recv_time,rtt,status
2,1773967803.414879,1773967805.3678718,1.9529926776885986,success
3,1773967810.6455455,1773967812.5384967,1.892951250076294,success
4,1773967817.7757564,1773967819.7213259,1.9455695152282715,success
5,1773967825.0465653,1773967826.9693494,1.9227840900421143,success
6,1773967832.280116,1773967834.2545042,1.9743881225585938,success
7,1773967839.7116673,1773967841.593548,1.881880760192871,success
8,1773967847.2004993,1773967848.8668754,1.6663761138916016,success
9,1773967854.5087242,1773967856.2662761,1.757551908493042,success
10,1773967861.5207047,1773967863.5686307,2.0479259490966797,success
"sender: client79, message: > hello from client79"
11,1773967868.9524784,1773967870.9902704,2.0377919673919678,success
12,1773967876.235434,1773967878.3283799,2.0929458141326904,success
"sender: client79, message: > hello from client79"
13,1773967883.6521695,1773967885.6578364,2.005666971206665,success
"sender: client79, message: > hello from client79"
14,1773967890.8924518,1773967892.980603,2.088151216506958,success
15,1773967898.186981,1773967900.3479562,2.160975217819214,success
"sender: client79, message: > hello from client79"
16,1773967905.6106842,1773967907.6829133,2.0722291469573975,success
"sender: client79, message: > hello from client79"
17,1773967913.0077367,1773967915.030735,2.022998332977295,success
"sender: client79, message: > hello from client79"
18,1773967920.4085207,1773967922.43594,2.027419328689575,success
"sender: client79, message: > hello from client79"
19,1773967927.6634998,1773967929.7488463,2.0853464603424072,success
"sender: client79, message: > hello from client79"
20,1773967935.0567873,1773967937.120338,2.0635507106781006,success
"sender: client79, message: > hello from client79"
