round,send_time,recv_time,rtt,status
6,1773961515.876842,1773961517.5411499,1.6643078327178955,success
7,1773961523.459094,1773961525.0047932,1.545699119567871,success
8,1773961531.1790662,1773961532.60127,1.422203779220581,success
9,1773961538.8249621,1773961540.134618,1.3096559047698975,success
10,1773961546.228485,1773961547.7703092,1.5418241024017334,success
11,1773961553.743961,1773961555.168946,1.4249849319458008,success
12,1773961560.9910002,1773961562.6726348,1.6816346645355225,success
"sender: client258, message: > hello from client258"
13,1773961568.5411708,1773961570.186083,1.6449122428894043,success
"sender: client258, message: > hello from client258"
14,1773961576.132326,1773961577.735646,1.6033201217651367,success
"sender: client258, message: > hello from client258"
15,1773961583.497281,1773961585.262418,1.765136957168579,success
"sender: client258, message: > hello from client258"
16,1773961590.750824,1773961592.769282,2.018458127975464,success
"sender: client258, message: > hello from client258"
17,1773961599.156201,1773961600.368448,1.2122471332550049,success
"sender: client258, message: > hello from client258"
18,1773961606.315895,1773961607.812219,1.496323823928833,success
"sender: client258, message: > hello from client258"
19,1773961613.511586,1773961615.320698,1.8091120719909668,success
"sender: client258, message: > hello from client258"
20,1773961621.154594,1773961622.8562272,1.7016332149505615,success
"sender: client258, message: > hello from client258"
21,1773961628.394662,1773961630.352452,1.9577901363372803,success
