round,send_time,recv_time,rtt,status
1,1773967796.2616353,1773967798.2637758,2.002140522003174,success
2,1773967803.3570256,1773967805.365921,2.0088953971862793,success
3,1773967810.6298442,1773967812.5297463,1.899902105331421,success
4,1773967817.931514,1773967819.7061157,1.774601697921753,success
5,1773967825.1048715,1773967826.983789,1.8789174556732178,success
6,1773967832.439878,1773967834.2335296,1.7936515808105469,success
7,1773967839.9701233,1773967841.5829787,1.6128554344177246,success
8,1773967847.172276,1773967848.8657424,1.6934664249420166,success
9,1773967854.449707,1773967856.2346673,1.7849602699279785,success
10,1773967861.6179655,1773967863.5726752,1.954709768295288,success
"sender: client32, message: > hello from client32"
11,1773967868.969528,1773967870.9252508,1.9557228088378906,success
12,1773967876.2317235,1773967878.3284473,2.096723794937134,success
"sender: client32, message: > hello from client32"
13,1773967883.663959,1773967885.6498733,1.9859142303466797,success
"sender: client32, message: > hello from client32"
14,1773967890.9679759,1773967893.0120387,2.044062852859497,success
"sender: client32, message: > hello from client32"
15,1773967898.3243773,1773967900.3736475,2.0492701530456543,success
16,1773967905.67552,1773967907.693751,2.018231153488159,success
"sender: client32, message: > hello from client32"
17,1773967913.0158086,1773967915.056005,2.040196418762207,success
"sender: client32, message: > hello from client32"
18,1773967920.2294106,1773967922.4109387,2.181528091430664,success
"sender: client32, message: > hello from client32"
19,1773967927.7436547,1773967929.748324,2.004669189453125,success
20,1773967935.038971,1773967937.101886,2.062915086746216,success
"sender: client32, message: > hello from client32"
