round,send_time,recv_time,rtt,status
5,1773961508.297131,1773961510.160154,1.863023042678833,success
6,1773961515.76123,1773961517.5326872,1.7714571952819824,success
7,1773961523.528199,1773961524.9901261,1.4619271755218506,success
8,1773961531.226354,1773961532.5158458,1.289491891860962,success
9,1773961538.6763892,1773961540.142967,1.4665777683258057,success
10,1773961545.7259479,1773961547.7626371,2.036689281463623,success
11,1773961553.322388,1773961555.153759,1.8313710689544678,success
12,1773961560.755491,1773961562.665051,1.909559965133667,success
"sender: client224, message: > hello from client224"
13,1773961568.5113559,1773961570.181481,1.6701250076293945,success
"sender: client224, message: > hello from client224"
14,1773961575.6769102,1773961577.73579,2.058879852294922,success
"sender: client224, message: > hello from client224"
15,1773961583.464778,1773961585.2578628,1.7930848598480225,success
"sender: client224, message: > hello from client224"
16,1773961590.806547,1773961592.76126,1.9547131061553955,success
"sender: client224, message: > hello from client224"
17,1773961599.049987,1773961600.341856,1.2918689250946045,success
"sender: client224, message: > hello from client224"
18,1773961605.775124,1773961607.8100421,2.0349180698394775,success
"sender: client224, message: > hello from client224"
19,1773961613.5983691,1773961615.3154318,1.7170627117156982,success
"sender: client224, message: > hello from client224"
20,1773961621.1302872,1773961622.852078,1.7217907905578613,success
"sender: client224, message: > hello from client224"
21,1773961628.375357,1773961630.3439,1.9685430526733398,success
"sender: client224, message: > hello from client224"
