round,send_time,recv_time,rtt,status
8,1773967847.1578376,1773967848.8839498,1.7261121273040771,success
9,1773967854.0915413,1773967856.227711,2.136169672012329,success
"sender: client498, message: > hello from client498"
10,1773967861.4358697,1773967863.593874,2.1580042839050293,success
11,1773967868.9299529,1773967870.9325035,2.0025506019592285,success
"sender: client498, message: > hello from client498"
12,1773967876.249211,1773967878.2812943,2.03208327293396,success
"sender: client498, message: > hello from client498"
13,1773967883.6196048,1773967885.6675932,2.0479884147644043,success
"sender: client498, message: > hello from client498"
14,1773967890.9178705,1773967892.988809,2.0709385871887207,success
"sender: client498, message: > hello from client498"
15,1773967898.3085353,1773967900.3543477,2.0458123683929443,success
"sender: client498, message: > hello from client498"
16,1773967905.6536615,1773967907.7119458,2.058284282684326,success
"sender: client498, message: > hello from client498"
17,1773967913.055321,1773967915.1708663,2.1155452728271484,success
18,1773967920.3947077,1773967922.5208907,2.126183032989502,success
"sender: client498, message: > hello from client498"
19,1773967927.7516065,1773967929.7913518,2.039745330810547,success
20,1773967935.0688283,1773967937.2158806,2.14705228805542,success
"sender: client498, message: > hello from client498"
