round,send_time,recv_time,rtt,status
6,1773967832.3035984,1773967834.2492507,1.9456522464752197,success
7,1773967839.7510152,1773967841.5800745,1.829059362411499,success
8,1773967847.1973321,1773967848.9012938,1.7039616107940674,success
9,1773967854.5171762,1773967856.3241613,1.8069851398468018,success
"sender: client353, message: > hello from client353"
10,1773967861.510876,1773967863.5889347,2.0780587196350098,success
11,1773967868.9602902,1773967870.9911935,2.0309033393859863,success
12,1773967876.2488785,1773967878.2776182,2.0287396907806396,success
"sender: client353, message: > hello from client353"
13,1773967883.6656384,1773967885.6672888,2.001650333404541,success
"sender: client353, message: > hello from client353"
14,1773967890.947276,1773967892.9869049,2.039628744125366,success
15,1773967898.317638,1773967900.4955,2.1778621673583984,success
"sender: client353, message: > hello from client353"
16,1773967905.5996246,1773967907.703982,2.1043574810028076,success
17,1773967913.017989,1773967915.0862076,2.06821870803833,success
"sender: client353, message: > hello from client353"
18,1773967920.3985488,1773967922.43213,2.033581256866455,success
19,1773967927.722291,1773967929.7526484,2.0303573608398438,success
"sender: client353, message: > hello from client353"
20,1773967935.0026655,1773967937.1107757,2.108110189437866,success
"sender: client353, message: > hello from client353"
