round,send_time,recv_time,rtt,status
8,1773961531.1567419,1773961532.6104372,1.453695297241211,success
9,1773961538.37432,1773961540.153436,1.779115915298462,success
10,1773961546.313667,1773961547.811501,1.4978339672088623,success
11,1773961554.05982,1773961555.194294,1.1344740390777588,success
12,1773961560.985012,1773961562.7019641,1.7169520854949951,success
13,1773961568.7278159,1773961570.2158148,1.4879989624023438,success
"sender: client416, message: > hello from client416"
14,1773961575.8798048,1773961577.7980669,1.918262004852295,success
"sender: client416, message: > hello from client416"
15,1773961583.430815,1773961585.2915242,1.8607091903686523,success
"sender: client416, message: > hello from client416"
16,1773961591.083147,1773961592.7943811,1.7112340927124023,success
"sender: client416, message: > hello from client416"
17,1773961599.175444,1773961600.371416,1.195972204208374,success
"sender: client416, message: > hello from client416"
18,1773961605.7954078,1773961607.841652,2.0462441444396973,success
19,1773961613.381349,1773961615.359178,1.9778289794921875,success
"sender: client416, message: > hello from client416"
20,1773961620.919261,1773961622.883455,1.9641940593719482,success
"sender: client416, message: > hello from client416"
21,1773961628.648375,1773961630.386316,1.737941026687622,success
"sender: client416, message: > hello from client416"
