round,send_time,recv_time,rtt,status
5,1773961508.1773639,1773961510.155494,1.9781301021575928,success
6,1773961515.9240441,1773961517.5303822,1.6063380241394043,success
7,1773961523.4534621,1773961524.9864058,1.5329437255859375,success
8,1773961530.9900959,1773961532.510219,1.5201232433319092,success
9,1773961538.7892401,1773961540.106317,1.3170769214630127,success
10,1773961546.2321332,1773961547.803648,1.5715148448944092,success
11,1773961554.0607512,1773961555.1600919,1.0993406772613525,success
12,1773961560.7763999,1773961562.660757,1.884357213973999,success
"sender: client203, message: > hello from client203"
13,1773961568.60329,1773961570.1726332,1.569343090057373,success
"sender: client203, message: > hello from client203"
14,1773961575.493236,1773961577.7223182,2.2290821075439453,success
"sender: client203, message: > hello from client203"
15,1773961583.466551,1773961585.2492,1.782649040222168,success
"sender: client203, message: > hello from client203"
16,1773961590.941024,1773961592.7600698,1.8190457820892334,success
"sender: client203, message: > hello from client203"
17,1773961599.090296,1773961600.337046,1.2467498779296875,success
"sender: client203, message: > hello from client203"
18,1773961605.817344,1773961607.805543,1.98819899559021,success
"sender: client203, message: > hello from client203"
19,1773961613.2820349,1773961615.3061981,2.024163246154785,success
"sender: client203, message: > hello from client203"
20,1773961621.131638,1773961622.8494642,1.7178261280059814,success
"sender: client203, message: > hello from client203"
21,1773961628.527467,1773961630.342528,1.815061092376709,success
