round,send_time,recv_time,rtt,status
9,1773961538.207154,1773961540.1168482,1.9096941947937012,success
10,1773961545.816913,1773961547.760297,1.9433841705322266,success
11,1773961553.5289679,1773961555.199913,1.670945167541504,success
12,1773961560.997277,1773961562.712712,1.7154350280761719,success
"sender: client467, message: > hello from client467"
13,1773961568.498315,1773961570.222521,1.7242059707641602,success
"sender: client467, message: > hello from client467"
14,1773961575.9515488,1773961577.7785358,1.8269870281219482,success
"sender: client467, message: > hello from client467"
15,1773961583.427049,1773961585.305255,1.8782060146331787,success
"sender: client467, message: > hello from client467"
16,1773961591.001651,1773961592.801091,1.7994399070739746,success
"sender: client467, message: > hello from client467"
17,1773961598.832672,1773961600.341046,1.5083739757537842,success
"sender: client467, message: > hello from client467"
18,1773961606.329957,1773961607.850191,1.5202341079711914,success
19,1773961614.073173,1773961615.446025,1.372851848602295,success
"sender: client467, message: > hello from client467"
20,1773961620.878101,1773961622.8959901,2.0178890228271484,success
"sender: client467, message: > hello from client467"
21,1773961628.496543,1773961630.3902981,1.8937551975250244,success
