round,send_time,recv_time,rtt,status
1,1773967796.2650523,1773967798.2594514,1.994399070739746,success
2,1773967803.4220705,1773967805.3690722,1.9470016956329346,success
3,1773967810.657959,1773967812.530075,1.8721160888671875,success
4,1773967817.9283535,1773967819.705427,1.7770733833312988,success
5,1773967824.9829657,1773967826.9841003,2.0011346340179443,success
6,1773967832.5109074,1773967834.2335184,1.7226109504699707,success
7,1773967839.8613398,1773967841.5496683,1.688328504562378,success
8,1773967847.161348,1773967848.8640802,1.7027320861816406,success
9,1773967854.5017035,1773967856.2204425,1.7187390327453613,success
10,1773967861.4966526,1773967863.5615792,2.0649266242980957,success
"sender: client1, message: > hello from client1"
11,1773967868.9742908,1773967870.9103985,1.9361076354980469,success
12,1773967876.161521,1773967878.2554274,2.0939064025878906,success
"sender: client1, message: > hello from client1"
13,1773967883.6542912,1773967885.6473055,1.9930143356323242,success
"sender: client1, message: > hello from client1"
14,1773967890.9281182,1773967892.9794183,2.051300048828125,success
"sender: client1, message: > hello from client1"
15,1773967898.253461,1773967900.3772626,2.1238017082214355,success
16,1773967905.6682858,1773967907.680681,2.012395143508911,success
17,1773967913.0589302,1773967915.0278459,1.9689157009124756,success
"sender: client1, message: > hello from client1"
18,1773967920.3769457,1773967922.4067488,2.0298030376434326,success
"sender: client1, message: > hello from client1"
19,1773967927.707709,1773967929.7487998,2.041090726852417,success
"sender: client1, message: > hello from client1"
20,1773967935.0850592,1773967937.1019905,2.0169312953948975,success
"sender: client1, message: > hello from client1"
