round,send_time,recv_time,rtt,status
2,1773961486.40533,1773961488.3835468,1.9782168865203857,success
3,1773961493.662949,1773961495.558246,1.8952968120574951,success
4,1773961501.009672,1773961502.787306,1.7776341438293457,success
5,1773961508.381057,1773961510.120827,1.7397699356079102,success
6,1773961515.97348,1773961517.48827,1.5147900581359863,success
7,1773961523.504867,1773961524.951156,1.446288824081421,success
8,1773961531.252567,1773961532.46786,1.2152929306030273,success
9,1773961538.410636,1773961540.147064,1.7364280223846436,success
10,1773961545.802757,1773961547.756979,1.9542219638824463,success
11,1773961553.271474,1773961555.159174,1.887700080871582,success
12,1773961560.7493079,1773961562.6302369,1.8809289932250977,success
"sender: client32, message: > hello from client32"
13,1773961568.283793,1773961570.1365461,1.8527531623840332,success
"sender: client32, message: > hello from client32"
14,1773961575.618089,1773961577.716775,2.0986859798431396,success
"sender: client32, message: > hello from client32"
15,1773961583.301631,1773961585.215158,1.913527011871338,success
"sender: client32, message: > hello from client32"
16,1773961590.704779,1773961592.7382789,2.0334999561309814,success
"sender: client32, message: > hello from client32"
17,1773961599.0007832,1773961600.2515829,1.2507996559143066,success
18,1773961605.8776782,1773961607.7721338,1.8944556713104248,success
"sender: client32, message: > hello from client32"
19,1773961613.389046,1773961615.27684,1.887794017791748,success
"sender: client32, message: > hello from client32"
20,1773961620.772334,1773961622.824783,2.0524489879608154,success
"sender: client32, message: > hello from client32"
21,1773961628.345391,1773961630.308161,1.9627699851989746,success
"sender: client32, message: > hello from client32"
