round,send_time,recv_time,rtt,status
7,1773961523.358285,1773961525.012665,1.6543800830841064,success
8,1773961531.211854,1773961532.602698,1.3908441066741943,success
9,1773961538.861503,1773961540.125062,1.263559103012085,success
10,1773961546.486073,1773961547.7546082,1.2685351371765137,success
11,1773961553.7215831,1773961555.175783,1.4541997909545898,success
12,1773961560.802031,1773961562.688142,1.8861110210418701,success
13,1773961568.38903,1773961570.19764,1.808609962463379,success
14,1773961575.60674,1773961577.7546492,2.147909164428711,success
"sender: client333, message: > hello from client333"
15,1773961583.417123,1773961585.277161,1.8600378036499023,success
16,1773961590.999962,1773961592.776493,1.7765309810638428,success
17,1773961599.157048,1773961600.345301,1.1882529258728027,success
18,1773961606.141067,1773961607.823829,1.6827619075775146,success
"sender: client333, message: > hello from client333"
19,1773961614.0822,1773961615.334839,1.2526390552520752,success
"sender: client333, message: > hello from client333"
20,1773961621.0371,1773961622.868274,1.8311738967895508,success
"sender: client333, message: > hello from client333"
21,1773961628.551944,1773961630.364349,1.8124048709869385,success
