round,send_time,recv_time,rtt,status
6,1773967832.5089877,1773967834.2618015,1.7528138160705566,success
7,1773967839.9145205,1773967841.580771,1.666250467300415,success
8,1773967847.1059206,1773967848.974288,1.8683674335479736,success
9,1773967854.0822945,1773967856.2239187,2.1416242122650146,success
10,1773967861.6734715,1773967863.5949168,1.921445369720459,success
11,1773967868.8645146,1773967870.9171674,2.0526528358459473,success
"sender: client369, message: > hello from client369"
12,1773967876.237632,1773967878.2745323,2.036900281906128,success
"sender: client369, message: > hello from client369"
13,1773967883.6581748,1773967885.6672125,2.009037733078003,success
"sender: client369, message: > hello from client369"
14,1773967890.980596,1773967893.0881722,2.1075761318206787,success
"sender: client369, message: > hello from client369"
15,1773967898.3126745,1773967900.49568,2.1830055713653564,success
"sender: client369, message: > hello from client369"
16,1773967905.6272058,1773967907.6897564,2.0625505447387695,success
"sender: client369, message: > hello from client369"
17,1773967913.0098534,1773967915.0630498,2.053196430206299,success
"sender: client369, message: > hello from client369"
18,1773967920.3896434,1773967922.4419546,2.0523111820220947,success
19,1773967927.7097745,1773967929.7904212,2.0806467533111572,success
20,1773967934.961864,1773967937.223769,2.2619049549102783,success
"sender: client369, message: > hello from client369"
