round,send_time,recv_time,rtt,status
7,1773961523.340429,1773961525.023166,1.682736873626709,success
8,1773961530.906661,1773961532.608439,1.7017779350280762,success
9,1773961538.726673,1773961540.1322181,1.4055452346801758,success
10,1773961546.35049,1773961547.8132858,1.4627957344055176,success
11,1773961553.803295,1773961555.1806111,1.3773162364959717,success
12,1773961561.043257,1773961562.6921868,1.6489298343658447,success
"sender: client368, message: > hello from client368"
13,1773961568.211083,1773961570.205096,1.9940130710601807,success
"sender: client368, message: > hello from client368"
14,1773961575.670819,1773961577.76267,2.091850996017456,success
"sender: client368, message: > hello from client368"
15,1773961583.433734,1773961585.281659,1.8479249477386475,success
"sender: client368, message: > hello from client368"
16,1773961591.083176,1773961592.784173,1.7009971141815186,success
"sender: client368, message: > hello from client368"
17,1773961598.915601,1773961600.3770702,1.4614691734313965,success
"sender: client368, message: > hello from client368"
18,1773961606.268779,1773961607.833369,1.5645899772644043,success
19,1773961613.7887402,1773961615.347009,1.5582687854766846,success
"sender: client368, message: > hello from client368"
20,1773961621.276055,1773961622.87639,1.600334882736206,success
"sender: client368, message: > hello from client368"
21,1773961628.589203,1773961630.3724952,1.783292293548584,success
"sender: client368, message: > hello from client368"
