round,send_time,recv_time,rtt,status
4,1773961500.8690119,1773961502.817131,1.9481191635131836,success
5,1773961508.278723,1773961510.145803,1.8670799732208252,success
6,1773961515.977268,1773961517.5213912,1.5441231727600098,success
7,1773961523.5889258,1773961524.977846,1.3889200687408447,success
8,1773961531.2118568,1773961532.4941518,1.2822949886322021,success
9,1773961538.8728168,1773961540.150103,1.2772862911224365,success
10,1773961546.454654,1773961547.8044531,1.3497991561889648,success
11,1773961553.9494421,1773961555.1632042,1.2137620449066162,success
12,1773961561.056264,1773961562.652777,1.596513032913208,success
"sender: client164, message: > hello from client164"
13,1773961568.292819,1773961570.164022,1.8712029457092285,success
"sender: client164, message: > hello from client164"
14,1773961575.5803049,1773961577.724021,2.1437160968780518,success
"sender: client164, message: > hello from client164"
15,1773961583.397721,1773961585.242316,1.844594955444336,success
16,1773961591.369057,1773961592.7570062,1.3879492282867432,success
"sender: client164, message: > hello from client164"
17,1773961598.789519,1773961600.367868,1.5783488750457764,success
"sender: client164, message: > hello from client164"
18,1773961605.72069,1773961607.800417,2.0797269344329834,success
"sender: client164, message: > hello from client164"
19,1773961613.364908,1773961615.299801,1.9348931312561035,success
"sender: client164, message: > hello from client164"
20,1773961620.998067,1773961622.8388531,1.8407862186431885,success
"sender: client164, message: > hello from client164"
21,1773961628.527464,1773961630.3353012,1.8078372478485107,success
"sender: client164, message: > hello from client164"
