round,send_time,recv_time,rtt,status
4,1773967817.8064177,1773967819.714603,1.9081852436065674,success
5,1773967825.171315,1773967826.9820855,1.8107705116271973,success
6,1773967832.4225981,1773967834.2552426,1.8326444625854492,success
7,1773967839.8966095,1773967841.589365,1.6927554607391357,success
8,1773967847.2149081,1773967848.8976963,1.6827881336212158,success
9,1773967854.501213,1773967856.2345865,1.7333734035491943,success
10,1773967861.6192753,1773967863.5914354,1.9721601009368896,success
11,1773967868.9503138,1773967870.9187796,1.968465805053711,success
"sender: client237, message: > hello from client237"
12,1773967876.258425,1773967878.3371463,2.078721284866333,success
13,1773967883.6099663,1773967885.6661623,2.0561959743499756,success
"sender: client237, message: > hello from client237"
14,1773967890.929804,1773967892.9839032,2.0540990829467773,success
"sender: client237, message: > hello from client237"
15,1773967898.2899158,1773967900.3837407,2.093824863433838,success
"sender: client237, message: > hello from client237"
16,1773967905.680009,1773967907.6859846,2.0059757232666016,success
"sender: client237, message: > hello from client237"
17,1773967913.0532107,1773967915.0838678,2.0306570529937744,success
"sender: client237, message: > hello from client237"
18,1773967920.3476963,1773967922.4223216,2.074625253677368,success
19,1773967927.7654223,1773967929.7512164,1.9857940673828125,success
20,1773967935.0964355,1773967937.1310766,2.0346410274505615,success
"sender: client237, message: > hello from client237"
