round,send_time,recv_time,rtt,status
5,1773967825.1184163,1773967826.9880238,1.8696074485778809,success
6,1773967832.468695,1773967834.2613037,1.7926087379455566,success
7,1773967839.8175316,1773967841.5783937,1.760862112045288,success
8,1773967847.2026668,1773967848.888393,1.6857261657714844,success
9,1773967854.108595,1773967856.2595575,2.1509625911712646,success
"sender: client255, message: > hello from client255"
10,1773967861.6133568,1773967863.5651798,1.9518229961395264,success
"sender: client255, message: > hello from client255"
11,1773967868.9364228,1773967870.9174607,1.9810378551483154,success
"sender: client255, message: > hello from client255"
12,1773967876.2304325,1773967878.3346179,2.1041853427886963,success
13,1773967883.5083945,1773967885.6567206,2.1483261585235596,success
14,1773967890.9778335,1773967892.984748,2.0069143772125244,success
"sender: client255, message: > hello from client255"
15,1773967898.2924201,1773967900.3873825,2.0949623584747314,success
16,1773967905.5770028,1773967907.6866457,2.10964298248291,success
"sender: client255, message: > hello from client255"
17,1773967913.0227878,1773967915.062489,2.039701223373413,success
"sender: client255, message: > hello from client255"
18,1773967920.3970828,1773967922.456437,2.059354305267334,success
"sender: client255, message: > hello from client255"
19,1773967927.7532809,1773967929.764107,2.0108261108398438,success
"sender: client255, message: > hello from client255"
20,1773967935.085109,1773967937.1065197,2.0214107036590576,success
"sender: client255, message: > hello from client255"
