round,send_time,recv_time,rtt,status
2,1773967803.4379609,1773967805.366273,1.928312063217163,success
3,1773967810.6369336,1773967812.5296981,1.8927645683288574,success
4,1773967817.942656,1773967819.7067568,1.7641007900238037,success
5,1773967825.1017196,1773967826.971044,1.8693244457244873,success
6,1773967832.4544182,1773967834.2348516,1.7804334163665771,success
7,1773967839.9312782,1773967841.5830753,1.6517970561981201,success
8,1773967847.0807474,1773967848.8836246,1.8028771877288818,success
9,1773967854.484813,1773967856.2164316,1.7316186428070068,success
10,1773967861.5357747,1773967863.5685847,2.0328099727630615,success
"sender: client59, message: > hello from client59"
11,1773967868.9089198,1773967870.92539,2.016470193862915,success
12,1773967876.245949,1773967878.320235,2.0742859840393066,success
"sender: client59, message: > hello from client59"
13,1773967883.6483362,1773967885.657583,2.009246826171875,success
"sender: client59, message: > hello from client59"
14,1773967890.9340754,1773967892.9821165,2.0480411052703857,success
"sender: client59, message: > hello from client59"
15,1773967898.2946482,1773967900.34641,2.0517618656158447,success
16,1773967905.6203895,1773967907.6826928,2.062303304672241,success
"sender: client59, message: > hello from client59"
17,1773967913.0458586,1773967915.0305228,1.9846642017364502,success
"sender: client59, message: > hello from client59"
18,1773967920.3855767,1773967922.4113033,2.025726556777954,success
"sender: client59, message: > hello from client59"
19,1773967927.7621987,1773967929.7905548,2.0283560752868652,success
20,1773967935.0093071,1773967937.101652,2.0923447608947754,success
"sender: client59, message: > hello from client59"
