round,send_time,recv_time,rtt,status
9,1773961538.197824,1773961540.154474,1.9566500186920166,success
10,1773961546.482165,1773961547.842795,1.3606297969818115,success
11,1773961554.0587652,1773961555.19437,1.1356048583984375,success
12,1773961560.592572,1773961562.712349,2.119776964187622,success
"sender: client449, message: > hello from client449"
13,1773961568.30271,1773961570.220381,1.9176709651947021,success
"sender: client449, message: > hello from client449"
14,1773961575.5592608,1773961577.782578,2.2233171463012695,success
"sender: client449, message: > hello from client449"
15,1773961583.60046,1773961585.3018298,1.7013697624206543,success
16,1773961590.8094668,1773961592.802163,1.9926960468292236,success
17,1773961599.003467,1773961600.379565,1.3760979175567627,success
"sender: client449, message: > hello from client449"
18,1773961606.393708,1773961607.849822,1.4561140537261963,success
"sender: client449, message: > hello from client449"
19,1773961613.681349,1773961615.4447942,1.7634451389312744,success
"sender: client449, message: > hello from client449"
20,1773961621.200181,1773961622.8882828,1.6881017684936523,success
"sender: client449, message: > hello from client449"
21,1773961628.3021429,1773961630.3929,2.090757131576538,success
"sender: client449, message: > hello from client449"
