round,send_time,recv_time,rtt,status
3,1773967810.5956216,1773967812.542173,1.9465513229370117,success
4,1773967817.7803063,1773967819.7114358,1.9311294555664062,success
5,1773967824.8071141,1773967826.9872031,2.180088996887207,success
6,1773967832.4859288,1773967834.2491317,1.7632029056549072,success
7,1773967839.841121,1773967841.5579073,1.7167863845825195,success
8,1773967847.1469674,1773967848.868052,1.7210845947265625,success
9,1773967854.1575572,1773967856.2299001,2.072342872619629,success
10,1773967861.475162,1773967863.567794,2.0926320552825928,success
"sender: client116, message: > hello from client116"
11,1773967868.9143717,1773967870.967243,2.0528712272644043,success
12,1773967876.2626565,1773967878.317849,2.055192470550537,success
13,1773967883.6539795,1773967885.6535554,1.9995758533477783,success
"sender: client116, message: > hello from client116"
14,1773967890.9471378,1773967893.017669,2.070531129837036,success
"sender: client116, message: > hello from client116"
15,1773967898.2596316,1773967900.3463106,2.086678981781006,success
"sender: client116, message: > hello from client116"
16,1773967905.6369872,1773967907.6855507,2.0485634803771973,success
"sender: client116, message: > hello from client116"
17,1773967912.9684956,1773967915.0794191,2.1109235286712646,success
"sender: client116, message: > hello from client116"
18,1773967920.410159,1773967922.4373314,2.027172327041626,success
"sender: client116, message: > hello from client116"
19,1773967927.766377,1773967929.7870598,2.0206828117370605,success
20,1773967934.8127897,1773967937.1037748,2.290985107421875,success
"sender: client116, message: > hello from client116"
