round,send_time,recv_time,rtt,status
6,1773961515.970641,1773961517.5428832,1.572242259979248,success
7,1773961523.445174,1773961525.0037389,1.5585649013519287,success
8,1773961530.903265,1773961532.602002,1.6987369060516357,success
9,1773961538.7728388,1773961540.122761,1.3499221801757812,success
10,1773961546.494102,1773961547.768256,1.2741539478302002,success
11,1773961554.0506182,1773961555.1719291,1.1213109493255615,success
12,1773961560.6122172,1773961562.6735082,2.061290979385376,success
"sender: client265, message: > hello from client265"
13,1773961568.5412,1773961570.189549,1.6483490467071533,success
"sender: client265, message: > hello from client265"
14,1773961575.505238,1773961577.7378712,2.232633113861084,success
"sender: client265, message: > hello from client265"
15,1773961583.2475781,1773961585.2621891,2.014611005783081,success
"sender: client265, message: > hello from client265"
16,1773961590.724119,1773961592.7680929,2.043973922729492,success
"sender: client265, message: > hello from client265"
17,1773961599.149141,1773961600.386314,1.2371728420257568,success
18,1773961606.210355,1773961607.816108,1.605752944946289,success
"sender: client265, message: > hello from client265"
19,1773961613.583744,1773961615.320519,1.7367749214172363,success
20,1773961621.156524,1773961622.856104,1.6995799541473389,success
"sender: client265, message: > hello from client265"
21,1773961628.482015,1773961630.3530428,1.871027946472168,success
"sender: client265, message: > hello from client265"
