round,send_time,recv_time,rtt,status
5,1773961508.257977,1773961510.1555252,1.8975481986999512,success
6,1773961515.792475,1773961517.530786,1.7383110523223877,success
7,1773961523.415065,1773961524.9862778,1.5712127685546875,success
8,1773961531.280712,1773961532.5103948,1.2296829223632812,success
9,1773961538.830284,1773961540.152061,1.3217768669128418,success
10,1773961546.071213,1773961547.748563,1.6773500442504883,success
11,1773961553.937981,1773961555.158491,1.2205100059509277,success
12,1773961560.969737,1773961562.6639109,1.694173812866211,success
"sender: client207, message: > hello from client207"
13,1773961568.4992042,1773961570.172374,1.6731698513031006,success
"sender: client207, message: > hello from client207"
14,1773961575.8244522,1773961577.733432,1.908979892730713,success
"sender: client207, message: > hello from client207"
15,1773961583.565591,1773961585.251424,1.6858329772949219,success
16,1773961590.6425831,1773961592.754267,2.1116838455200195,success
"sender: client207, message: > hello from client207"
17,1773961599.062196,1773961600.343414,1.2812180519104004,success
"sender: client207, message: > hello from client207"
18,1773961605.8086,1773961607.805666,1.9970660209655762,success
"sender: client207, message: > hello from client207"
19,1773961613.729145,1773961615.310254,1.5811090469360352,success
"sender: client207, message: > hello from client207"
20,1773961621.174716,1773961622.8502452,1.6755292415618896,success
21,1773961628.582679,1773961630.342001,1.759321928024292,success
"sender: client207, message: > hello from client207"
