round,send_time,recv_time,rtt,status
5,1773961508.294841,1773961510.155968,1.8611268997192383,success
6,1773961515.789962,1773961517.530702,1.7407400608062744,success
7,1773961523.442034,1773961524.986112,1.5440781116485596,success
8,1773961531.26827,1773961532.510209,1.2419390678405762,success
9,1773961538.676726,1773961540.129611,1.4528849124908447,success
10,1773961546.36016,1773961547.776093,1.4159328937530518,success
11,1773961553.175755,1773961555.151016,1.9752609729766846,success
12,1773961560.638101,1773961562.660956,2.022854804992676,success
"sender: client200, message: > hello from client200"
13,1773961568.498338,1773961570.172588,1.6742501258850098,success
"sender: client200, message: > hello from client200"
14,1773961575.750599,1773961577.724562,1.9739630222320557,success
"sender: client200, message: > hello from client200"
15,1773961583.5156858,1773961585.249324,1.7336382865905762,success
16,1773961590.700494,1773961592.757199,2.0567049980163574,success
17,1773961598.781825,1773961600.339183,1.5573580265045166,success
"sender: client200, message: > hello from client200"
18,1773961605.8569028,1773961607.805516,1.948613166809082,success
"sender: client200, message: > hello from client200"
19,1773961613.2855968,1773961615.306319,2.0207221508026123,success
20,1773961621.1951191,1773961622.849252,1.6541328430175781,success
"sender: client200, message: > hello from client200"
21,1773961628.5423732,1773961630.34252,1.8001468181610107,success
"sender: client200, message: > hello from client200"
