round,send_time,recv_time,rtt,status
1,1773961479.28592,1773961481.2912571,2.0053372383117676,success
2,1773961486.3798022,1773961488.3754501,1.99564790725708,success
3,1773961493.657411,1773961495.557648,1.9002368450164795,success
4,1773961501.0059688,1773961502.784558,1.7785892486572266,success
5,1773961508.400249,1773961510.111677,1.711427927017212,success
6,1773961515.8968,1773961517.485327,1.588526964187622,success
7,1773961523.4826329,1773961524.946214,1.4635810852050781,success
8,1773961531.215035,1773961532.463995,1.248960018157959,success
9,1773961538.424329,1773961540.101571,1.6772420406341553,success
10,1773961545.951453,1773961547.762656,1.8112030029296875,success
11,1773961553.33999,1773961555.145107,1.805117130279541,success
12,1773961560.7493272,1773961562.630903,1.8815758228302002,success
13,1773961568.2058828,1773961570.131625,1.9257421493530273,success
14,1773961575.588814,1773961577.701668,2.11285400390625,success
15,1773961583.335467,1773961585.206183,1.870715856552124,success
"sender: client5, message: > hello from client5"
16,1773961590.722377,1773961592.7346802,2.012303113937378,success
"sender: client5, message: > hello from client5"
17,1773961598.8006709,1773961600.2489579,1.448287010192871,success
"sender: client5, message: > hello from client5"
18,1773961605.6508532,1773961607.768072,2.1172187328338623,success
19,1773961613.358101,1773961615.265725,1.9076240062713623,success
"sender: client5, message: > hello from client5"
20,1773961620.909409,1773961622.8095129,1.9001038074493408,success
21,1773961628.272581,1773961630.302151,2.0295698642730713,success
"sender: client5, message: > hello from client5"
