round,send_time,recv_time,rtt,status
3,1773967810.5901582,1773967812.542862,1.9527037143707275,success
4,1773967817.8573902,1773967819.712806,1.8554158210754395,success
5,1773967825.089693,1773967826.971543,1.881850004196167,success
6,1773967832.459335,1773967834.2605665,1.8012313842773438,success
7,1773967839.9799924,1773967841.5796423,1.5996499061584473,success
8,1773967847.2274392,1773967848.8697996,1.6423604488372803,success
9,1773967854.4315183,1773967856.2305365,1.799018144607544,success
10,1773967861.5189478,1773967863.59017,2.0712220668792725,success
11,1773967868.9077907,1773967870.9898841,2.0820934772491455,success
12,1773967876.231214,1773967878.274573,2.0433590412139893,success
"sender: client159, message: > hello from client159"
13,1773967883.660315,1773967885.6611097,2.0007946491241455,success
"sender: client159, message: > hello from client159"
14,1773967890.9802878,1773967893.007157,2.026869297027588,success
"sender: client159, message: > hello from client159"
15,1773967898.3166337,1773967900.3531651,2.036531448364258,success
"sender: client159, message: > hello from client159"
16,1773967905.6516604,1773967907.7083158,2.0566554069519043,success
17,1773967913.036729,1773967915.0789018,2.04217267036438,success
"sender: client159, message: > hello from client159"
18,1773967920.4080393,1773967922.4058876,1.9978482723236084,success
19,1773967927.7232337,1773967929.773298,2.0500643253326416,success
20,1773967935.0859764,1773967937.1047802,2.018803834915161,success
"sender: client159, message: > hello from client159"
