round,send_time,recv_time,rtt,status
5,1773961508.265645,1773961510.163668,1.8980228900909424,success
6,1773961515.749977,1773961517.5406132,1.7906360626220703,success
7,1773961523.424853,1773961525.003238,1.5783848762512207,success
8,1773961531.0980601,1773961532.517507,1.4194469451904297,success
9,1773961538.724436,1773961540.1180649,1.3936288356781006,success
10,1773961546.174552,1773961547.755877,1.5813250541687012,success
11,1773961554.0142038,1773961555.1660302,1.1518263816833496,success
12,1773961561.057536,1773961562.668638,1.6111021041870117,success
13,1773961568.206826,1773961570.186133,1.979306936264038,success
"sender: client253, message: > hello from client253"
14,1773961575.765876,1773961577.742622,1.976745843887329,success
"sender: client253, message: > hello from client253"
15,1773961583.137471,1773961585.2631621,2.1256911754608154,success
"sender: client253, message: > hello from client253"
16,1773961590.633225,1773961592.772023,2.1387979984283447,success
"sender: client253, message: > hello from client253"
17,1773961598.9607801,1773961600.3743439,1.4135637283325195,success
"sender: client253, message: > hello from client253"
18,1773961606.271152,1773961607.811011,1.5398590564727783,success
"sender: client253, message: > hello from client253"
19,1773961613.692018,1773961615.32018,1.628161907196045,success
"sender: client253, message: > hello from client253"
20,1773961621.276045,1773961622.855822,1.5797770023345947,success
"sender: client253, message: > hello from client253"
21,1773961628.664442,1773961630.351232,1.6867899894714355,success
"sender: client253, message: > hello from client253"
