round,send_time,recv_time,rtt,status
4,1773967817.7704663,1773967819.7304173,1.9599509239196777,success
5,1773967825.034732,1773967826.983937,1.949204921722412,success
6,1773967832.4668777,1773967834.25171,1.784832239151001,success
7,1773967839.8648627,1773967841.5891929,1.724330186843872,success
8,1773967847.1726277,1773967848.8952103,1.7225825786590576,success
9,1773967854.4567258,1773967856.2246299,1.7679040431976318,success
10,1773967861.5121238,1773967863.5954454,2.0833215713500977,success
11,1773967868.9550009,1773967870.9191828,1.964181900024414,success
"sender: client222, message: > hello from client222"
12,1773967876.25054,1773967878.3286655,2.078125476837158,success
"sender: client222, message: > hello from client222"
13,1773967883.6371274,1773967885.6657825,2.0286550521850586,success
"sender: client222, message: > hello from client222"
14,1773967890.905291,1773967892.984371,2.0790798664093018,success
"sender: client222, message: > hello from client222"
15,1773967898.2721727,1773967900.377673,2.1055002212524414,success
"sender: client222, message: > hello from client222"
16,1773967905.6431932,1773967907.6857886,2.042595386505127,success
"sender: client222, message: > hello from client222"
17,1773967913.0136344,1773967915.0700085,2.0563740730285645,success
"sender: client222, message: > hello from client222"
18,1773967920.382433,1773967922.4391186,2.05668568611145,success
19,1773967927.7688425,1773967929.7807555,2.0119130611419678,success
"sender: client222, message: > hello from client222"
20,1773967935.0119836,1773967937.1290777,2.117094039916992,success
"sender: client222, message: > hello from client222"
