round,send_time,recv_time,rtt,status
7,1773967839.9600883,1773967841.5867977,1.6267094612121582,success
8,1773967847.1756797,1773967848.9006255,1.7249457836151123,success
9,1773967854.381152,1773967856.3280058,1.9468538761138916,success
"sender: client457, message: > hello from client457"
10,1773967861.531985,1773967863.5972083,2.065223217010498,success
11,1773967868.779181,1773967870.955236,2.1760549545288086,success
12,1773967876.2528071,1773967878.2811673,2.02836012840271,success
"sender: client457, message: > hello from client457"
13,1773967883.6083066,1773967885.669548,2.061241388320923,success
14,1773967890.9634476,1773967893.0904877,2.127040147781372,success
"sender: client457, message: > hello from client457"
15,1773967898.2879782,1773967900.5048888,2.2169106006622314,success
"sender: client457, message: > hello from client457"
16,1773967905.6198597,1773967907.7241821,2.1043224334716797,success
17,1773967913.043307,1773967915.0877798,2.0444726943969727,success
18,1773967920.398105,1773967922.4310908,2.0329859256744385,success
19,1773967927.7607036,1773967929.7617505,2.001046895980835,success
20,1773967934.9959102,1773967937.1117284,2.1158182621002197,success
"sender: client457, message: > hello from client457"
