round,send_time,recv_time,rtt,status
3,1773967810.6211314,1773967812.5351017,1.9139702320098877,success
4,1773967817.9277608,1773967819.711503,1.7837421894073486,success
5,1773967824.9973102,1773967826.9525185,1.9552083015441895,success
6,1773967832.4290447,1773967834.246735,1.817690372467041,success
7,1773967839.6324306,1773967841.5809238,1.948493242263794,success
8,1773967847.2233121,1773967848.8684275,1.6451153755187988,success
9,1773967854.4577813,1773967856.2369938,1.779212474822998,success
10,1773967861.5192661,1773967863.5928469,2.073580741882324,success
11,1773967868.9629245,1773967870.93177,1.9688456058502197,success
"sender: client120, message: > hello from client120"
12,1773967876.191656,1773967878.2845154,2.0928592681884766,success
"sender: client120, message: > hello from client120"
13,1773967883.5373867,1773967885.652181,2.1147942543029785,success
"sender: client120, message: > hello from client120"
14,1773967890.9522686,1773967893.0138037,2.061535120010376,success
"sender: client120, message: > hello from client120"
15,1773967898.2850134,1773967900.3819432,2.0969297885894775,success
"sender: client120, message: > hello from client120"
16,1773967905.5993874,1773967907.6964705,2.09708309173584,success
"sender: client120, message: > hello from client120"
17,1773967912.969236,1773967915.062361,2.093125104904175,success
"sender: client120, message: > hello from client120"
18,1773967920.4233258,1773967922.435893,2.0125672817230225,success
"sender: client120, message: > hello from client120"
19,1773967927.7437494,1773967929.7905161,2.046766757965088,success
20,1773967934.9803329,1773967937.1041758,2.12384295463562,success
"sender: client120, message: > hello from client120"
