round,send_time,recv_time,rtt,status
5,1773967825.1436145,1773967826.9570847,1.8134701251983643,success
6,1773967832.491799,1773967834.260397,1.7685978412628174,success
7,1773967839.8679087,1773967841.5910168,1.7231080532073975,success
8,1773967847.139099,1773967848.8720233,1.732924461364746,success
9,1773967854.4095635,1773967856.259683,1.8501193523406982,success
10,1773967861.5439203,1773967863.566732,2.0228116512298584,success
"sender: client297, message: > hello from client297"
11,1773967868.928009,1773967870.9334357,2.0054266452789307,success
12,1773967876.235496,1773967878.2723997,2.0369036197662354,success
"sender: client297, message: > hello from client297"
13,1773967883.6145177,1773967885.7723567,2.157839059829712,success
"sender: client297, message: > hello from client297"
14,1773967890.93646,1773967892.9855983,2.049138307571411,success
"sender: client297, message: > hello from client297"
15,1773967898.315156,1773967900.5021477,2.1869916915893555,success
16,1773967905.604455,1773967907.6986678,2.094212770462036,success
17,1773967913.0446033,1773967915.0699494,2.025346040725708,success
18,1773967920.3901243,1773967922.4471173,2.056993007659912,success
"sender: client297, message: > hello from client297"
19,1773967927.6986945,1773967929.7869642,2.0882697105407715,success
20,1773967935.0118303,1773967937.1230845,2.1112542152404785,success
"sender: client297, message: > hello from client297"
