round,send_time,recv_time,rtt,status
9,1773961538.043844,1773961540.1291788,2.0853347778320312,success
10,1773961546.375187,1773961547.803583,1.4283959865570068,success
11,1773961554.067709,1773961555.204538,1.136829137802124,success
12,1773961561.005595,1773961562.718038,1.7124431133270264,success
"sender: client490, message: > hello from client490"
13,1773961568.257667,1773961570.2348092,1.977142095565796,success
"sender: client490, message: > hello from client490"
14,1773961575.6272268,1773961577.786052,2.158825159072876,success
"sender: client490, message: > hello from client490"
15,1773961583.523639,1773961585.313427,1.789788007736206,success
"sender: client490, message: > hello from client490"
16,1773961591.069331,1773961592.805281,1.735949993133545,success
"sender: client490, message: > hello from client490"
17,1773961599.109529,1773961600.3741388,1.2646098136901855,success
"sender: client490, message: > hello from client490"
18,1773961606.4330828,1773961607.859093,1.4260101318359375,success
"sender: client490, message: > hello from client490"
19,1773961613.513296,1773961615.445288,1.9319920539855957,success
"sender: client490, message: > hello from client490"
20,1773961620.9954078,1773961622.897027,1.9016191959381104,success
"sender: client490, message: > hello from client490"
21,1773961628.5633879,1773961630.396,1.8326120376586914,success
"sender: client490, message: > hello from client490"
