round,send_time,recv_time,rtt,status
10,1773961546.4137442,1773961547.75199,1.3382458686828613,success
11,1773961553.9043431,1773961555.205269,1.3009259700775146,success
12,1773961560.574796,1773961562.718165,2.14336895942688,success
"sender: client494, message: > hello from client494"
13,1773961568.575383,1773961570.2350981,1.659715175628662,success
"sender: client494, message: > hello from client494"
14,1773961575.93264,1773961577.80267,1.8700299263000488,success
"sender: client494, message: > hello from client494"
15,1773961583.417141,1773961585.313893,1.896752119064331,success
"sender: client494, message: > hello from client494"
16,1773961591.3681548,1773961592.8071492,1.4389944076538086,success
17,1773961598.87963,1773961600.370676,1.4910459518432617,success
"sender: client494, message: > hello from client494"
18,1773961606.282311,1773961607.858458,1.5761470794677734,success
19,1773961613.7232609,1773961615.445847,1.7225861549377441,success
"sender: client494, message: > hello from client494"
20,1773961620.752579,1773961622.898512,2.145932912826538,success
"sender: client494, message: > hello from client494"
21,1773961628.435791,1773961630.395701,1.9599099159240723,success
