round,send_time,recv_time,rtt,status
3,1773961493.638777,1773961495.578364,1.939586877822876,success
4,1773961500.94958,1773961502.808758,1.859178066253662,success
5,1773961508.390242,1773961510.140077,1.7498350143432617,success
6,1773961515.8078122,1773961517.5122812,1.7044689655303955,success
7,1773961523.469214,1773961524.972527,1.5033130645751953,success
8,1773961531.087269,1773961532.485921,1.3986518383026123,success
9,1773961538.955831,1773961540.1315358,1.1757047176361084,success
10,1773961546.4613729,1773961547.808185,1.3468122482299805,success
11,1773961553.8417358,1773961555.152701,1.3109650611877441,success
12,1773961560.7082,1773961562.643738,1.9355380535125732,success
"sender: client125, message: > hello from client125"
13,1773961568.353159,1773961570.156023,1.8028640747070312,success
"sender: client125, message: > hello from client125"
14,1773961575.8459048,1773961577.708433,1.8625280857086182,success
"sender: client125, message: > hello from client125"
15,1773961583.565598,1773961585.2324421,1.666844129562378,success
"sender: client125, message: > hello from client125"
16,1773961590.7806,1773961592.742954,1.9623539447784424,success
"sender: client125, message: > hello from client125"
17,1773961598.81031,1773961600.2698681,1.4595582485198975,success
18,1773961605.88637,1773961607.795282,1.908911943435669,success
"sender: client125, message: > hello from client125"
19,1773961613.3288598,1773961615.2925491,1.9636893272399902,success
"sender: client125, message: > hello from client125"
20,1773961620.864222,1773961622.839039,1.9748170375823975,success
21,1773961628.569161,1773961630.330326,1.7611651420593262,success
"sender: client125, message: > hello from client125"
