round,send_time,recv_time,rtt,status
3,1773961493.58724,1773961495.572871,1.985630989074707,success
4,1773961500.928759,1773961502.804895,1.8761358261108398,success
5,1773961508.334841,1773961510.1332622,1.7984211444854736,success
6,1773961515.938468,1773961517.506231,1.567763090133667,success
7,1773961523.575614,1773961524.9651709,1.389556884765625,success
8,1773961531.218836,1773961532.4823658,1.2635297775268555,success
9,1773961538.7375512,1773961540.136837,1.3992857933044434,success
10,1773961546.2894049,1773961547.806752,1.5173470973968506,success
11,1773961554.058059,1773961555.151621,1.093562126159668,success
12,1773961560.67394,1773961562.6460311,1.9720911979675293,success
"sender: client100, message: > hello from client100"
13,1773961568.603586,1773961570.151907,1.548321008682251,success
"sender: client100, message: > hello from client100"
14,1773961575.553188,1773961577.718604,2.1654160022735596,success
"sender: client100, message: > hello from client100"
15,1773961583.316677,1773961585.230737,1.9140598773956299,success
"sender: client100, message: > hello from client100"
16,1773961590.741311,1773961592.736298,1.9949870109558105,success
"sender: client100, message: > hello from client100"
17,1773961599.045742,1773961600.265323,1.219580888748169,success
"sender: client100, message: > hello from client100"
18,1773961605.848928,1773961607.793082,1.9441540241241455,success
"sender: client100, message: > hello from client100"
19,1773961613.58209,1773961615.287485,1.705394983291626,success
"sender: client100, message: > hello from client100"
20,1773961620.99806,1773961622.8232262,1.8251662254333496,success
"sender: client100, message: > hello from client100"
21,1773961628.648363,1773961630.3323672,1.6840040683746338,success
"sender: client100, message: > hello from client100"
