round,send_time,recv_time,rtt,status
1,1773967796.2252107,1773967798.2632763,2.0380656719207764,success
2,1773967803.4409268,1773967805.3687596,1.927832841873169,success
3,1773967810.6528084,1773967812.5305583,1.8777499198913574,success
4,1773967817.8350136,1773967819.706341,1.8713274002075195,success
5,1773967825.0258152,1773967826.9863498,1.9605345726013184,success
6,1773967832.510629,1773967834.2339618,1.7233328819274902,success
7,1773967839.7277148,1773967841.587606,1.8598911762237549,success
8,1773967847.1747353,1773967848.8658242,1.6910889148712158,success
9,1773967854.1523907,1773967856.2582643,2.1058735847473145,success
10,1773967861.5495222,1773967863.5626595,2.0131373405456543,success
"sender: client41, message: > hello from client41"
11,1773967868.9095032,1773967870.9413466,2.031843423843384,success
"sender: client41, message: > hello from client41"
12,1773967876.238553,1773967878.3162308,2.0776777267456055,success
"sender: client41, message: > hello from client41"
13,1773967883.5806193,1773967885.650004,2.0693845748901367,success
"sender: client41, message: > hello from client41"
14,1773967890.7032092,1773967892.991208,2.287998914718628,success
"sender: client41, message: > hello from client41"
15,1773967898.234682,1773967900.3528638,2.1181817054748535,success
"sender: client41, message: > hello from client41"
16,1773967905.5906982,1773967907.682501,2.0918028354644775,success
"sender: client41, message: > hello from client41"
17,1773967913.0578578,1773967915.0301716,1.9723138809204102,success
"sender: client41, message: > hello from client41"
18,1773967920.4033086,1773967922.4285545,2.0252459049224854,success
"sender: client41, message: > hello from client41"
19,1773967927.6998613,1773967929.7813723,2.0815110206604004,success
20,1773967935.0798285,1773967937.110012,2.0301835536956787,success
"sender: client41, message: > hello from client41"
