round,send_time,recv_time,rtt,status
3,1773967810.5925953,1773967812.5395205,1.946925163269043,success
4,1773967817.7640166,1773967819.709278,1.9452614784240723,success
5,1773967825.0307026,1773967826.9879804,1.957277774810791,success
6,1773967832.4099987,1773967834.2538226,1.8438239097595215,success
7,1773967839.9469004,1773967841.587397,1.6404967308044434,success
8,1773967847.125287,1773967848.8698196,1.744532585144043,success
9,1773967854.085261,1773967856.247066,2.1618049144744873,success
10,1773967861.6646748,1773967863.5674932,1.9028184413909912,success
"sender: client110, message: > hello from client110"
11,1773967868.950913,1773967870.9912026,2.0402896404266357,success
12,1773967876.2061288,1773967878.3317392,2.1256103515625,success
13,1773967883.4866009,1773967885.653742,2.1671411991119385,success
"sender: client110, message: > hello from client110"
14,1773967890.9756606,1773967893.0123413,2.0366806983947754,success
"sender: client110, message: > hello from client110"
15,1773967898.323349,1773967900.383632,2.0602829456329346,success
"sender: client110, message: > hello from client110"
16,1773967905.6230109,1773967907.704192,2.081181049346924,success
17,1773967912.9493473,1773967915.032108,2.082760810852051,success
"sender: client110, message: > hello from client110"
18,1773967920.4055703,1773967922.425609,2.0200388431549072,success
"sender: client110, message: > hello from client110"
19,1773967927.769478,1773967929.7914145,2.0219364166259766,success
20,1773967935.0422282,1773967937.103815,2.061586856842041,success
"sender: client110, message: > hello from client110"
