round,send_time,recv_time,rtt,status
5,1773961508.3545961,1773961510.15153,1.796933889389038,success
6,1773961515.781595,1773961517.530627,1.7490320205688477,success
7,1773961523.3497431,1773961524.984075,1.6343319416046143,success
8,1773961530.877228,1773961532.506496,1.629267930984497,success
9,1773961538.969253,1773961540.134048,1.164794921875,success
10,1773961545.759913,1773961547.7540421,1.9941291809082031,success
11,1773961553.2472231,1773961555.1562219,1.908998727798462,success
12,1773961560.745064,1773961562.660455,1.915390968322754,success
"sender: client188, message: > hello from client188"
13,1773961568.513333,1773961570.16765,1.6543169021606445,success
"sender: client188, message: > hello from client188"
14,1773961575.606737,1773961577.7263901,2.1196532249450684,success
"sender: client188, message: > hello from client188"
15,1773961583.2783082,1773961585.249587,1.9712789058685303,success
16,1773961591.156551,1773961592.75486,1.59830904006958,success
"sender: client188, message: > hello from client188"
17,1773961598.815277,1773961600.355254,1.5399768352508545,success
"sender: client188, message: > hello from client188"
18,1773961605.896278,1773961607.8009741,1.9046962261199951,success
19,1773961613.596949,1773961615.3064141,1.7094650268554688,success
"sender: client188, message: > hello from client188"
20,1773961621.138996,1773961622.849698,1.7107021808624268,success
"sender: client188, message: > hello from client188"
21,1773961628.50091,1773961630.335818,1.8349080085754395,success
"sender: client188, message: > hello from client188"
