round,send_time,recv_time,rtt,status
2,1773967803.4244785,1773967805.3663204,1.9418418407440186,success
3,1773967810.6303232,1773967812.5345116,1.9041883945465088,success
4,1773967817.82529,1773967819.7301881,1.9048981666564941,success
5,1773967825.0764093,1773967826.9670348,1.8906254768371582,success
6,1773967832.455679,1773967834.2454052,1.7897262573242188,success
7,1773967839.9158208,1773967841.582298,1.6664772033691406,success
8,1773967847.178657,1773967848.866862,1.6882050037384033,success
9,1773967854.3002338,1773967856.2416494,1.941415548324585,success
10,1773967861.6099088,1773967863.5964067,1.9864978790283203,success
11,1773967868.940864,1773967870.9189656,1.9781014919281006,success
"sender: client73, message: > hello from client73"
12,1773967876.2228193,1773967878.282206,2.059386730194092,success
"sender: client73, message: > hello from client73"
13,1773967883.6639366,1773967885.6577344,1.993797779083252,success
"sender: client73, message: > hello from client73"
14,1773967890.9831538,1773967893.0080552,2.0249013900756836,success
"sender: client73, message: > hello from client73"
15,1773967898.2869146,1773967900.3775,2.090585470199585,success
"sender: client73, message: > hello from client73"
16,1773967905.5836525,1773967907.7141433,2.130490779876709,success
17,1773967913.0630922,1773967915.0562892,1.993196964263916,success
"sender: client73, message: > hello from client73"
18,1773967920.3777215,1773967922.4451306,2.067409038543701,success
19,1773967927.7688391,1773967929.7651703,1.9963312149047852,success
20,1773967934.9908366,1773967937.1017113,2.110874652862549,success
