round,send_time,recv_time,rtt,status
8,1773961530.928684,1773961532.6044521,1.6757681369781494,success
9,1773961538.7126348,1773961540.142117,1.4294822216033936,success
10,1773961546.4469151,1773961547.806379,1.3594639301300049,success
11,1773961553.9105191,1773961555.1937568,1.2832376956939697,success
12,1773961560.9297311,1773961562.702016,1.772284984588623,success
"sender: client418, message: > hello from client418"
13,1773961568.604426,1773961570.217728,1.6133019924163818,success
"sender: client418, message: > hello from client418"
14,1773961575.700759,1773961577.76848,2.067721128463745,success
15,1773961583.290742,1773961585.296663,2.0059211254119873,success
"sender: client418, message: > hello from client418"
16,1773961591.077735,1773961592.794334,1.7165989875793457,success
"sender: client418, message: > hello from client418"
17,1773961599.139719,1773961600.3810198,1.2413008213043213,success
"sender: client418, message: > hello from client418"
18,1773961606.357109,1773961607.842071,1.484961986541748,success
"sender: client418, message: > hello from client418"
19,1773961613.580269,1773961615.3597481,1.7794790267944336,success
"sender: client418, message: > hello from client418"
20,1773961621.3891242,1773961622.8838542,1.494729995727539,success
"sender: client418, message: > hello from client418"
21,1773961628.307277,1773961630.386328,2.0790510177612305,success
"sender: client418, message: > hello from client418"
