round,send_time,recv_time,rtt,status
4,1773967817.7778018,1773967819.7212827,1.9434809684753418,success
5,1773967825.1231709,1773967826.970709,1.8475382328033447,success
6,1773967832.4662938,1773967834.2545946,1.7883007526397705,success
7,1773967839.8775659,1773967841.5799403,1.7023744583129883,success
8,1773967847.222901,1773967848.8713953,1.6484942436218262,success
9,1773967854.4483614,1773967856.2240617,1.775700330734253,success
10,1773967861.5011177,1773967863.587658,2.0865402221679688,success
"sender: client213, message: > hello from client213"
11,1773967868.9444137,1773967870.992762,2.0483484268188477,success
12,1773967876.185438,1773967878.2686796,2.0832417011260986,success
"sender: client213, message: > hello from client213"
13,1773967883.4170637,1773967885.6662676,2.24920392036438,success
14,1773967890.923129,1773967893.0183105,2.095181465148926,success
"sender: client213, message: > hello from client213"
15,1773967898.2568438,1773967900.3819566,2.125112771987915,success
"sender: client213, message: > hello from client213"
16,1773967905.656005,1773967907.713131,2.057126045227051,success
17,1773967912.9588416,1773967915.0856595,2.1268179416656494,success
"sender: client213, message: > hello from client213"
18,1773967920.387676,1773967922.429931,2.04225492477417,success
19,1773967927.6844919,1773967929.7908132,2.106321334838867,success
20,1773967935.0540042,1773967937.1054583,2.0514540672302246,success
"sender: client213, message: > hello from client213"
