round,send_time,recv_time,rtt,status
1,1773967796.2524977,1773967798.2634976,2.010999917984009,success
2,1773967803.4305534,1773967805.367713,1.937159538269043,success
3,1773967810.6238954,1773967812.5304909,1.9065954685211182,success
4,1773967817.868441,1773967819.7061415,1.837700366973877,success
5,1773967825.0672069,1773967826.9500747,1.8828678131103516,success
6,1773967832.486083,1773967834.2323284,1.7462453842163086,success
7,1773967839.9471538,1773967841.5857997,1.638645887374878,success
8,1773967847.1195054,1773967848.8655984,1.7460930347442627,success
9,1773967854.4163465,1773967856.2414274,1.8250808715820312,success
"sender: client29, message: > hello from client29"
10,1773967861.6259909,1773967863.5693896,1.9433987140655518,success
"sender: client29, message: > hello from client29"
11,1773967868.914183,1773967870.9405193,2.026336431503296,success
"sender: client29, message: > hello from client29"
12,1773967876.2423608,1773967878.2604437,2.018082857131958,success
"sender: client29, message: > hello from client29"
13,1773967883.6120706,1773967885.6552823,2.0432116985321045,success
"sender: client29, message: > hello from client29"
14,1773967890.9192116,1773967892.994071,2.074859380722046,success
"sender: client29, message: > hello from client29"
15,1773967898.2296553,1773967900.3469613,2.1173059940338135,success
"sender: client29, message: > hello from client29"
16,1773967905.595771,1773967907.682131,2.086359977722168,success
"sender: client29, message: > hello from client29"
17,1773967913.0349438,1773967915.056347,2.0214030742645264,success
"sender: client29, message: > hello from client29"
18,1773967920.418,1773967922.4195356,2.001535654067993,success
"sender: client29, message: > hello from client29"
19,1773967927.6698532,1773967929.7501564,2.080303192138672,success
"sender: client29, message: > hello from client29"
20,1773967935.093198,1773967937.1125066,2.019308567047119,success
"sender: client29, message: > hello from client29"
