round,send_time,recv_time,rtt,status
5,1773961508.366731,1773961510.1556768,1.7889459133148193,success
6,1773961515.9323578,1773961517.5303302,1.5979723930358887,success
7,1773961523.5723672,1773961524.98608,1.413712739944458,success
8,1773961531.0917602,1773961532.505926,1.414165735244751,success
9,1773961538.957551,1773961540.124059,1.1665079593658447,success
10,1773961546.402184,1773961547.808128,1.4059441089630127,success
11,1773961554.057195,1773961555.152944,1.0957491397857666,success
12,1773961560.543712,1773961562.661011,2.1172990798950195,success
13,1773961568.229032,1773961570.172565,1.943532943725586,success
14,1773961575.583723,1773961577.736362,2.1526389122009277,success
"sender: client198, message: > hello from client198"
15,1773961583.586677,1773961585.248584,1.6619069576263428,success
"sender: client198, message: > hello from client198"
16,1773961590.621758,1773961592.757272,2.1355140209198,success
"sender: client198, message: > hello from client198"
17,1773961599.2546859,1773961600.339008,1.084322214126587,success
"sender: client198, message: > hello from client198"
18,1773961605.7927911,1773961607.8061519,2.0133607387542725,success
"sender: client198, message: > hello from client198"
19,1773961613.490485,1773961615.307603,1.8171179294586182,success
"sender: client198, message: > hello from client198"
20,1773961620.932835,1773961622.849577,1.9167418479919434,success
"sender: client198, message: > hello from client198"
21,1773961628.741827,1773961630.341859,1.600032091140747,success
"sender: client198, message: > hello from client198"
