round,send_time,recv_time,rtt,status
5,1773961508.241,1773961510.156217,1.9152171611785889,success
6,1773961515.825399,1773961517.5308611,1.7054622173309326,success
7,1773961523.606945,1773961524.98945,1.382504940032959,success
8,1773961531.174355,1773961532.510889,1.336534023284912,success
9,1773961538.924116,1773961540.144232,1.220116138458252,success
10,1773961546.266252,1773961547.8050618,1.5388097763061523,success
11,1773961554.072722,1773961555.153408,1.080686092376709,success
12,1773961560.690707,1773961562.663667,1.9729599952697754,success
"sender: client211, message: > hello from client211"
13,1773961568.693954,1773961570.18304,1.4890859127044678,success
"sender: client211, message: > hello from client211"
14,1773961575.709625,1773961577.7247481,2.015123128890991,success
"sender: client211, message: > hello from client211"
15,1773961583.267458,1773961585.251544,1.984086036682129,success
"sender: client211, message: > hello from client211"
16,1773961590.9919791,1773961592.7600908,1.7681117057800293,success
"sender: client211, message: > hello from client211"
17,1773961598.835639,1773961600.3397582,1.5041191577911377,success
"sender: client211, message: > hello from client211"
18,1773961605.8298318,1773961607.8056781,1.975846290588379,success
19,1773961613.381206,1773961615.31027,1.9290640354156494,success
"sender: client211, message: > hello from client211"
20,1773961621.065532,1773961622.8509388,1.7854068279266357,success
"sender: client211, message: > hello from client211"
21,1773961628.527474,1773961630.342745,1.8152711391448975,success
"sender: client211, message: > hello from client211"
