round,send_time,recv_time,rtt,status
3,1773967810.5803483,1773967812.5305877,1.9502394199371338,success
4,1773967817.863036,1773967819.7200024,1.856966495513916,success
5,1773967825.1470108,1773967826.9530008,1.8059899806976318,success
6,1773967832.4875097,1773967834.2396665,1.7521567344665527,success
7,1773967839.8608592,1773967841.5580006,1.697141408920288,success
8,1773967847.0916038,1773967848.8887172,1.7971134185791016,success
9,1773967854.3559895,1773967856.232028,1.8760385513305664,success
10,1773967861.5978158,1773967863.5684698,1.970654010772705,success
11,1773967868.939082,1773967870.9885914,2.0495095252990723,success
"sender: client133, message: > hello from client133"
12,1773967876.2157168,1773967878.33006,2.1143431663513184,success
"sender: client133, message: > hello from client133"
13,1773967883.6599834,1773967885.6588185,1.9988350868225098,success
"sender: client133, message: > hello from client133"
14,1773967890.9365375,1773967893.0180519,2.081514358520508,success
15,1773967898.2919314,1773967900.3836079,2.0916764736175537,success
"sender: client133, message: > hello from client133"
16,1773967905.6806066,1773967907.7033587,2.022752046585083,success
17,1773967913.0485678,1773967915.067382,2.0188143253326416,success
"sender: client133, message: > hello from client133"
18,1773967920.4218736,1773967922.4248226,2.0029489994049072,success
"sender: client133, message: > hello from client133"
19,1773967927.7707593,1773967929.749577,1.9788177013397217,success
"sender: client133, message: > hello from client133"
20,1773967935.0006676,1773967937.1027453,2.1020777225494385,success
"sender: client133, message: > hello from client133"
