round,send_time,recv_time,rtt,status
6,1773961515.835637,1773961517.5510771,1.715440034866333,success
7,1773961523.3807411,1773961525.009708,1.6289668083190918,success
8,1773961531.101195,1773961532.6052501,1.5040550231933594,success
9,1773961538.197508,1773961540.145785,1.9482769966125488,success
10,1773961545.787117,1773961547.770508,1.9833910465240479,success
11,1773961553.9780328,1773961555.172758,1.1947252750396729,success
12,1773961560.872719,1773961562.682027,1.8093080520629883,success
"sender: client311, message: > hello from client311"
13,1773961568.311627,1773961570.192136,1.8805091381072998,success
"sender: client311, message: > hello from client311"
14,1773961575.949867,1773961577.7381601,1.7882931232452393,success
"sender: client311, message: > hello from client311"
15,1773961583.561376,1773961585.272036,1.7106599807739258,success
"sender: client311, message: > hello from client311"
16,1773961591.375159,1773961592.780208,1.4050490856170654,success
"sender: client311, message: > hello from client311"
17,1773961599.0466409,1773961600.3771908,1.330549955368042,success
"sender: client311, message: > hello from client311"
18,1773961606.255744,1773961607.820883,1.5651390552520752,success
"sender: client311, message: > hello from client311"
19,1773961614.099686,1773961615.333146,1.2334601879119873,success
"sender: client311, message: > hello from client311"
20,1773961620.812701,1773961622.863294,2.0505928993225098,success
"sender: client311, message: > hello from client311"
21,1773961628.5633762,1773961630.361181,1.797804832458496,success
"sender: client311, message: > hello from client311"
