round,send_time,recv_time,rtt,status
3,1773967810.6049724,1773967812.5313234,1.9263510704040527,success
4,1773967817.8440967,1773967819.7210743,1.8769776821136475,success
5,1773967825.1107743,1773967826.9526255,1.8418512344360352,success
6,1773967832.3448985,1773967834.2600887,1.9151902198791504,success
7,1773967839.683755,1773967841.5854409,1.9016859531402588,success
8,1773967847.0123825,1773967848.8693132,1.8569307327270508,success
9,1773967854.1006925,1773967856.24153,2.1408374309539795,success
10,1773967861.505544,1773967863.5684526,2.06290864944458,success
11,1773967868.8364325,1773967870.988988,2.152555465698242,success
12,1773967876.1949534,1773967878.2725909,2.0776374340057373,success
"sender: client131, message: > hello from client131"
13,1773967883.6546774,1773967885.6527536,1.9980762004852295,success
"sender: client131, message: > hello from client131"
14,1773967890.9354258,1773967892.9817107,2.0462849140167236,success
"sender: client131, message: > hello from client131"
15,1773967898.3069973,1773967900.3719566,2.0649592876434326,success
16,1773967905.6036658,1773967907.702302,2.0986361503601074,success
17,1773967913.0551648,1773967915.0551038,1.99993896484375,success
"sender: client131, message: > hello from client131"
18,1773967920.4166262,1773967922.4168205,2.0001943111419678,success
19,1773967927.736611,1773967929.763043,2.0264320373535156,success
"sender: client131, message: > hello from client131"
20,1773967935.007064,1773967937.1026864,2.0956223011016846,success
"sender: client131, message: > hello from client131"
