round,send_time,recv_time,rtt,status
3,1773961493.665351,1773961495.5659971,1.9006462097167969,success
4,1773961501.00047,1773961502.7983391,1.7978692054748535,success
5,1773961508.326878,1773961510.12566,1.7987818717956543,success
6,1773961515.779592,1773961517.495955,1.7163629531860352,success
7,1773961523.6261451,1773961524.960057,1.3339118957519531,success
8,1773961531.270578,1773961532.474881,1.2043030261993408,success
9,1773961538.2801359,1773961540.1070971,1.8269612789154053,success
10,1773961545.543048,1773961547.760581,2.2175331115722656,success
11,1773961553.013942,1773961555.1545742,2.140632152557373,success
12,1773961560.709915,1773961562.637994,1.9280791282653809,success
13,1773961568.1743731,1773961570.159244,1.9848709106445312,success
"sender: client62, message: > hello from client62"
14,1773961575.5644128,1773961577.71893,2.15451717376709,success
"sender: client62, message: > hello from client62"
15,1773961583.13585,1773961585.219243,2.083393096923828,success
"sender: client62, message: > hello from client62"
16,1773961590.7778938,1773961592.740124,1.9622302055358887,success
"sender: client62, message: > hello from client62"
17,1773961599.131414,1773961600.2614741,1.1300601959228516,success
"sender: client62, message: > hello from client62"
18,1773961605.887294,1773961607.78273,1.8954360485076904,success
"sender: client62, message: > hello from client62"
19,1773961613.361482,1773961615.277573,1.9160912036895752,success
"sender: client62, message: > hello from client62"
20,1773961621.039693,1773961622.819857,1.7801637649536133,success
"sender: client62, message: > hello from client62"
21,1773961628.4757838,1773961630.3283122,1.8525283336639404,success
"sender: client62, message: > hello from client62"
