round,send_time,recv_time,rtt,status
9,1773961538.4031591,1773961540.116723,1.7135639190673828,success
10,1773961545.8544269,1773961547.848896,1.994469165802002,success
11,1773961553.650197,1773961555.196984,1.5467870235443115,success
12,1773961560.8644009,1773961562.712657,1.8482561111450195,success
"sender: client462, message: > hello from client462"
13,1773961568.639198,1773961570.22277,1.5835719108581543,success
"sender: client462, message: > hello from client462"
14,1773961575.852749,1773961577.7815108,1.9287617206573486,success
15,1773961583.4960341,1773961585.3058932,1.809859037399292,success
"sender: client462, message: > hello from client462"
16,1773961591.106165,1773961592.800852,1.6946871280670166,success
"sender: client462, message: > hello from client462"
17,1773961598.972405,1773961600.340949,1.368544101715088,success
18,1773961606.2745569,1773961607.850004,1.5754470825195312,success
19,1773961614.063092,1773961615.443687,1.3805949687957764,success
20,1773961620.94078,1773961622.896632,1.9558520317077637,success
"sender: client462, message: > hello from client462"
21,1773961628.549979,1773961630.391668,1.841689109802246,success
"sender: client462, message: > hello from client462"
