round,send_time,recv_time,rtt,status
9,1773961538.262526,1773961540.127994,1.8654680252075195,success
10,1773961545.6029282,1773961547.843914,2.240985870361328,success
11,1773961553.906931,1773961555.2002509,1.2933199405670166,success
12,1773961560.9480908,1773961562.712634,1.7645432949066162,success
"sender: client468, message: > hello from client468"
13,1773961568.6072829,1773961570.231359,1.6240761280059814,success
"sender: client468, message: > hello from client468"
14,1773961575.5964491,1773961577.811418,2.2149689197540283,success
"sender: client468, message: > hello from client468"
15,1773961583.598539,1773961585.3057122,1.7071731090545654,success
"sender: client468, message: > hello from client468"
16,1773961590.763096,1773961592.805527,2.042430877685547,success
17,1773961599.14899,1773961600.3416388,1.1926488876342773,success
"sender: client468, message: > hello from client468"
18,1773961606.335841,1773961607.8503191,1.5144782066345215,success
"sender: client468, message: > hello from client468"
19,1773961614.026409,1773961615.444273,1.4178640842437744,success
"sender: client468, message: > hello from client468"
20,1773961620.781069,1773961622.896545,2.11547589302063,success
21,1773961628.663021,1773961630.391553,1.728531837463379,success
"sender: client468, message: > hello from client468"
