round,send_time,recv_time,rtt,status
8,1773961530.9155898,1773961532.608609,1.693019151687622,success
9,1773961538.913306,1773961540.127306,1.2139999866485596,success
10,1773961546.451495,1773961547.8066912,1.355196237564087,success
11,1773961554.002589,1773961555.1938372,1.1912481784820557,success
12,1773961560.539927,1773961562.702894,2.1629669666290283,success
13,1773961568.242862,1773961570.215287,1.9724249839782715,success
"sender: client412, message: > hello from client412"
14,1773961575.631777,1773961577.768359,2.1365818977355957,success
"sender: client412, message: > hello from client412"
15,1773961583.2268312,1773961585.291702,2.064870834350586,success
"sender: client412, message: > hello from client412"
16,1773961590.816274,1773961592.794442,1.97816801071167,success
"sender: client412, message: > hello from client412"
17,1773961598.919397,1773961600.382646,1.4632489681243896,success
18,1773961605.772554,1773961607.8426619,2.070107936859131,success
"sender: client412, message: > hello from client412"
19,1773961614.0694249,1773961615.361006,1.291581153869629,success
"sender: client412, message: > hello from client412"
20,1773961620.761742,1773961622.883518,2.1217758655548096,success
"sender: client412, message: > hello from client412"
21,1773961628.633831,1773961630.386101,1.752269983291626,success
"sender: client412, message: > hello from client412"
