round,send_time,recv_time,rtt,status
8,1773967847.0850139,1773967848.89551,1.8104960918426514,success
9,1773967854.5201018,1773967856.2339709,1.7138690948486328,success
10,1773967861.5389025,1773967863.5885816,2.0496790409088135,success
11,1773967868.89073,1773967870.9893668,2.0986368656158447,success
12,1773967876.257165,1773967878.2781878,2.0210227966308594,success
"sender: client492, message: > hello from client492"
13,1773967883.5848715,1773967885.6677592,2.082887649536133,success
14,1773967890.9161882,1773967893.0218468,2.105658531188965,success
"sender: client492, message: > hello from client492"
15,1773967898.303309,1773967900.377647,2.074337959289551,success
16,1773967905.6564116,1773967907.6950412,2.0386295318603516,success
"sender: client492, message: > hello from client492"
17,1773967913.0508854,1773967915.2901108,2.239225387573242,success
"sender: client492, message: > hello from client492"
18,1773967920.379827,1773967922.422408,2.042581081390381,success
"sender: client492, message: > hello from client492"
19,1773967927.7605612,1773967929.7879312,2.027369976043701,success
20,1773967935.0411239,1773967937.1193018,2.0781779289245605,success
"sender: client492, message: > hello from client492"
