round,send_time,recv_time,rtt,status
8,1773961530.941021,1773961532.6032908,1.6622698307037354,success
9,1773961538.582386,1773961540.149666,1.5672800540924072,success
10,1773961545.838631,1773961547.804262,1.9656310081481934,success
11,1773961553.9815528,1773961555.185461,1.2039082050323486,success
12,1773961560.823245,1773961562.7011662,1.8779211044311523,success
"sender: client386, message: > hello from client386"
13,1773961568.714257,1773961570.207392,1.4931349754333496,success
"sender: client386, message: > hello from client386"
14,1773961575.921973,1773961577.763884,1.8419110774993896,success
"sender: client386, message: > hello from client386"
15,1773961583.518513,1773961585.286786,1.768273115158081,success
16,1773961590.94461,1773961592.785889,1.8412787914276123,success
"sender: client386, message: > hello from client386"
17,1773961598.9549792,1773961600.382348,1.4273688793182373,success
"sender: client386, message: > hello from client386"
18,1773961606.4020019,1773961607.834641,1.4326391220092773,success
"sender: client386, message: > hello from client386"
19,1773961613.5568728,1773961615.348966,1.79209303855896,success
"sender: client386, message: > hello from client386"
20,1773961621.201005,1773961622.8754408,1.6744358539581299,success
21,1773961628.352014,1773961630.3759658,2.023951768875122,success
"sender: client386, message: > hello from client386"
