round,send_time,recv_time,rtt,status
6,1773967832.456675,1773967834.2521312,1.7954561710357666,success
7,1773967839.7715566,1773967841.580323,1.8087663650512695,success
8,1773967847.1269107,1773967848.886813,1.7599022388458252,success
9,1773967854.4537616,1773967856.2569087,1.8031470775604248,success
10,1773967861.606937,1773967863.572507,1.9655699729919434,success
"sender: client349, message: > hello from client349"
11,1773967868.9628825,1773967870.9164822,1.9535996913909912,success
12,1773967876.1750884,1773967878.334568,2.1594796180725098,success
"sender: client349, message: > hello from client349"
13,1773967883.6353593,1773967885.6605155,2.025156259536743,success
"sender: client349, message: > hello from client349"
14,1773967890.917894,1773967892.986651,2.0687570571899414,success
"sender: client349, message: > hello from client349"
15,1773967898.274332,1773967900.4725747,2.198242664337158,success
16,1773967905.6281164,1773967907.6966214,2.068505048751831,success
"sender: client349, message: > hello from client349"
17,1773967913.011181,1773967915.063603,2.052421808242798,success
"sender: client349, message: > hello from client349"
18,1773967920.4010518,1773967922.4253905,2.024338722229004,success
"sender: client349, message: > hello from client349"
19,1773967927.7660508,1773967929.752807,1.9867560863494873,success
"sender: client349, message: > hello from client349"
20,1773967935.0861874,1773967937.1278448,2.0416574478149414,success
"sender: client349, message: > hello from client349"
