round,send_time,recv_time,rtt,status
4,1773967817.9166756,1773967819.7128184,1.796142816543579,success
5,1773967825.080716,1773967826.9692767,1.8885607719421387,success
6,1773967832.5137918,1773967834.2509377,1.7371459007263184,success
7,1773967839.9152443,1773967841.5870724,1.671828031539917,success
8,1773967847.2208962,1773967848.8877456,1.6668493747711182,success
9,1773967854.4517908,1773967856.2280052,1.776214361190796,success
10,1773967861.5395644,1773967863.5944796,2.054915189743042,success
11,1773967868.9247541,1773967870.9492276,2.0244734287261963,success
12,1773967876.258079,1773967878.3322783,2.0741991996765137,success
13,1773967883.5942314,1773967885.6719272,2.077695846557617,success
"sender: client231, message: > hello from client231"
14,1773967890.9594064,1773967892.9944005,2.034994125366211,success
"sender: client231, message: > hello from client231"
15,1773967898.3220704,1773967900.354314,2.0322437286376953,success
16,1773967905.670618,1773967907.7170913,2.046473264694214,success
17,1773967913.0264401,1773967915.0700283,2.043588161468506,success
"sender: client231, message: > hello from client231"
18,1773967920.413149,1773967922.433984,2.0208349227905273,success
"sender: client231, message: > hello from client231"
19,1773967927.7538736,1773967929.7520216,1.998147964477539,success
"sender: client231, message: > hello from client231"
20,1773967935.0460052,1773967937.122334,2.076328754425049,success
