round,send_time,recv_time,rtt,status
5,1773961508.287284,1773961510.155335,1.8680510520935059,success
6,1773961515.947587,1773961517.53005,1.582463026046753,success
7,1773961523.331635,1773961524.9860249,1.6543898582458496,success
8,1773961531.135354,1773961532.506046,1.3706920146942139,success
9,1773961538.925879,1773961540.123341,1.1974620819091797,success
10,1773961546.05422,1773961547.8045561,1.7503361701965332,success
11,1773961553.991254,1773961555.1539059,1.162651777267456,success
12,1773961560.760702,1773961562.660526,1.8998241424560547,success
"sender: client197, message: > hello from client197"
13,1773961568.225656,1773961570.167396,1.9417400360107422,success
14,1773961575.462462,1773961577.734466,2.2720041275024414,success
15,1773961583.3947892,1773961585.248141,1.8533518314361572,success
"sender: client197, message: > hello from client197"
16,1773961591.246866,1773961592.760009,1.5131430625915527,success
17,1773961598.970303,1773961600.33668,1.3663768768310547,success
"sender: client197, message: > hello from client197"
18,1773961605.699687,1773961607.8054678,2.105780839920044,success
19,1773961613.602041,1773961615.306069,1.7040278911590576,success
20,1773961620.7987268,1773961622.849694,2.050967216491699,success
"sender: client197, message: > hello from client197"
21,1773961628.5900538,1773961630.3417869,1.7517330646514893,success
"sender: client197, message: > hello from client197"
