round,send_time,recv_time,rtt,status
5,1773967825.1017652,1773967826.9684865,1.8667213916778564,success
6,1773967832.4796312,1773967834.2368424,1.7572112083435059,success
7,1773967839.7988858,1773967841.5880191,1.7891333103179932,success
8,1773967847.2256274,1773967848.8715785,1.6459510326385498,success
9,1773967853.9988956,1773967856.2635229,2.26462721824646,success
10,1773967861.6054327,1773967863.5743265,1.9688937664031982,success
11,1773967868.966341,1773967870.9183877,1.9520466327667236,success
"sender: client258, message: > hello from client258"
12,1773967876.234497,1773967878.329676,2.0951788425445557,success
"sender: client258, message: > hello from client258"
13,1773967883.6698937,1773967885.764449,2.094555139541626,success
"sender: client258, message: > hello from client258"
14,1773967890.9176953,1773967893.020276,2.1025807857513428,success
15,1773967898.2871132,1773967900.381611,2.0944979190826416,success
16,1773967905.6789014,1773967907.686538,2.007636547088623,success
"sender: client258, message: > hello from client258"
17,1773967913.0058527,1773967915.0695608,2.0637080669403076,success
18,1773967920.4160292,1773967922.4356003,2.01957106590271,success
"sender: client258, message: > hello from client258"
19,1773967927.6681895,1773967929.787082,2.1188924312591553,success
20,1773967935.092227,1773967937.129978,2.0377509593963623,success
"sender: client258, message: > hello from client258"
