round,send_time,recv_time,rtt,status
7,1773967839.9500775,1773967841.674007,1.7239294052124023,success
8,1773967847.1452827,1773967848.898207,1.7529242038726807,success
9,1773967854.0683937,1773967856.2274306,2.159036874771118,success
"sender: client464, message: > hello from client464"
10,1773967861.538333,1773967863.5693352,2.0310022830963135,success
"sender: client464, message: > hello from client464"
11,1773967868.9744546,1773967870.91921,1.9447553157806396,success
12,1773967876.244067,1773967878.2834384,2.0393714904785156,success
"sender: client464, message: > hello from client464"
13,1773967883.5752993,1773967885.6702132,2.094913959503174,success
"sender: client464, message: > hello from client464"
14,1773967890.9388344,1773967893.0858262,2.146991729736328,success
"sender: client464, message: > hello from client464"
15,1773967898.2878397,1773967900.4951677,2.2073280811309814,success
"sender: client464, message: > hello from client464"
16,1773967905.6363168,1773967907.6944494,2.0581326484680176,success
"sender: client464, message: > hello from client464"
17,1773967913.0462954,1773967915.1697216,2.1234261989593506,success
"sender: client464, message: > hello from client464"
18,1773967920.3980894,1773967922.4170244,2.018934965133667,success
"sender: client464, message: > hello from client464"
19,1773967927.70701,1773967929.7566745,2.0496644973754883,success
"sender: client464, message: > hello from client464"
20,1773967935.080971,1773967937.1320105,2.051039457321167,success
"sender: client464, message: > hello from client464"
