round,send_time,recv_time,rtt,status
8,1773967847.001037,1773967848.9005303,1.8994934558868408,success
9,1773967854.4608076,1773967856.2338068,1.7729992866516113,success
10,1773967861.6062438,1773967863.6034899,1.9972460269927979,success
11,1773967868.8797214,1773967870.928717,2.0489954948425293,success
12,1773967876.1654944,1773967878.2726932,2.107198715209961,success
"sender: client494, message: > hello from client494"
13,1773967883.660408,1773967885.7688348,2.108426809310913,success
14,1773967890.9546165,1773967893.0212817,2.0666651725769043,success
15,1773967898.2935991,1773967900.37713,2.083530902862549,success
"sender: client494, message: > hello from client494"
16,1773967905.6328146,1773967907.6950603,2.0622456073760986,success
"sender: client494, message: > hello from client494"
17,1773967913.0218108,1773967915.162945,2.141134262084961,success
"sender: client494, message: > hello from client494"
18,1773967920.4061298,1773967922.4391077,2.032977819442749,success
19,1773967927.6964955,1773967929.7885597,2.092064142227173,success
20,1773967935.051989,1773967937.2114456,2.159456491470337,success
