round,send_time,recv_time,rtt,status
7,1773961523.2003798,1773961525.012883,1.8125030994415283,success
8,1773961531.27917,1773961532.6096199,1.3304498195648193,success
9,1773961538.220948,1773961540.11075,1.8898019790649414,success
10,1773961546.181203,1773961547.805677,1.624474048614502,success
11,1773961553.9891741,1773961555.180066,1.190891981124878,success
12,1773961560.699403,1773961562.6881652,1.9887621402740479,success
13,1773961568.663915,1773961570.198588,1.5346729755401611,success
"sender: client341, message: > hello from client341"
14,1773961575.912051,1773961577.748768,1.836717128753662,success
"sender: client341, message: > hello from client341"
15,1773961583.298762,1773961585.2779992,1.9792370796203613,success
16,1773961590.9667048,1773961592.7777338,1.8110289573669434,success
"sender: client341, message: > hello from client341"
17,1773961599.1511092,1773961600.368258,1.217148780822754,success
"sender: client341, message: > hello from client341"
18,1773961606.3981109,1773961607.829063,1.4309520721435547,success
"sender: client341, message: > hello from client341"
19,1773961614.093802,1773961615.338322,1.2445199489593506,success
"sender: client341, message: > hello from client341"
20,1773961621.029401,1773961622.868319,1.8389179706573486,success
"sender: client341, message: > hello from client341"
21,1773961628.652164,1773961630.367876,1.715712070465088,success
"sender: client341, message: > hello from client341"
