round,send_time,recv_time,rtt,status
3,1773967810.6168127,1773967812.5363452,1.9195325374603271,success
4,1773967817.8449152,1773967819.7278159,1.8829007148742676,success
5,1773967825.0089014,1773967826.9787753,1.9698739051818848,success
6,1773967832.3790474,1773967834.2516775,1.8726301193237305,success
7,1773967839.9499884,1773967841.5869038,1.6369154453277588,success
8,1773967847.178789,1773967848.869567,1.6907780170440674,success
9,1773967854.3892798,1773967856.2216675,1.8323876857757568,success
10,1773967861.612973,1773967863.596656,1.9836831092834473,success
11,1773967868.949314,1773967870.9175384,1.968224287033081,success
"sender: client167, message: > hello from client167"
12,1773967876.2504642,1773967878.3297338,2.0792696475982666,success
"sender: client167, message: > hello from client167"
13,1773967883.5858507,1773967885.661422,2.075571298599243,success
"sender: client167, message: > hello from client167"
14,1773967890.8979995,1773967893.0186708,2.120671272277832,success
"sender: client167, message: > hello from client167"
15,1773967898.325954,1773967900.37629,2.0503361225128174,success
"sender: client167, message: > hello from client167"
16,1773967905.6656702,1773967907.7001095,2.0344393253326416,success
17,1773967913.0102804,1773967915.0869277,2.0766472816467285,success
"sender: client167, message: > hello from client167"
18,1773967920.3097374,1773967922.4115863,2.101848840713501,success
"sender: client167, message: > hello from client167"
19,1773967927.6726508,1773967929.7910073,2.118356466293335,success
20,1773967935.0154374,1773967937.1269321,2.111494779586792,success
