round,send_time,recv_time,rtt,status
2,1773961486.383447,1773961488.377585,1.9941380023956299,success
3,1773961493.669031,1773961495.558003,1.8889720439910889,success
4,1773961500.961364,1773961502.7862558,1.8248918056488037,success
5,1773961508.428535,1773961510.1155798,1.6870448589324951,success
6,1773961515.990318,1773961517.487473,1.497154951095581,success
7,1773961523.560492,1773961524.9486809,1.3881888389587402,success
8,1773961531.272015,1773961532.4682722,1.1962571144104004,success
9,1773961538.05796,1773961540.10196,2.0439999103546143,success
10,1773961545.9449239,1773961547.754714,1.8097901344299316,success
11,1773961553.17139,1773961555.148225,1.976835012435913,success
12,1773961560.633261,1773961562.630656,1.9973950386047363,success
"sender: client23, message: > hello from client23"
13,1773961568.175394,1773961570.1347,1.959306001663208,success
"sender: client23, message: > hello from client23"
14,1773961575.637223,1773961577.7104619,2.0732388496398926,success
"sender: client23, message: > hello from client23"
15,1773961583.1961951,1773961585.2100322,2.0138370990753174,success
16,1773961590.6159942,1773961592.7411551,2.1251609325408936,success
17,1773961598.828223,1773961600.250942,1.4227190017700195,success
18,1773961605.656352,1773961607.771929,2.115576982498169,success
"sender: client23, message: > hello from client23"
19,1773961613.306829,1773961615.2724428,1.965613842010498,success
"sender: client23, message: > hello from client23"
20,1773961621.027495,1773961622.823595,1.79610013961792,success
"sender: client23, message: > hello from client23"
21,1773961628.2885718,1773961630.3068402,2.018268346786499,success
