round,send_time,recv_time,rtt,status
2,1773967803.4148555,1773967805.3693297,1.9544742107391357,success
3,1773967810.6434832,1773967812.5296261,1.8861429691314697,success
4,1773967817.948237,1773967819.7236373,1.7754004001617432,success
5,1773967825.064447,1773967826.985565,1.9211180210113525,success
6,1773967832.503839,1773967834.2325773,1.7287383079528809,success
7,1773967839.8397624,1773967841.5806832,1.7409207820892334,success
8,1773967847.1996636,1773967848.866198,1.666534423828125,success
9,1773967854.3898509,1773967856.2343168,1.844465970993042,success
10,1773967861.531374,1773967863.5892863,2.0579123497009277,success
11,1773967868.942826,1773967870.912409,1.9695830345153809,success
"sender: client49, message: > hello from client49"
12,1773967876.250779,1773967878.3317196,2.0809407234191895,success
13,1773967883.6547031,1773967885.6506345,1.9959313869476318,success
"sender: client49, message: > hello from client49"
14,1773967890.9157696,1773967892.9797106,2.06394100189209,success
15,1773967898.2138555,1773967900.345307,2.1314516067504883,success
16,1773967905.6709206,1773967907.6944017,2.0234811305999756,success
"sender: client49, message: > hello from client49"
17,1773967913.0242887,1773967915.030561,2.006272315979004,success
18,1773967920.4115694,1773967922.4321713,2.020601987838745,success
"sender: client49, message: > hello from client49"
19,1773967927.736585,1773967929.748539,2.0119540691375732,success
"sender: client49, message: > hello from client49"
20,1773967935.0065696,1773967937.1010191,2.094449520111084,success
