round,send_time,recv_time,rtt,status
1,1773967796.2528777,1773967798.2645547,2.0116770267486572,success
2,1773967803.4433126,1773967805.3671834,1.9238708019256592,success
3,1773967810.6076548,1773967812.530325,1.9226701259613037,success
4,1773967817.8023975,1773967819.7057776,1.9033801555633545,success
5,1773967825.0931077,1773967826.9710164,1.877908706665039,success
6,1773967832.4439783,1773967834.2509792,1.8070008754730225,success
7,1773967839.9736085,1773967841.5667105,1.593101978302002,success
8,1773967847.1391225,1773967848.8733501,1.7342276573181152,success
9,1773967854.0857303,1773967856.2350702,2.1493399143218994,success
"sender: client19, message: > hello from client19"
10,1773967861.6640487,1773967863.569744,1.9056954383850098,success
"sender: client19, message: > hello from client19"
11,1773967868.9491124,1773967870.9892273,2.0401148796081543,success
12,1773967876.2468536,1773967878.337103,2.0902493000030518,success
13,1773967883.541995,1773967885.649626,2.107630968093872,success
14,1773967890.9484646,1773967893.0174227,2.068958044052124,success
"sender: client19, message: > hello from client19"
15,1773967898.1348686,1773967900.3453639,2.2104952335357666,success
"sender: client19, message: > hello from client19"
16,1773967905.617625,1773967907.6933033,2.0756783485412598,success
"sender: client19, message: > hello from client19"
17,1773967913.0038404,1773967915.0293732,2.0255327224731445,success
"sender: client19, message: > hello from client19"
18,1773967920.3913603,1773967922.426215,2.0348546504974365,success
"sender: client19, message: > hello from client19"
19,1773967927.763147,1773967929.7482662,1.985119104385376,success
"sender: client19, message: > hello from client19"
20,1773967934.9286337,1773967937.1016374,2.173003673553467,success
"sender: client19, message: > hello from client19"
