round,send_time,recv_time,rtt,status
3,1773961493.596382,1773961495.5783,1.9819180965423584,success
4,1773961500.9649951,1773961502.8083389,1.843343734741211,success
5,1773961508.320178,1773961510.139997,1.8198189735412598,success
6,1773961515.9902751,1773961517.51214,1.521864891052246,success
7,1773961523.573885,1773961524.9731789,1.3992938995361328,success
8,1773961531.264683,1773961532.486138,1.2214550971984863,success
9,1773961538.971491,1773961540.1374562,1.1659650802612305,success
10,1773961545.883497,1773961547.7628832,1.8793861865997314,success
11,1773961553.8527071,1773961555.150385,1.297677755355835,success
12,1773961560.6839738,1773961562.6449668,1.9609930515289307,success
13,1773961568.372224,1773961570.15749,1.7852659225463867,success
"sender: client123, message: > hello from client123"
14,1773961575.953526,1773961577.7248158,1.7712898254394531,success
"sender: client123, message: > hello from client123"
15,1773961583.35747,1773961585.233303,1.8758330345153809,success
"sender: client123, message: > hello from client123"
16,1773961590.815016,1773961592.7414012,1.9263851642608643,success
"sender: client123, message: > hello from client123"
17,1773961599.148993,1773961600.278173,1.1291799545288086,success
"sender: client123, message: > hello from client123"
18,1773961605.846185,1773961607.794239,1.9480540752410889,success
"sender: client123, message: > hello from client123"
19,1773961614.060998,1773961615.291171,1.230173110961914,success
20,1773961620.9641302,1773961622.8319318,1.8678016662597656,success
"sender: client123, message: > hello from client123"
21,1773961628.744052,1773961630.336894,1.5928421020507812,success
"sender: client123, message: > hello from client123"
