round,send_time,recv_time,rtt,status
2,1773961486.363029,1773961488.3877661,2.0247371196746826,success
3,1773961493.6403031,1773961495.562597,1.9222939014434814,success
4,1773961500.904806,1773961502.7929192,1.888113260269165,success
5,1773961508.33976,1773961510.123568,1.7838079929351807,success
6,1773961515.957835,1773961517.496193,1.5383579730987549,success
7,1773961523.584882,1773961524.9591858,1.3743038177490234,success
8,1773961531.1283991,1773961532.4711308,1.3427317142486572,success
9,1773961538.205153,1773961540.1352372,1.930084228515625,success
10,1773961545.853096,1773961547.753729,1.9006330966949463,success
11,1773961553.2012641,1773961555.1544828,1.953218698501587,success
12,1773961560.680309,1773961562.6293151,1.9490060806274414,success
13,1773961568.199896,1773961570.154721,1.9548249244689941,success
"sender: client54, message: > hello from client54"
14,1773961575.919347,1773961577.7241359,1.8047888278961182,success
15,1773961583.368186,1773961585.219108,1.8509221076965332,success
"sender: client54, message: > hello from client54"
16,1773961590.710196,1773961592.739925,2.029728889465332,success
"sender: client54, message: > hello from client54"
17,1773961598.861491,1773961600.25195,1.3904590606689453,success
18,1773961605.811191,1773961607.782636,1.971444845199585,success
"sender: client54, message: > hello from client54"
19,1773961613.357244,1773961615.2771652,1.9199211597442627,success
"sender: client54, message: > hello from client54"
20,1773961621.020889,1773961622.821398,1.800508975982666,success
"sender: client54, message: > hello from client54"
21,1773961628.42799,1773961630.315209,1.887218952178955,success
"sender: client54, message: > hello from client54"
