round,send_time,recv_time,rtt,status
3,1773961493.5960479,1773961495.575167,1.979119062423706,success
4,1773961500.914067,1773961502.805294,1.8912270069122314,success
5,1773961508.41633,1773961510.136574,1.7202439308166504,success
6,1773961515.941865,1773961517.50718,1.5653150081634521,success
7,1773961523.534047,1773961524.96811,1.434063196182251,success
8,1773961531.2432692,1773961532.485493,1.2422237396240234,success
9,1773961538.568984,1773961540.139861,1.5708770751953125,success
10,1773961546.048185,1773961547.7619462,1.7137610912322998,success
11,1773961553.8106802,1773961555.1502929,1.3396127223968506,success
12,1773961560.5734231,1773961562.640394,2.0669708251953125,success
"sender: client113, message: > hello from client113"
13,1773961568.676214,1773961570.154411,1.4781970977783203,success
"sender: client113, message: > hello from client113"
14,1773961576.0363579,1773961577.721285,1.684927225112915,success
"sender: client113, message: > hello from client113"
15,1773961583.1719959,1773961585.228977,2.056981086730957,success
16,1773961590.925369,1773961592.736554,1.8111848831176758,success
"sender: client113, message: > hello from client113"
17,1773961598.963136,1773961600.26515,1.3020141124725342,success
"sender: client113, message: > hello from client113"
18,1773961605.748812,1773961607.79218,2.043368101119995,success
19,1773961613.406496,1773961615.287942,1.8814458847045898,success
"sender: client113, message: > hello from client113"
20,1773961621.1009622,1773961622.8311732,1.7302110195159912,success
21,1773961628.3667572,1773961630.332427,1.965669870376587,success
