round,send_time,recv_time,rtt,status
1,1773967796.2001462,1773967798.2635436,2.0633974075317383,success
2,1773967803.403023,1773967805.3685648,1.9655418395996094,success
3,1773967810.582952,1773967812.529203,1.9462509155273438,success
4,1773967817.7509766,1773967819.7059739,1.9549973011016846,success
5,1773967825.0555177,1773967826.9496393,1.8941216468811035,success
6,1773967832.4433677,1773967834.2335055,1.790137767791748,success
7,1773967839.9051123,1773967841.5909288,1.6858165264129639,success
8,1773967847.2293475,1773967848.8654432,1.6360957622528076,success
9,1773967854.4906774,1773967856.2165394,1.7258620262145996,success
10,1773967861.6163645,1773967863.5687013,1.9523367881774902,success
"sender: client22, message: > hello from client22"
11,1773967868.7307825,1773967870.9118338,2.181051254272461,success
"sender: client22, message: > hello from client22"
12,1773967876.2365675,1773967878.3316624,2.095094919204712,success
13,1773967883.6655369,1773967885.6499,1.984363079071045,success
"sender: client22, message: > hello from client22"
14,1773967890.9756854,1773967893.0212631,2.0455777645111084,success
"sender: client22, message: > hello from client22"
15,1773967898.1765325,1773967900.3469806,2.170448064804077,success
"sender: client22, message: > hello from client22"
16,1773967905.6568274,1773967907.6933951,2.0365676879882812,success
"sender: client22, message: > hello from client22"
17,1773967913.0102036,1773967915.0292015,2.01899790763855,success
"sender: client22, message: > hello from client22"
18,1773967920.3807282,1773967922.4417908,2.0610625743865967,success
19,1773967927.743318,1773967929.7487867,2.0054686069488525,success
"sender: client22, message: > hello from client22"
20,1773967935.0262861,1773967937.1107347,2.0844485759735107,success
"sender: client22, message: > hello from client22"
