round,send_time,recv_time,rtt,status
4,1773961500.967288,1773961502.818971,1.8516829013824463,success
5,1773961508.234344,1773961510.1451762,1.910832166671753,success
6,1773961515.907393,1773961517.5207858,1.6133928298950195,success
7,1773961523.4985821,1773961524.97775,1.4791679382324219,success
8,1773961530.9707751,1773961532.494022,1.5232467651367188,success
9,1773961538.9662359,1773961540.132045,1.165809154510498,success
10,1773961546.4193559,1773961547.8075361,1.3881802558898926,success
11,1773961553.917343,1773961555.1533701,1.2360272407531738,success
12,1773961560.732783,1773961562.651804,1.9190208911895752,success
"sender: client159, message: > hello from client159"
13,1773961568.307025,1773961570.1662211,1.8591961860656738,success
"sender: client159, message: > hello from client159"
14,1773961575.999157,1773961577.7166378,1.7174808979034424,success
"sender: client159, message: > hello from client159"
15,1773961583.599621,1773961585.2385972,1.6389760971069336,success
"sender: client159, message: > hello from client159"
16,1773961590.701893,1773961592.757866,2.0559728145599365,success
"sender: client159, message: > hello from client159"
17,1773961598.881829,1773961600.276984,1.3951549530029297,success
"sender: client159, message: > hello from client159"
18,1773961605.88023,1773961607.795435,1.9152050018310547,success
"sender: client159, message: > hello from client159"
19,1773961614.061005,1773961615.299305,1.23829984664917,success
"sender: client159, message: > hello from client159"
20,1773961620.779752,1773961622.8379369,2.058184862136841,success
"sender: client159, message: > hello from client159"
21,1773961628.507657,1773961630.33936,1.8317029476165771,success
"sender: client159, message: > hello from client159"
