round,send_time,recv_time,rtt,status
3,1773961493.553985,1773961495.575286,2.021300792694092,success
4,1773961500.9312341,1773961502.8055391,1.874305009841919,success
5,1773961507.977411,1773961510.136877,2.159466028213501,success
6,1773961515.964628,1773961517.507521,1.5428929328918457,success
7,1773961523.588885,1773961524.972227,1.3833420276641846,success
8,1773961531.243957,1773961532.485888,1.2419309616088867,success
9,1773961538.745136,1773961540.145022,1.399885892868042,success
10,1773961546.385918,1773961547.755645,1.3697271347045898,success
11,1773961553.2619112,1773961555.155006,1.893094778060913,success
12,1773961560.523678,1773961562.6436238,2.119945764541626,success
"sender: client117, message: > hello from client117"
13,1773961568.188836,1773961570.15738,1.9685440063476562,success
14,1773961575.551438,1773961577.72252,2.171082019805908,success
15,1773961583.562311,1773961585.230002,1.6676909923553467,success
"sender: client117, message: > hello from client117"
16,1773961591.331862,1773961592.738132,1.4062700271606445,success
"sender: client117, message: > hello from client117"
17,1773961598.879626,1773961600.270056,1.390429973602295,success
18,1773961605.8954492,1773961607.793261,1.8978118896484375,success
19,1773961614.055359,1773961615.290988,1.2356290817260742,success
"sender: client117, message: > hello from client117"
20,1773961620.8966222,1773961622.831574,1.9349517822265625,success
"sender: client117, message: > hello from client117"
21,1773961628.64836,1773961630.330109,1.681748867034912,success
"sender: client117, message: > hello from client117"
