round,send_time,recv_time,rtt,status
3,1773961493.589039,1773961495.578233,1.9891939163208008,success
4,1773961500.91395,1773961502.811409,1.8974590301513672,success
5,1773961508.2067788,1773961510.1402721,1.9334933757781982,success
6,1773961515.894351,1773961517.5170078,1.6226568222045898,success
7,1773961523.497787,1773961524.972833,1.475045919418335,success
8,1773961531.106185,1773961532.488405,1.3822200298309326,success
9,1773961538.957498,1773961540.149895,1.192396879196167,success
10,1773961546.41939,1773961547.7586591,1.3392691612243652,success
11,1773961553.8509948,1773961555.1599271,1.3089323043823242,success
12,1773961560.757538,1773961562.647447,1.889909029006958,success
"sender: client130, message: > hello from client130"
13,1773961568.389062,1773961570.1624901,1.773428201675415,success
"sender: client130, message: > hello from client130"
14,1773961576.128621,1773961577.7084491,1.5798280239105225,success
"sender: client130, message: > hello from client130"
15,1773961583.293785,1773961585.233357,1.9395718574523926,success
"sender: client130, message: > hello from client130"
16,1773961591.0833158,1773961592.749435,1.66611909866333,success
17,1773961598.735038,1773961600.276273,1.5412349700927734,success
18,1773961605.712489,1773961607.794765,2.0822761058807373,success
"sender: client130, message: > hello from client130"
19,1773961613.6145961,1773961615.2918348,1.6772387027740479,success
"sender: client130, message: > hello from client130"
20,1773961621.075993,1773961622.839731,1.7637379169464111,success
"sender: client130, message: > hello from client130"
21,1773961628.509543,1773961630.330438,1.8208949565887451,success
"sender: client130, message: > hello from client130"
