round,send_time,recv_time,rtt,status
2,1773961486.3860438,1773961488.377922,1.9918782711029053,success
3,1773961493.657362,1773961495.5607538,1.9033918380737305,success
4,1773961500.993744,1773961502.786803,1.7930591106414795,success
5,1773961508.330112,1773961510.120168,1.7900559902191162,success
6,1773961515.9562838,1773961517.488427,1.5321431159973145,success
7,1773961523.449945,1773961524.9510589,1.5011138916015625,success
8,1773961531.227094,1773961532.4677272,1.240633249282837,success
9,1773961538.354908,1773961540.135742,1.7808339595794678,success
10,1773961545.683064,1773961547.755531,2.072467088699341,success
11,1773961553.200557,1773961555.151547,1.9509899616241455,success
12,1773961560.6439,1773961562.628232,1.9843320846557617,success
"sender: client31, message: > hello from client31"
13,1773961568.151051,1773961570.136827,1.9857759475708008,success
"sender: client31, message: > hello from client31"
14,1773961575.767285,1773961577.70205,1.9347648620605469,success
"sender: client31, message: > hello from client31"
15,1773961583.125379,1773961585.210635,2.0852558612823486,success
"sender: client31, message: > hello from client31"
16,1773961590.701602,1773961592.739609,2.0380070209503174,success
17,1773961599.100823,1773961600.2495098,1.1486868858337402,success
"sender: client31, message: > hello from client31"
18,1773961605.6978629,1773961607.7715662,2.0737032890319824,success
"sender: client31, message: > hello from client31"
19,1773961613.393347,1773961615.2767518,1.8834047317504883,success
"sender: client31, message: > hello from client31"
20,1773961620.904719,1773961622.823255,1.9185359477996826,success
"sender: client31, message: > hello from client31"
21,1773961628.236646,1773961630.30748,2.070834159851074,success
