round,send_time,recv_time,rtt,status
3,1773961493.6136918,1773961495.578181,1.964489221572876,success
4,1773961500.9590888,1773961502.811399,1.8523101806640625,success
5,1773961508.2253382,1773961510.1433978,1.9180595874786377,success
6,1773961515.963209,1773961517.5170481,1.5538392066955566,success
7,1773961523.579206,1773961524.972812,1.3936059474945068,success
8,1773961531.0544949,1773961532.48842,1.4339251518249512,success
9,1773961538.840168,1773961540.150799,1.3106310367584229,success
10,1773961546.5054731,1773961547.761344,1.2558708190917969,success
11,1773961553.971333,1773961555.1655161,1.194183111190796,success
12,1773961560.871705,1773961562.649705,1.7779998779296875,success
"sender: client133, message: > hello from client133"
13,1773961568.617974,1773961570.157315,1.5393409729003906,success
"sender: client133, message: > hello from client133"
14,1773961575.8191261,1773961577.716872,1.8977458477020264,success
"sender: client133, message: > hello from client133"
15,1773961583.134679,1773961585.2343612,2.099682092666626,success
"sender: client133, message: > hello from client133"
16,1773961591.1061592,1773961592.7524538,1.6462945938110352,success
17,1773961598.830496,1773961600.2708218,1.4403257369995117,success
"sender: client133, message: > hello from client133"
18,1773961605.838897,1773961607.79556,1.956662893295288,success
"sender: client133, message: > hello from client133"
19,1773961613.611093,1773961615.291306,1.6802129745483398,success
20,1773961621.374635,1773961622.8362072,1.4615721702575684,success
"sender: client133, message: > hello from client133"
21,1773961628.472113,1773961630.3297868,1.8576738834381104,success
"sender: client133, message: > hello from client133"
