round,send_time,recv_time,rtt,status
8,1773967847.201114,1773967848.8888776,1.6877636909484863,success
9,1773967854.473333,1773967856.233933,1.7606000900268555,success
10,1773967861.5200627,1773967863.5699081,2.0498454570770264,success
"sender: client495, message: > hello from client495"
11,1773967868.85528,1773967870.9238973,2.068617343902588,success
12,1773967876.2422683,1773967878.2844617,2.0421934127807617,success
"sender: client495, message: > hello from client495"
13,1773967883.5952148,1773967885.7585237,2.16330885887146,success
14,1773967890.941719,1773967893.0212502,2.079531192779541,success
15,1773967898.291019,1773967900.3813426,2.0903236865997314,success
"sender: client495, message: > hello from client495"
16,1773967905.6027043,1773967907.6950886,2.0923843383789062,success
"sender: client495, message: > hello from client495"
17,1773967913.053029,1773967915.1645002,2.111471176147461,success
"sender: client495, message: > hello from client495"
18,1773967920.4078944,1773967922.434994,2.027099609375,success
"sender: client495, message: > hello from client495"
19,1773967927.6543067,1773967929.7812483,2.126941680908203,success
"sender: client495, message: > hello from client495"
20,1773967935.0408154,1773967937.2234886,2.182673215866089,success
