round,send_time,recv_time,rtt,status
7,1773967839.823089,1773967841.6739423,1.850853443145752,success
8,1773967847.2148829,1773967848.8892524,1.6743695735931396,success
9,1773967854.042869,1773967856.3314397,2.2885706424713135,success
"sender: client465, message: > hello from client465"
10,1773967861.6056838,1773967863.569304,1.9636201858520508,success
"sender: client465, message: > hello from client465"
11,1773967868.9736125,1773967870.9919238,2.0183112621307373,success
12,1773967876.187063,1773967878.2862563,2.0991933345794678,success
"sender: client465, message: > hello from client465"
13,1773967883.649624,1773967885.6693463,2.0197222232818604,success
"sender: client465, message: > hello from client465"
14,1773967890.9810998,1773967893.1005757,2.119475841522217,success
"sender: client465, message: > hello from client465"
15,1773967898.302473,1773967900.4946978,2.1922247409820557,success
"sender: client465, message: > hello from client465"
16,1773967905.5987797,1773967907.707312,2.108532428741455,success
17,1773967913.0300233,1773967915.0669498,2.036926507949829,success
"sender: client465, message: > hello from client465"
18,1773967920.3626928,1773967922.425597,2.062904119491577,success
"sender: client465, message: > hello from client465"
19,1773967927.7514043,1773967929.7813144,2.029910087585449,success
"sender: client465, message: > hello from client465"
20,1773967935.0175855,1773967937.1244774,2.1068918704986572,success
"sender: client465, message: > hello from client465"
