round,send_time,recv_time,rtt,status
6,1773967832.396648,1773967834.2456017,1.8489537239074707,success
7,1773967839.975737,1773967841.5738738,1.5981366634368896,success
8,1773967847.216653,1773967848.8873544,1.670701265335083,success
9,1773967854.1047897,1773967856.2237465,2.1189568042755127,success
10,1773967861.6698198,1773967863.5676057,1.8977859020233154,success
11,1773967868.916242,1773967870.9516754,2.035433530807495,success
12,1773967876.2072005,1773967878.3353515,2.1281509399414062,success
13,1773967883.663786,1773967885.6629086,1.9991226196289062,success
"sender: client355, message: > hello from client355"
14,1773967890.9437513,1773967892.9869213,2.0431699752807617,success
"sender: client355, message: > hello from client355"
15,1773967898.2864404,1773967900.4773233,2.190882921218872,success
"sender: client355, message: > hello from client355"
16,1773967905.6524599,1773967907.689426,2.03696608543396,success
"sender: client355, message: > hello from client355"
17,1773967913.0506856,1773967915.0778685,2.0271828174591064,success
"sender: client355, message: > hello from client355"
18,1773967920.379798,1773967922.4261944,2.046396493911743,success
"sender: client355, message: > hello from client355"
19,1773967927.7025883,1773967929.7895093,2.086920976638794,success
20,1773967935.0382512,1773967937.1181934,2.079942226409912,success
"sender: client355, message: > hello from client355"
