round,send_time,recv_time,rtt,status
7,1773967839.8488028,1773967841.6671908,1.8183879852294922,success
8,1773967847.1126137,1773967848.9006126,1.787998914718628,success
9,1773967854.523726,1773967856.3245597,1.8008337020874023,success
10,1773967861.5201695,1773967863.5930233,2.0728538036346436,success
11,1773967868.8989081,1773967870.9953232,2.0964150428771973,success
"sender: client443, message: > hello from client443"
12,1773967876.2142582,1773967878.3213258,2.107067584991455,success
"sender: client443, message: > hello from client443"
13,1773967883.649664,1773967885.662054,2.01239013671875,success
"sender: client443, message: > hello from client443"
14,1773967890.9354205,1773967893.0927112,2.1572906970977783,success
15,1773967898.3110638,1773967900.44854,2.1374762058258057,success
16,1773967905.6310577,1773967907.715895,2.0848371982574463,success
17,1773967913.058625,1773967915.0660424,2.0074174404144287,success
"sender: client443, message: > hello from client443"
18,1773967920.3903222,1773967922.4408855,2.050563335418701,success
19,1773967927.729633,1773967929.7631464,2.033513307571411,success
"sender: client443, message: > hello from client443"
20,1773967935.0311894,1773967937.1279988,2.0968093872070312,success
"sender: client443, message: > hello from client443"
