round,send_time,recv_time,rtt,status
6,1773967832.4505057,1773967834.2555423,1.8050365447998047,success
7,1773967839.977444,1773967841.5937822,1.6163382530212402,success
8,1773967847.1549459,1773967848.888325,1.7333791255950928,success
9,1773967854.5248342,1773967856.2606606,1.7358264923095703,success
10,1773967861.6270707,1773967863.5849645,1.9578938484191895,success
"sender: client381, message: > hello from client381"
11,1773967868.9378512,1773967870.9173582,1.9795069694519043,success
"sender: client381, message: > hello from client381"
12,1773967876.2071667,1773967878.2744238,2.0672571659088135,success
"sender: client381, message: > hello from client381"
13,1773967883.6303,1773967885.660881,2.030580997467041,success
"sender: client381, message: > hello from client381"
14,1773967890.9609625,1773967893.0983238,2.1373612880706787,success
"sender: client381, message: > hello from client381"
15,1773967898.2211173,1773967900.4720716,2.2509543895721436,success
"sender: client381, message: > hello from client381"
16,1773967905.6689985,1773967907.708026,2.039027452468872,success
17,1773967913.0360134,1773967915.0856464,2.049633026123047,success
"sender: client381, message: > hello from client381"
18,1773967920.4198596,1773967922.4377491,2.0178894996643066,success
19,1773967927.7564244,1773967929.788033,2.0316085815429688,success
20,1773967935.033902,1773967937.2127793,2.178877353668213,success
"sender: client381, message: > hello from client381"
