round,send_time,recv_time,rtt,status
3,1773961493.5961332,1773961495.5731351,1.9770019054412842,success
4,1773961500.952848,1773961502.8053179,1.8524699211120605,success
5,1773961508.438609,1773961510.133201,1.694591999053955,success
6,1773961515.9995542,1773961517.506918,1.5073637962341309,success
7,1773961523.363138,1773961524.9680169,1.6048789024353027,success
8,1773961531.277758,1773961532.4819741,1.2042162418365479,success
9,1773961538.88649,1773961540.1294389,1.2429487705230713,success
10,1773961545.5249019,1773961547.753181,2.2282791137695312,success
11,1773961553.282233,1773961555.154933,1.8726999759674072,success
12,1773961560.7764769,1773961562.642008,1.8655312061309814,success
"sender: client108, message: > hello from client108"
13,1773961568.320061,1773961570.158048,1.837986946105957,success
"sender: client108, message: > hello from client108"
14,1773961575.8477461,1773961577.70948,1.8617339134216309,success
15,1773961583.5002692,1773961585.2300549,1.729785680770874,success
"sender: client108, message: > hello from client108"
16,1773961591.148567,1773961592.739315,1.5907480716705322,success
17,1773961599.056198,1773961600.265671,1.2094731330871582,success
"sender: client108, message: > hello from client108"
18,1773961605.678439,1773961607.7929358,2.114496946334839,success
"sender: client108, message: > hello from client108"
19,1773961613.314494,1773961615.287837,1.9733431339263916,success
"sender: client108, message: > hello from client108"
20,1773961621.2647948,1773961622.830817,1.5660221576690674,success
"sender: client108, message: > hello from client108"
21,1773961628.282153,1773961630.329976,2.047823190689087,success
"sender: client108, message: > hello from client108"
