round,send_time,recv_time,rtt,status
9,1773961538.137279,1773961540.1384141,2.0011351108551025,success
10,1773961546.1827881,1773961547.7621078,1.579319715499878,success
11,1773961553.739171,1773961555.2042382,1.4650671482086182,success
12,1773961560.853706,1773961562.715478,1.861772060394287,success
"sender: client483, message: > hello from client483"
13,1773961568.172299,1773961570.233769,2.0614700317382812,success
"sender: client483, message: > hello from client483"
14,1773961575.657922,1773961577.7855308,2.1276087760925293,success
"sender: client483, message: > hello from client483"
15,1773961583.406581,1773961585.3130739,1.9064929485321045,success
"sender: client483, message: > hello from client483"
16,1773961591.063825,1773961592.805116,1.7412910461425781,success
"sender: client483, message: > hello from client483"
17,1773961599.248278,1773961600.36764,1.1193621158599854,success
"sender: client483, message: > hello from client483"
18,1773961606.1771462,1773961607.8548439,1.6776976585388184,success
"sender: client483, message: > hello from client483"
19,1773961613.6229298,1773961615.447071,1.824141263961792,success
"sender: client483, message: > hello from client483"
20,1773961620.998064,1773961622.89635,1.8982858657836914,success
"sender: client483, message: > hello from client483"
21,1773961628.6302001,1773961630.395543,1.7653429508209229,success
