round,send_time,recv_time,rtt,status
1,1773967796.2647247,1773967798.2634134,1.9986886978149414,success
2,1773967803.4399624,1773967805.3662398,1.9262773990631104,success
3,1773967810.6354425,1773967812.52983,1.8943874835968018,success
4,1773967817.7706757,1773967819.7063992,1.9357235431671143,success
5,1773967825.1097834,1773967826.9501936,1.8404102325439453,success
6,1773967832.4274848,1773967834.2334797,1.805994987487793,success
7,1773967839.775071,1773967841.588059,1.812988042831421,success
8,1773967847.1103091,1773967848.8659477,1.755638599395752,success
9,1773967854.39037,1773967856.2618322,1.871462345123291,success
10,1773967861.6324015,1773967863.5625727,1.930171251296997,success
"sender: client47, message: > hello from client47"
11,1773967868.9362364,1773967870.9127486,1.9765121936798096,success
"sender: client47, message: > hello from client47"
12,1773967876.2207217,1773967878.2841864,2.063464641571045,success
"sender: client47, message: > hello from client47"
13,1773967883.629692,1773967885.6503124,2.020620346069336,success
"sender: client47, message: > hello from client47"
14,1773967890.8637764,1773967892.9797356,2.1159591674804688,success
15,1773967898.3010871,1773967900.3813655,2.0802783966064453,success
"sender: client47, message: > hello from client47"
16,1773967905.5599518,1773967907.6827574,2.122805595397949,success
"sender: client47, message: > hello from client47"
17,1773967913.0472965,1773967915.05598,2.008683443069458,success
"sender: client47, message: > hello from client47"
18,1773967920.422488,1773967922.444017,2.021528959274292,success
"sender: client47, message: > hello from client47"
19,1773967927.7593641,1773967929.7629724,2.003608226776123,success
"sender: client47, message: > hello from client47"
20,1773967935.0453033,1773967937.1100838,2.0647804737091064,success
"sender: client47, message: > hello from client47"
