round,send_time,recv_time,rtt,status
6,1773961515.67524,1773961517.542798,1.8675580024719238,success
7,1773961523.517994,1773961525.004108,1.4861140251159668,success
8,1773961531.061889,1773961532.6016068,1.5397179126739502,success
9,1773961538.70783,1773961540.123175,1.4153449535369873,success
10,1773961546.492241,1773961547.759138,1.266897201538086,success
11,1773961553.2702389,1773961555.1741068,1.9038679599761963,success
12,1773961560.933589,1773961562.6739168,1.7403278350830078,success
13,1773961568.314402,1773961570.186791,1.8723888397216797,success
14,1773961575.641776,1773961577.769355,2.1275789737701416,success
"sender: client262, message: > hello from client262"
15,1773961583.199361,1773961585.261557,2.0621960163116455,success
"sender: client262, message: > hello from client262"
16,1773961590.7928069,1773961592.770371,1.9775640964508057,success
"sender: client262, message: > hello from client262"
17,1773961599.2515469,1773961600.344585,1.0930380821228027,success
"sender: client262, message: > hello from client262"
18,1773961606.261277,1773961607.816044,1.55476713180542,success
"sender: client262, message: > hello from client262"
19,1773961613.6569228,1773961615.320553,1.6636302471160889,success
"sender: client262, message: > hello from client262"
20,1773961621.011667,1773961622.85641,1.844743013381958,success
"sender: client262, message: > hello from client262"
21,1773961628.642167,1773961630.352761,1.7105939388275146,success
"sender: client262, message: > hello from client262"
