round,send_time,recv_time,rtt,status
1,1773967796.2471418,1773967798.2627022,2.0155603885650635,success
2,1773967803.422692,1773967805.3685412,1.9458491802215576,success
3,1773967810.6014109,1773967812.5303602,1.9289493560791016,success
4,1773967817.934397,1773967819.7070987,1.7727017402648926,success
5,1773967825.1346645,1773967826.9494057,1.8147411346435547,success
6,1773967832.4735513,1773967834.2529624,1.7794110774993896,success
7,1773967839.9807956,1773967841.556539,1.5757434368133545,success
8,1773967847.1515315,1773967848.87337,1.7218384742736816,success
9,1773967854.458125,1773967856.2590303,1.8009052276611328,success
"sender: client21, message: > hello from client21"
10,1773967861.5035121,1773967863.5640378,2.06052565574646,success
11,1773967868.9659998,1773967870.919291,1.9532911777496338,success
"sender: client21, message: > hello from client21"
12,1773967876.256875,1773967878.3303103,2.0734353065490723,success
13,1773967883.6379123,1773967885.6480567,2.0101444721221924,success
14,1773967890.9809473,1773967892.9949176,2.013970375061035,success
15,1773967898.3099523,1773967900.3812706,2.0713183879852295,success
"sender: client21, message: > hello from client21"
16,1773967905.6575866,1773967907.6819766,2.0243899822235107,success
"sender: client21, message: > hello from client21"
17,1773967913.0357993,1773967915.056406,2.020606756210327,success
18,1773967920.4238784,1773967922.428683,2.0048046112060547,success
"sender: client21, message: > hello from client21"
19,1773967927.762926,1773967929.7479808,1.9850547313690186,success
"sender: client21, message: > hello from client21"
20,1773967935.0780659,1773967937.101154,2.023088216781616,success
"sender: client21, message: > hello from client21"
