round,send_time,recv_time,rtt,status
4,1773967817.9016984,1773967819.7140994,1.8124010562896729,success
5,1773967825.110566,1773967826.969332,1.8587660789489746,success
6,1773967832.3461988,1773967834.235726,1.8895273208618164,success
7,1773967839.9781098,1773967841.5800462,1.6019363403320312,success
8,1773967847.2117124,1773967848.897675,1.6859626770019531,success
9,1773967854.0910196,1773967856.2210348,2.1300151348114014,success
10,1773967861.5030546,1773967863.5650194,2.061964750289917,success
"sender: client243, message: > hello from client243"
11,1773967868.9350655,1773967870.9173002,1.9822347164154053,success
"sender: client243, message: > hello from client243"
12,1773967876.2542543,1773967878.3372736,2.083019256591797,success
13,1773967883.6649873,1773967885.6702914,2.0053040981292725,success
14,1773967890.9753175,1773967892.9839408,2.0086233615875244,success
15,1773967898.299526,1773967900.380072,2.0805461406707764,success
"sender: client243, message: > hello from client243"
16,1773967905.618132,1773967907.702074,2.08394193649292,success
17,1773967913.0586083,1773967915.086436,2.027827739715576,success
"sender: client243, message: > hello from client243"
18,1773967920.398536,1773967922.419757,2.0212209224700928,success
19,1773967927.6567166,1773967929.7873535,2.1306369304656982,success
20,1773967935.0728304,1773967937.1059146,2.0330841541290283,success
"sender: client243, message: > hello from client243"
