round,send_time,recv_time,rtt,status
5,1773961508.298856,1773961510.1602309,1.861374855041504,success
6,1773961515.886156,1773961517.535657,1.649500846862793,success
7,1773961523.550066,1773961524.9950778,1.445011854171753,success
8,1773961531.090976,1773961532.51595,1.424973964691162,success
9,1773961538.817417,1773961540.121902,1.3044850826263428,success
10,1773961546.165299,1773961547.805558,1.640259027481079,success
11,1773961553.913684,1773961555.164584,1.2509000301361084,success
12,1773961560.87041,1773961562.665659,1.7952489852905273,success
13,1773961568.5861492,1773961570.1826692,1.596519947052002,success
"sender: client231, message: > hello from client231"
14,1773961575.846795,1773961577.7293031,1.8825080394744873,success
15,1773961583.583221,1773961585.2586749,1.6754539012908936,success
"sender: client231, message: > hello from client231"
16,1773961590.80475,1773961592.763495,1.958745002746582,success
17,1773961599.139863,1773961600.342039,1.2021760940551758,success
"sender: client231, message: > hello from client231"
18,1773961605.6283379,1773961607.810462,2.182124137878418,success
"sender: client231, message: > hello from client231"
19,1773961613.482435,1773961615.315192,1.8327569961547852,success
20,1773961620.835541,1773961622.851472,2.0159308910369873,success
"sender: client231, message: > hello from client231"
21,1773961628.4919932,1773961630.350792,1.8587987422943115,success
