round,send_time,recv_time,rtt,status
3,1773961493.605716,1773961495.5710201,1.9653041362762451,success
4,1773961500.978675,1773961502.800302,1.821627140045166,success
5,1773961508.3862631,1773961510.1302552,1.7439920902252197,success
6,1773961515.9162529,1773961517.501107,1.5848541259765625,success
7,1773961523.516466,1773961524.965198,1.4487321376800537,success
8,1773961531.231519,1773961532.4815612,1.250042200088501,success
9,1773961538.534417,1773961540.103948,1.5695312023162842,success
10,1773961546.008267,1773961547.806862,1.7985951900482178,success
11,1773961553.218966,1773961555.1523619,1.9333958625793457,success
12,1773961560.760684,1773961562.64342,1.8827359676361084,success
"sender: client93, message: > hello from client93"
13,1773961568.2576709,1773961570.151,1.89332914352417,success
14,1773961575.6969862,1773961577.710351,2.013364791870117,success
"sender: client93, message: > hello from client93"
15,1773961583.539605,1773961585.228919,1.6893141269683838,success
"sender: client93, message: > hello from client93"
16,1773961591.329738,1773961592.739084,1.409346103668213,success
"sender: client93, message: > hello from client93"
17,1773961599.079815,1773961600.265594,1.185779094696045,success
"sender: client93, message: > hello from client93"
18,1773961605.66331,1773961607.792293,2.1289830207824707,success
"sender: client93, message: > hello from client93"
19,1773961613.533752,1773961615.2886589,1.7549068927764893,success
"sender: client93, message: > hello from client93"
20,1773961620.857492,1773961622.8241322,1.9666402339935303,success
21,1773961628.58085,1773961630.3293262,1.748476266860962,success
"sender: client93, message: > hello from client93"
