round,send_time,recv_time,rtt,status
8,1773961531.048933,1773961532.608386,1.559453010559082,success
9,1773961538.925802,1773961540.138124,1.2123219966888428,success
10,1773961546.371616,1773961547.7550368,1.3834209442138672,success
11,1773961553.141261,1773961555.188975,2.0477139949798584,success
12,1773961560.809062,1773961562.700897,1.8918349742889404,success
"sender: client404, message: > hello from client404"
13,1773961568.631732,1773961570.209766,1.5780339241027832,success
"sender: client404, message: > hello from client404"
14,1773961575.855669,1773961577.764095,1.90842604637146,success
"sender: client404, message: > hello from client404"
15,1773961583.368171,1773961585.2913878,1.9232168197631836,success
"sender: client404, message: > hello from client404"
16,1773961590.985313,1773961592.790466,1.8051531314849854,success
"sender: client404, message: > hello from client404"
17,1773961599.019687,1773961600.335814,1.316127061843872,success
"sender: client404, message: > hello from client404"
18,1773961606.365067,1773961607.84169,1.4766230583190918,success
"sender: client404, message: > hello from client404"
19,1773961613.296684,1773961615.354302,2.0576179027557373,success
"sender: client404, message: > hello from client404"
20,1773961620.906528,1773961622.883363,1.976835012435913,success
"sender: client404, message: > hello from client404"
21,1773961628.421628,1773961630.379145,1.9575169086456299,success
"sender: client404, message: > hello from client404"
