round,send_time,recv_time,rtt,status
13,1773956281.337936,1773956283.4170268,2.0790908336639404,success
