round,send_time,recv_time,rtt,status
13,1773956281.3411267,1773956283.4171858,2.076059103012085,success
