round,send_time,recv_time,rtt,status
13,1773956281.3425114,1773956283.4172966,2.0747852325439453,success
